duration,protocol_type,service,flag,src_bytes,dst_bytes,land,wrong_fragment,urgent,count,class
-0.6775418161931045,udp,ftp,S0,-1.8779496091969374,0.9087415365176486,3.772491044776713,-0.41175707765419833,1.3585492235085734,2.105649107532578,Normal
-0.3946123503718099,tcp,dns,RSTO,-0.8063868127499771,0.6277865021557241,-1.1413472584679112,0.6156850862986678,-0.04833112203196477,2.128547128112104,Normal
0.30143601170937123,tcp,http,RSTO,2.199866645518788,-2.7747272758299655,-0.003352845734636345,-0.5273137993776786,-3.3271637945024577,0.09110217223257044,Normal
3.289068985582229,udp,dns,RSTO,4.523048876014329,0.14942815323974135,3.035895226152307,-2.6790530996031103,-1.5124797541773618,-1.7344846944683052,Normal
0.5181258144695903,icmp,http,RSTO,0.04004949989272244,0.1065290237141312,0.08002154504555414,-1.0000210393904085,-0.7154553141550942,0.9380448986131176,Normal
0.290228284500969,udp,dns,S0,-0.49746549795710693,0.42758657762344354,-0.3068159924574654,-0.8325431495842787,-0.860355617114501,0.9592309182369441,Normal
1.3899424011941104,tcp,dns,RSTR,1.7827099099703534,-1.245448777425657,1.2118964200650386,0.538888265860537,-1.4836766923639506,1.5238709540573054,Normal
3.3933580932212095,icmp,ssh,S0,4.003373410597203,0.4858706890257186,3.3191201393298977,-2.423045465026086,-0.826174106161435,-0.6082680213247416,Normal
2.6522341688841484,udp,dns,S0,2.6845337965978633,1.260280893055906,1.6790673379601995,-1.0003084921180083,-0.28276865136610785,-0.9846611691278127,Normal
0.6256960456113156,tcp,ftp,REJ,0.7167626738413038,-1.2295756875460655,0.13961891450476394,2.150103085506174,-0.4016468314607854,0.2633098354016856,Normal
0.12167242012022549,udp,ssh,RSTO,2.1235626727673576,-1.0316950482225848,1.7385818263837987,1.5454878357581228,0.7026923692227101,1.6900758412895267,Normal
-0.3433127891906907,icmp,smtp,RSTO,1.4812667490564353,-1.6423131706470415,-0.7161692969089495,1.4374140530965636,-1.495575589286637,0.35614771606047446,Normal
0.3446220172616652,icmp,ssh,RSTR,1.11566088719478,-0.8990271871223143,0.8688619504106975,-3.387434598042599,-3.7647691739705476,-2.1762956117101147,Normal
-2.065220760483644,icmp,smtp,SF,-2.6431222816965576,0.1817259801895521,-2.501393673986888,1.4694218877897853,-0.5820906466343048,-0.5510567705431788,Normal
-0.5084676237444253,icmp,dns,REJ,-0.3078312073788396,-0.5766121028854299,-0.7732972572588641,-0.9798678670396979,-1.4120034707220306,-0.3757008083002147,Normal
2.0764235338036823,icmp,dns,RSTO,2.0434931934609946,-0.09997884140063418,1.1028938298475055,-0.5422045910534332,0.713907417720931,-0.7020910909019276,Normal
1.0059699405184228,icmp,http,S0,0.15331969175523974,-0.04119559027423958,1.5285102076024293,3.1113704142438205,-2.4038766793135546,1.4542927412439806,Normal
-2.220281931484905,tcp,smtp,RSTR,1.4212294385581856,-0.37855652096876824,1.0978582850585068,2.785899388706917,1.408288308343229,3.379925397163788,Attack
4.05941763244169,tcp,http,SF,4.233353388780147,0.5867680021105383,3.0633193411701,-2.805799239069464,-0.9472002651610354,-1.922042882837064,Normal
-0.028211898989032137,udp,ftp,RSTO,-1.7987661891681959,-0.06841996865594546,-1.1059501185804832,-1.2387692947130622,-1.0781954620529746,-0.04871225056321715,Normal
-0.15626244745713905,icmp,smtp,S0,0.4342302173061464,-0.566762172425415,0.16878879213251052,0.40861445167992205,-2.578904899954047,0.8936960184723607,Normal
3.492261646404678,tcp,ftp,REJ,1.2757575020052945,0.09524639757768072,0.6392407102538789,1.441775257120975,-0.9858986455037851,0.4481363587883417,Normal
2.7498019478699893,udp,ssh,S0,0.04320959096099852,2.4548839416191823,1.2043883082709304,0.735717243154542,1.3819142888108997,-2.9010170070321966,Normal
1.4086848775455554,udp,ftp,S0,0.42365349482387615,1.9844456282756715,1.1761938335908992,-1.5261953753259534,-2.533000867879238,-2.4892036722338133,Normal
-1.0966674683714115,tcp,http,RSTR,0.3838782949397369,-2.500545317157455,-0.8429719401257523,-2.5696619425037173,-2.3018073481905916,0.7539151716086949,Normal
1.6941071688904907,icmp,http,REJ,-0.4361762384696757,2.563797167994878,1.0260689710856257,0.4197864986231983,-0.04346817327692487,-1.2499946225517895,Normal
-4.067263532558985,icmp,ssh,RSTO,-0.7127079794305549,0.07130640149654366,1.7326821199283002,-0.8006815877739908,0.40455285791559126,2.9639287729849,Normal
-0.5743656192770147,tcp,ftp,S0,-0.6768271709890616,0.5360656530352796,-1.3955009402944154,-0.3334594250772426,-1.4786585084297423,-0.10657642636612197,Normal
-0.3334232308477917,tcp,dns,REJ,0.8819282232966017,-0.8093212350200496,0.6898298724328962,1.2457872805549233,1.4320910860079348,1.8150560906018516,Normal
2.327992718982562,icmp,http,RSTR,2.689796709349375,0.0734135443533439,3.8060697923586484,-0.7653497114464538,-3.098294969556458,0.21181381130257837,Attack
-1.9052684378125724,udp,smtp,S0,-0.4125254960524092,-3.507998045627362,-1.7431363229674837,-2.5095163456450136,-2.3627446318885443,-1.4132840273171392,Normal
0.44772710064910853,tcp,dns,RSTR,2.5692985056049977,1.6627750195863016,-0.9609840561993874,1.1014101518075963,-0.9532162844830533,1.931648585095084,Attack
-0.7164939268329489,udp,http,RSTR,2.3885680513764034,-3.36667013109493,-1.2735823046111934,-0.18325526745706666,-2.903816479243644,0.2120045372608398,Normal
2.4234778186037014,icmp,smtp,SF,1.7503710244867348,-1.1826089464672713,2.7836226394449204,1.9604587115398346,1.5118044672146587,1.078888043429887,Normal
2.724965747976842,udp,dns,RSTO,2.28299820819561,-1.3246382966709804,3.007427061564949,2.5158066726640933,0.4212956314856491,0.7512663034333673,Normal
1.7549847912937688,tcp,dns,RSTO,1.2470711468187365,-0.5499748164693843,-0.3957262779323538,-1.8777116250086436,-0.5540463965028031,-2.486952657355986,Normal
0.37805536461032085,icmp,dns,RSTO,0.6791210869590523,0.690436659630705,1.8201525541570076,1.9622628466552887,-0.1259821449519788,0.6139807860532309,Normal
1.0540182426482667,tcp,dns,RSTO,0.01854206380564183,0.9305844807422182,-1.0888506850489916,1.3528860129048912,1.9438970300617004,0.6964552823888417,Normal
0.34545115309210317,tcp,dns,REJ,-0.3089852040358372,0.827926206749789,2.2109126555702048,1.002677187256579,0.8899341929740812,1.038483590674339,Normal
1.3345010420014987,tcp,dns,REJ,0.6843953494290675,1.7709967208586068,1.4670283566549045,-0.693692619569706,-1.6388334531112139,-2.4341870467356252,Normal
2.905009551318838,icmp,ftp,RSTR,2.884140291132137,0.6314710260016165,1.9823368561284354,-2.54754337212437,-1.4941388625549252,-1.4457903713313964,Normal
1.7558308885412692,icmp,ssh,REJ,2.0242962123401154,-1.4827176772891466,1.2220010299224553,1.8417636154879609,0.5606893156899335,0.6702941457443603,Normal
1.368641400379024,udp,smtp,SF,2.418205765515596,-2.4069776065216155,-0.1912016049134555,-0.3366437987277482,0.686696363727697,0.8913893380042878,Normal
-2.5344887986758406,tcp,http,SF,1.481272998817463,-2.3433149111795712,-1.1717921465589751,-0.9496215068812923,0.15576540739182088,2.4273383800139827,Normal
3.2446681831383244,icmp,smtp,REJ,3.525450739186957,1.6452004682294201,3.3829016665234737,-3.1179461202759575,-3.0561992537886087,-2.164422424286746,Normal
-1.6217182547730713,udp,dns,REJ,1.0147637338507733,-1.3409432328313196,-0.2666951485884195,-1.2959240882134169,-1.0228338987353673,1.2766547109343918,Normal
1.467990808841318,udp,http,RSTO,1.210565444424231,-1.2622116879335872,2.6015946052639105,0.5960517621778381,2.6935283438343762,2.872720432724593,Normal
-1.9569793782954557,tcp,ssh,S0,1.1451700333012302,-1.2970246308290192,-0.06931573632358279,-0.21186562129473896,-0.3006738906514672,0.19563951220110243,Normal
5.319860953659226,tcp,http,RSTR,4.115635862831713,3.8705408485894353,4.484476607927412,-0.7284769152197342,0.16380585757828747,-1.4254840406034561,Normal
3.6855833435849226,icmp,smtp,RSTR,1.3248415097016804,2.354450348844289,1.514398033871465,1.0249000834190531,3.0996870732322233,0.8412948440803611,Normal
3.762966414153229,icmp,http,RSTO,3.5580834500624983,1.5113125790235613,3.6390673571258425,-2.0934734731556315,-1.3263024082468151,-3.4475020526603215,Normal
0.8408313377716209,tcp,dns,SF,0.4087909658116923,1.8608160134030243,0.6176375483231684,-0.24085301596561537,-1.574430858985456,-1.3908417002327464,Normal
1.1452894955005928,udp,http,REJ,0.49957488557655727,3.000242331651626,1.5785720867558155,-0.009391899634867307,-2.1051648261255096,-1.4797146391986364,Normal
2.789500887414739,icmp,dns,RSTR,1.7281639154780084,-1.6017279740366361,2.2707853533262474,1.2132671369594066,-0.47577568525407976,-0.08564034684096766,Normal
0.5400788976737896,icmp,smtp,REJ,4.042818585138981,-3.2006302860182503,1.2141125389061191,0.1400887499412845,-1.2257036028396953,1.6297543185490508,Normal
0.3664434488735323,tcp,http,S0,1.7866933548415167,0.7533239067590269,-0.05763692335199888,-0.12640957395398456,-2.9862373606680297,2.6402288150764646,Attack
2.434396437539598,udp,ftp,RSTO,2.6917104447907367,-0.4636618573587932,1.692537812118879,-1.6813114696515434,-0.34534510803359464,-1.0278367910420916,Normal
1.6065726782745393,udp,ssh,REJ,1.348267392498147,-0.5676432847017112,1.6952918592446173,2.326435864257805,-0.5268804136030655,0.45804245267262056,Normal
2.4917821778249607,tcp,smtp,RSTR,1.652714289559095,1.4658816023076073,0.38101626529988386,0.39264710397601665,1.1355411600610577,-0.48520036969676283,Normal
0.20475216164433402,udp,smtp,S0,0.6092746915712379,3.985575792380981,1.627822335342772,-1.1994129780258702,-3.637997938436135,0.6100962609065158,Attack
-0.7155440581781622,tcp,http,S0,1.5686132880924706,-3.130788986091316,0.4660999402880167,-1.0743384397291584,-2.044522221563785,0.09295690175930904,Normal
-1.9226116274877425,icmp,smtp,REJ,1.0680567253189819,-1.5454715658783902,-0.3735351949429486,0.2705501614060477,2.171624470259423,0.16917686721507674,Normal
-1.6795879118575132,tcp,smtp,SF,0.8093417681486894,-0.994320510883502,-0.34611593277893915,-0.3074141514404718,-2.523324989392174,2.7183218273324457,Normal
1.8277787065805022,icmp,http,REJ,2.925207346945001,-2.748874072059376,-1.6069102590828703,0.9158599277245936,-2.4476007492457326,0.31425719450809686,Normal
3.0770472055139058,icmp,ssh,S0,2.2406740591636707,0.8140328967609534,2.283931473662128,-0.7075814865480778,0.7164645410841255,-2.6597426130585795,Normal
-1.398374620714942,icmp,dns,RSTR,-0.8138872326647186,0.6453874847223849,-0.870943119439386,-0.05794439312708488,-2.456506813997704,0.8547638486153648,Normal
0.8331646676305506,tcp,smtp,REJ,-1.1343421185606104,-0.7393505994963745,0.5636142948036886,0.8414278891879063,-0.3007092570098916,3.4459133582698755,Attack
1.409517361521033,icmp,http,REJ,-0.5625757265799183,1.1156716382520595,3.0846968030617865,3.8751301887055414,-2.2637544032681918,-0.06149448786995326,Normal
2.33164514295135,icmp,dns,S0,0.18064832735587488,0.8227557778564171,0.9157987924924446,-1.3124265442596732,0.3137593366745062,0.090054317479356,Normal
-1.910921788337387,icmp,smtp,SF,0.1620870261212275,-1.2454498060494974,-0.4001407609558114,-1.3200531498487522,-3.0141068408873015,0.5174487501405691,Normal
1.481131983347467,udp,ssh,REJ,1.6565532158465501,-0.2382225198827712,0.6319341260852285,-1.4438004083077973,-1.0924850000020292,-3.112922449860368,Normal
2.7590235577528577,tcp,smtp,RSTO,2.5708612780638544,1.8988827002540118,2.457898655212322,-1.418209363082292,-1.9869937051804156,-3.5994764571607614,Normal
-2.3900999756568204,icmp,ssh,RSTR,1.120920335589841,-1.1268825490668157,-0.43427770639101193,-0.15479448795841155,-2.144712335392287,0.5183801015854841,Normal
1.9671210732652067,icmp,http,S0,1.333812632465777,1.0217418063120192,0.32323619439366813,-0.1788570664671173,0.24572154823926673,-2.2659322242269906,Normal
-1.190130196554802,udp,ssh,S0,-0.6905406172122996,-1.5464485254573503,-0.16357052471541667,-0.5583910111311254,-1.701910696373326,-0.34188687704738174,Attack
-1.0483771933347545,icmp,http,S0,-4.234340104976223,2.4322714986232183,0.6121601719882044,-2.2687618781480676,-1.0150615607056697,2.8262129206289455,Attack
-0.6570632614238346,icmp,http,RSTO,-2.4249855543014496,0.6126382054608199,0.7992930582559178,-1.270252597725261,-1.1889427481790433,1.5601790505884074,Attack
2.4161328292056177,udp,ftp,RSTR,1.2783813082016318,0.4867358508463908,1.3830996258495007,1.7560328392506661,-1.1071138386568777,0.128390746672009,Normal
-1.7246790735115707,udp,http,REJ,-0.6116519077073488,0.27170248595138635,-0.062364096606802644,0.8127280730244353,-2.1292370985179225,-1.6027203455822936,Normal
2.5064259909038324,udp,dns,RSTO,1.2170034040911877,3.731713845364817,3.351234873493699,-0.45736695156738627,-2.0902943451594336,-3.2432534006763816,Normal
-1.1710627281017263,udp,http,S0,1.9880539546412725,-2.320773417055379,-1.9552976158403306,-1.1388673029316299,-2.1529684255665114,0.8981573791784789,Normal
0.700621845419148,udp,ssh,SF,1.6336072673997535,-1.3828165300983917,2.810595436053717,1.9478912874165797,1.8547631014248194,0.922755174324347,Normal
-1.6517915435159702,udp,http,RSTR,-0.03379010508022451,2.076852775779183,-3.311980533569166,-0.01910655309723852,1.8671593371067754,1.2307017853078592,Attack
-0.6021984304914858,udp,dns,SF,-0.46071252690248565,-0.1165131311205001,-0.4134953721934784,-2.1910740704211644,-3.0088215068774966,-0.8678017355408788,Normal
0.43524424783003723,udp,dns,S0,-0.5240040356128528,1.2824795210380873,0.5255367307577525,-1.3624563606089848,-2.3782250148963953,-0.47867024706632255,Normal
0.24426603824526189,icmp,smtp,RSTR,0.20579995195609158,-0.6019437141279222,1.6255820366607745,0.39169367820838785,2.0007350040618217,1.6836585403190165,Normal
-0.08210177407136995,udp,ssh,RSTO,-0.9342516787231754,0.03976714566405459,-0.11967642758879715,-1.4110654073841218,-1.9352123238996546,-1.0627964238066765,Normal
-1.4607357051420986,icmp,http,S0,2.5712578287014485,-2.2022403280228,-0.6322564406676792,0.7670919630177544,-2.1110548861030423,0.29103166709445416,Normal
-0.9736757216915299,udp,dns,RSTR,-0.2806218609943725,-1.8833563996672518,-1.1980867273276141,-1.5001992395171395,-1.3204791372744573,0.16087517120788064,Normal
2.3135012800883676,icmp,smtp,SF,0.41900098200684655,2.2306182404118093,1.3826812538431095,-0.6085543653047729,-0.7376526312066669,-2.9426592904152455,Normal
2.4091015482890694,icmp,ftp,REJ,1.400865193438216,2.4051594770002502,1.6409625279551592,-0.0021048546511943655,-0.4039181589228924,-3.5095513396025475,Normal
3.9653649111700853,icmp,ssh,S0,1.229472221624293,0.06629609947121895,3.7063347206156947,2.2356696559602653,-0.7175740487031428,2.2342039011702095,Normal
1.9606427096951,udp,http,REJ,3.297588996782182,-1.9718841937088007,3.2548071531164258,2.5919940701729454,1.778813855615415,1.653053766253929,Normal
0.6859518202707092,tcp,smtp,REJ,-0.4221815042282244,1.4806694760947718,-0.5712252901060642,1.192657609834757,0.816423713306361,0.2276167725120537,Normal
-2.4162809271920396,tcp,ftp,S0,1.4393101043022876,-0.618447085858966,1.2520556569740688,0.5782051206982264,1.7790955995500521,1.665228748077431,Normal
-1.6152297962145936,udp,smtp,RSTO,-0.12062389383013117,-0.24095889180370633,0.23727738218938899,0.8049296124326413,-1.8427333394133525,0.776137274581305,Normal
-3.1509156070075814,tcp,smtp,SF,0.8177440050703106,-0.9588167325961088,-1.9880454444876805,0.48060160585622724,-1.507602882432753,-0.3536211943979579,Normal
0.5641575550979357,tcp,smtp,SF,2.146737538377094,-2.2865067497958202,0.8336826951761644,0.4423942931962842,-2.2584513014348055,2.355239816662822,Normal
-0.1343065744156588,icmp,dns,RSTR,0.4886553577285613,0.8702527059042622,1.7327415591657567,1.8495638617195533,-2.6426668489186826,2.044840426704503,Normal
-3.2421657147016645,icmp,ftp,RSTO,2.1991854199635203,-3.1627095104728222,-1.6255375066083686,-1.2140079519523432,0.5918689595554547,1.2168386078474358,Normal
1.2506207939270282,udp,dns,REJ,1.081469311931938,-0.1572915941713856,2.590939723513401,1.5483316793835145,0.29351254127524085,2.0797571821950815,Normal
1.47744049284668,icmp,ssh,S0,2.480729958762243,-1.2553207823269021,1.525446429471354,2.067254623715474,1.0853797753383323,0.9861032380540609,Normal
0.2979837601354347,tcp,http,RSTR,3.0284907388976,-3.3420524582899196,-1.155658305640991,-0.22542525796721957,-0.9055984771989256,1.6377870035169337,Normal
-0.33214809633740133,icmp,ssh,SF,-1.3050995741476654,-3.013224062433883,1.857974435321607,-0.5854338625110136,0.6289454098988321,-0.018469523841307955,Attack
-3.5366064294486055,tcp,http,RSTO,0.5369364132755164,2.1749221328405377,-1.7820753219551282,0.4360759545345756,1.3863305471723368,5.877058320774459,Attack
0.5841540226447441,tcp,http,SF,0.6308674586156137,-0.4140970363243033,-0.0406403110951401,-1.7232241365959813,-1.4291107090695196,0.5156371041528056,Normal
0.229719357854509,icmp,http,REJ,-0.42875766228524825,1.3504495502858425,0.5500574138737893,-0.35945461263340683,-1.4257693538808875,-0.0376895973020831,Normal
1.1018156217746529,udp,http,SF,1.2210886927317601,-1.0638477464920992,-1.763620086238403,0.6617456398037236,2.64896107203336,0.6612329397919132,Normal
0.9500666823045948,tcp,ftp,RSTR,1.7595464058493882,-3.248038339790221,1.8912203212860539,0.1816784472502141,1.1586276859931286,-0.4838994868350408,Normal
-0.4154764307343837,udp,http,RSTR,1.099178702377328,-0.8731255647235701,-0.2683582429684821,-1.8602899394088865,-2.663725701919249,-1.5062035253914887,Normal
3.7140759700931456,tcp,ssh,S0,2.119921070487344,3.4636004391771733,2.094923482139214,0.020974728213265736,0.5050045218494612,1.023804220082165,Normal
-5.7561297472837625,tcp,ssh,RSTO,-1.7349024190079727,-1.6940400449819855,-0.38986675919479485,-4.034394953255467,-1.9939768417999137,2.370646848402231,Normal
2.9701948094685595,icmp,dns,SF,-1.2074707583213922,1.3669455521737395,4.048639207368675,2.5562773316194027,0.7910529309000776,1.1159232383752804,Normal
0.5160875461176119,icmp,http,RSTR,0.8576118195274545,-0.1731522881750438,-0.3416111504666526,-0.9293482239519021,-0.8549710815257426,-1.0556448741279922,Normal
4.887444038925549,tcp,dns,SF,2.4620650644287885,3.105240716147289,3.1301087613175147,-0.5618352695776963,0.95796821756221,-3.0583942313501797,Normal
1.81274817573802,icmp,ssh,RSTR,1.8091219949836748,0.5137416469214042,0.8628686046931001,-0.708460248939371,0.23714198285411103,0.26034477202509265,Normal
-2.790007804002294,icmp,dns,RSTR,0.049794977582968025,-1.1502689290021493,-1.7383996414737402,-1.1560879963204487,-2.7088813976835953,0.6903719863901027,Normal
5.3484611477285915,tcp,dns,RSTO,3.2737867113166836,3.634242636644466,4.680728768898733,-0.621904203657401,0.5953061632706762,-1.6920081172913162,Normal
0.5851278389908106,udp,smtp,RSTR,1.389605764038961,-0.211269013202241,0.16517095085197375,0.9087630534801943,-0.8911501645500742,-0.8075789237666562,Attack
0.24260096288594185,icmp,dns,RSTR,-1.3697407462319227,-1.6998780351274976,1.4415822131428184,-1.5278894934294276,-3.026234095585585,-0.6686565276888392,Attack
1.6610848778779108,icmp,smtp,SF,-0.42260657562398585,0.5316349827206668,1.713031862066175,2.8821482947594097,-0.7818968092537494,-0.3390354481874098,Normal
-0.6713351803961404,icmp,http,S0,1.98424092890201,-1.0566210554280886,-0.38594899339617417,0.2293501842936596,-0.4468812822591056,2.1884761241558977,Normal
-3.8281033227547407,tcp,smtp,SF,-2.3906245079246315,-0.6671370361626838,-1.8972691995117152,-3.0856558650907946,-7.201778254943371,-1.9831188372914288,Normal
-0.3122905212913007,icmp,ssh,S0,2.29179617916807,-1.4385867033100614,0.5535237855980947,0.06016556579844412,-2.5422066220903705,0.6869786978548049,Attack
-0.9063305539009702,tcp,ssh,RSTR,0.5579441710319397,-0.37620461887632295,-0.06456873217822379,0.46604901589681114,-3.089239591724777,0.47543450001019105,Normal
2.040853747085167,tcp,ssh,REJ,0.4411470911772374,3.4532287522033593,1.9120862222799404,0.8426579473894298,0.23679115661434835,1.5981721096853305,Normal
-0.1385103077239539,tcp,http,S0,1.1471982312147266,-1.2575716292652337,-1.2134146062754012,1.809793012428619,-3.4271745912162546,-0.04820317442896327,Normal
2.122923892066589,udp,ssh,S0,0.913939762955642,0.3028318046621993,0.47868381235000734,-0.5456161461335083,1.0869429625335272,0.7669510063344205,Normal
1.5357404108421786,icmp,dns,REJ,2.755212871083973,-0.8706605776679384,1.7292030088514516,-2.8558774983633235,-2.4407247192362167,-3.0044758787379386,Normal
-0.950819824362154,udp,ssh,RSTR,2.9266131096666292,-5.016871608779474,-2.294181574025603,-3.0966959358574035,-1.3247773260051299,0.273861289189801,Normal
-0.8842207844454314,tcp,http,S0,-2.029840049936499,1.8365906220496377,2.4586724764410883,1.285552749206644,1.4079578678359979,1.8319882552530613,Normal
0.6032200792465917,udp,smtp,RSTO,-1.0606100883463903,2.818183414032318,-0.1569746056711807,1.5226067466501472,0.21242049786842054,0.26407435102556964,Normal
-2.28493831241372,udp,ssh,RSTR,-0.7256854005642912,-1.355613293523349,0.06856502254742858,-0.8431085589901919,-3.906977487705659,2.3304259962232123,Normal
2.0554092189351514,udp,ssh,RSTR,1.3845382695890085,0.22646275113528813,1.1403344113079794,-1.8199680382694576,-0.6307601347517948,-0.7170480628434694,Normal
0.9584636342073484,udp,ftp,SF,0.3033807253092248,0.5029167396897964,0.3314004721894491,-0.889924438405962,-0.8067768846979066,-1.0225856289339432,Normal
1.5245487717775905,icmp,ssh,SF,0.9239954692924952,1.0868660288092629,0.48220653995980556,-0.5138986211336839,-0.30763628550177324,-0.9789337988597961,Normal
-0.5484040914161837,icmp,ftp,RSTR,1.814979617546995,-1.1282956676569498,-2.0834057099185728,0.919609005780951,-3.0283792558785105,0.22242249184138974,Normal
3.7715454680775085,tcp,dns,S0,2.4480517729417706,2.236349993032964,3.109139179482511,-1.6982608398318462,-1.0045660467557254,-2.1886782006956853,Normal
1.3155273625942598,udp,ssh,RSTR,0.09891648464666358,2.5327961674238626,1.784069594589282,-0.20449355181593132,-0.8294356434389538,2.2374965784029843,Normal
0.7082761807322162,tcp,ssh,REJ,2.3081346657395905,0.43967841448462275,1.1335389959633093,-2.681726783871215,-4.093122176860943,-2.8370444047903525,Normal
-0.4475220616254726,icmp,http,SF,-1.5675973336224742,1.0711131673794334,3.8199771379846346,1.4866257405243655,1.5015466297400368,0.49142598771634605,Normal
2.391256922266577,udp,ftp,RSTR,1.7104126160972644,1.7105748604735918,1.9861190338247754,-0.45331618687899966,-0.41999740088982407,-2.406790519724898,Normal
1.7410876699735263,icmp,dns,RSTR,3.1678215246258254,-1.3004789048311245,2.3036796381485907,2.8108417043557443,0.6687710800752253,0.7849873383486573,Normal
1.5784898487460108,icmp,dns,SF,0.7749951777486894,1.5265382224041546,2.4870263159389907,-3.042301280465264,-3.636384798276121,-0.9217078677091912,Normal
-0.14613415683898015,udp,dns,SF,0.7650407289834127,-1.8404642404921931,-0.16733087973968863,1.174624123740178,-2.926269363649313,-0.6400793413328794,Normal
-0.017375041486393527,udp,ssh,SF,0.5016483738381187,1.5680745283347606,1.5587331962822997,-2.6241083055376277,-5.299406484351236,-4.406453923097468,Normal
1.6657011609644226,icmp,smtp,S0,2.385047429531399,-2.137832986341755,-1.1355261262368423,0.40199313064909714,0.2866770923357307,-0.7450364226620554,Normal
2.5345217104574376,icmp,http,RSTO,1.0999072403527648,-1.5030901010219875,1.9428308111289043,2.061809943775951,1.182076591069905,1.1415231370084857,Normal
-0.07516639731499015,udp,http,RSTR,2.326489473315859,0.0007844937030244692,4.931569579730134,-3.362854220962856,-2.411388972784203,3.1878010556978973,Attack
2.5928188369142045,tcp,http,SF,0.7744079980470115,-0.532231284822248,4.521873892422221,-0.648380757116459,-1.0814902092491254,0.7172589619536904,Attack
-0.8293306112811965,icmp,dns,RSTO,-1.8207113751697062,0.6525034097187572,0.8187600553743029,1.337852408043533,-3.852370466694501,-0.20385045868505958,Normal
-2.7932002617315788,tcp,smtp,REJ,0.6318548743198003,-0.5199009198618771,-0.4521818261267623,0.38675749685412275,0.27684196922737114,1.008939795539987,Normal
3.3026082740205673,tcp,http,RSTO,2.410123095377954,-1.2250813725778087,2.9002429577315425,3.6358349773202145,-0.6224744033487581,-0.8257789060032503,Normal
2.8950295384009075,udp,dns,SF,1.0728175919856933,2.864492153979418,0.24659022430785738,0.7316184836499775,1.0423241773761784,-0.7860441449520913,Normal
-0.6154773336390441,icmp,dns,S0,-3.0973390407373502,0.9065745924968298,-1.9563151614532237,1.2858706163821596,1.1238902839181666,1.3852548930520303,Normal
0.5024387815689707,tcp,smtp,RSTO,-0.006242793137050562,0.9016487060696593,1.263715323047822,-1.0122019415940602,-2.0244981128172466,-2.7059698149450333,Normal
-0.1197881045686945,tcp,smtp,REJ,-1.3001414124573945,2.440094302259561,0.6604644164204674,-1.1935433647023839,-3.5041431149202302,-0.36122515948786593,Normal
2.217368544855188,udp,dns,RSTR,0.42951618626505783,0.8665343895014744,1.5783591685290066,-1.6910618362536578,-0.6553570666068342,-0.4145994070929787,Normal
0.6094250916414696,icmp,ssh,REJ,1.0326468318104007,1.4388022434751049,1.227788611599497,-1.208853875868583,-3.021063742080032,-1.5928662007178815,Normal
1.098531705355029,udp,ssh,RSTO,3.7222821763862504,-3.765791011076904,0.7993435081441954,-0.18601781495450753,-1.01140241650162,1.6656272266426566,Normal
1.1221641388273962,tcp,dns,S0,0.5449815184383842,0.9612083595704469,1.1008794742848407,-1.6670212076199462,-2.1559974128454114,-0.6764377405628343,Normal
2.274923143888674,tcp,ftp,S0,2.183600207558931,0.2651763995505746,1.3908746604238793,-3.162789876128402,-2.3275128863708017,-0.6711886445514172,Normal
3.0024257114082964,udp,ftp,REJ,3.463618945158561,-2.245811309587172,1.3572682643217786,1.0094661980367634,-1.3958268218401433,1.479311436521478,Normal
3.126176794870561,udp,http,RSTO,2.6343634347120553,-2.524621393008556,1.7682475941593827,1.3818383693123644,-1.2270748414395651,1.08246072062158,Normal
-0.3043541690621257,udp,http,RSTO,2.1579768878771506,-2.0347975371125435,-2.435431932732099,0.661698774315811,-3.802131612527723,0.7104863836247108,Normal
0.8991770720928504,udp,ftp,RSTR,2.4371997667910854,-0.7383317271661565,0.889430173485199,-2.929446873562993,-3.170656947876207,-2.0947790382490505,Normal
0.5681116207318716,udp,ftp,RSTR,-0.3860753450578053,-1.0536786331684245,3.497670337038698,-1.9232844958919242,-0.6319563201234737,-0.12142467991590755,Attack
1.9546272603550876,icmp,dns,RSTO,1.6917605977600039,2.048297507823645,2.6168480394486666,-2.2947731141337333,-3.3148253441356847,-2.149488643968573,Normal
1.5154229283819847,icmp,http,SF,2.307341334533942,1.7800000631315371,1.5744620676240961,-2.838495036870529,-4.324972510098606,2.4385618704240355,Attack
1.9162981460745647,tcp,smtp,RSTR,1.722206439062007,-1.6414626662378689,1.1245541753657087,0.48584205901745847,0.08616826356039309,0.1673407622742994,Normal
1.680011116513488,icmp,http,RSTO,2.546265446725607,-2.903247130101308,2.1841015786755205,1.2228227823983862,0.4920644246091823,1.338743072227603,Normal
-1.3858148788127493,tcp,http,RSTO,-0.3177865019434847,0.20404110653889895,-0.4563672071633762,-0.344738907239452,-3.0587690350550814,0.736949609904411,Normal
1.8729564332896518,icmp,smtp,RSTO,0.806798846586841,3.1832242304239604,1.2226969946394248,1.7227731682646654,0.6766452050169987,-1.6417052617662549,Normal
-0.9063983240453354,udp,dns,S0,-1.674752233015623,-0.7342649347190302,3.7057535194496274,-1.5379140750256926,-0.8049483562509289,-2.130762900055491,Attack
-0.2738973757405152,tcp,http,S0,2.412233011455129,-1.6338507025035756,0.9114763434606253,-4.402996855727316,-5.019013449309296,2.475039796717237,Normal
1.8887866870498489,tcp,dns,REJ,0.9679692937569618,-0.5608424595579588,-0.23732619804350397,2.036854618849138,-2.2513673342215967,-1.319555839278808,Normal
6.002956428311783,udp,http,RSTO,3.305497004362163,2.7990257998127714,3.3787460072963076,-0.02393272125893864,3.0752126007308274,-2.7966487775495406,Normal
0.20755581634518636,udp,http,RSTR,1.7823644117074822,-0.08155261782344181,1.1307601972198464,-3.357111630824468,-0.5530348889232274,1.0287890736997112,Attack
-0.6645940958704829,tcp,http,S0,-1.2440213337563715,0.32881384726497065,-0.0528287143982793,0.49922401716737186,1.0275966363333957,3.58757355455298,Attack
-0.8643009011107144,tcp,http,REJ,0.9905699155547995,-0.5737258616270484,1.1024947940560084,-1.2499582180973312,0.358663088960516,1.7412352376510523,Attack
1.3621334095855657,tcp,ftp,SF,1.6545634236741238,0.9054064376412643,0.7611740456332631,-0.41432105710211264,-0.6508339636078521,-1.9154244001408374,Normal
3.372049486346862,icmp,http,RSTR,2.5725441245430183,3.558906722326789,3.2098285414425756,0.07046978653361458,-0.6483082594106334,-2.972496244215887,Normal
-0.14306052752622203,udp,http,SF,-0.92603753033808,-2.36514944458435,2.1834117206802195,-3.46682658886163,-2.540177391766883,-1.4530310147502608,Attack
1.5559946191838614,udp,smtp,RSTO,0.2230717559824258,2.860017531292992,1.0797489657040702,-0.2701268061381118,-1.5761262054231593,-1.449868481610197,Normal
-0.622494210196787,udp,smtp,S0,0.5510709734422901,3.399661846689152,0.3928034911509166,-1.574356247669699,-3.4596435970731925,1.9719935674328697,Attack
1.5527983468673112,icmp,smtp,SF,2.3828521508267175,-2.262229736284614,0.4205572939886568,-0.4382159499335654,0.05132099564376302,1.2461422897287595,Normal
2.4025101652188616,udp,dns,REJ,-0.19295665430622266,4.129519555786969,1.529647650471475,0.5107059117174242,-0.46836139798600973,-0.9846629211276402,Normal
-0.4833288949150168,udp,dns,RSTR,-0.516389604539901,0.585318331719977,-0.38989648895756024,-0.516269778504861,-1.6987497264446558,0.14193100190684138,Normal
-1.1939755350043846,udp,ssh,RSTR,0.3998672100828805,2.5089416134033673,-1.715639267063605,1.042887429716426,0.97055261423979,0.5687256875044844,Attack
0.013755316695668061,tcp,ftp,S0,0.12352728311252292,0.3334100877400379,1.126134596149417,0.38097451832239226,0.42545156151681374,1.0944740118099499,Normal
0.0804062964094323,udp,ssh,SF,0.7446096453145494,2.5692485399748692,2.2307225951035776,-3.5285902855084084,-7.23512872376653,-2.5621136246971075,Normal
0.574945612284294,icmp,dns,S0,0.9500984734416443,0.8737478937522114,1.65965873012117,-3.130611234016112,-4.480456047114892,-0.6860347817545117,Normal
-1.8034763281530113,udp,http,SF,-1.7470033245796912,-0.20325111946817032,0.7411134353464476,-1.7823626578961016,0.7642918468593709,-0.9228045913974423,Attack
2.5154571908436743,icmp,http,S0,2.1064960754982804,0.19721453377471287,1.5964383233869852,-1.7731546666961133,-0.44617760684096575,-2.9409261947956997,Normal
-0.4883258230351723,tcp,ssh,SF,-0.7210311578894195,1.0300320674770225,0.4611864573844888,2.3193109513757912,-1.1047717854173402,0.289646796121825,Normal
0.7531584457172895,udp,ssh,REJ,2.9328747318950694,-3.6687549684049716,-0.5428264816077755,-0.5729574148572496,0.5232402244257139,1.5056540049637772,Normal
1.7678936653140398,tcp,ssh,REJ,-0.023827999901744334,0.4819396060514429,0.47707015226770777,2.4165585337742184,-4.707362836587587,0.4450520927757857,Normal
0.6477015276611136,tcp,dns,SF,-0.7024627968755863,-0.0005184611009180218,-0.011568950090474761,1.067847348772928,-6.338010318925226,-1.3224562668249868,Normal
-1.9457636158300813,udp,ftp,REJ,-1.2226316584212529,0.6142093653139524,1.6100257598668994,-1.6801631858203216,-1.388176126309336,0.0879490467822075,Attack
0.21613329479702956,tcp,ssh,RSTO,0.3232043139919083,-0.07224615361183362,2.84226456694743,2.463780724154346,0.11656989219697156,1.2085378339902977,Normal
1.1020974394940308,icmp,smtp,SF,0.2574292629244641,-2.1420951206918475,-1.6107778632363288,-1.1364199402654402,2.1243135957830415,2.581563059960385,Normal
1.4155006311337062,udp,ftp,REJ,1.5649399598429556,-0.8244001706216764,1.365402652851627,2.061847840633182,-0.5512336924324202,2.17571559677856,Normal
-1.455938268124854,udp,http,REJ,1.1101279452936,-0.398347112498023,0.8309293750069822,0.258092717909559,2.083750150277993,2.1491877637396932,Normal
0.5817151159157865,tcp,smtp,RSTO,1.724589652619638,-2.013842636918783,0.2985517532643157,0.06089456892374845,-2.0808050625751453,1.0124855708468439,Normal
-0.36037324344859756,icmp,dns,REJ,-2.1001789376222524,1.3994170724874342,-0.020842870989029594,-1.6904971520127465,-3.1096539753464083,-1.4946805532147702,Normal
-0.7810023129458662,icmp,dns,SF,-1.255465331847065,-0.588871796690899,-0.9395922057977018,-1.4132676306598122,-1.889733385272264,-2.192254033490552,Normal
-2.353103714571656,icmp,ftp,RSTO,-1.6029654384259047,2.9101399740264853,-1.158840736041296,0.07082513020603298,-0.2253246572883646,0.05162816930668379,Attack
-0.5433580625628921,tcp,ssh,RSTR,0.9303696781646803,-1.0879296934252407,1.5282903502733327,0.7319320592757688,1.0002067205327458,1.045741485563151,Normal
-1.7863808255232159,udp,ssh,RSTR,-1.8714905147619532,1.3249198453365962,-0.1813422553574351,0.4829713869358525,-2.6264621338037606,0.3129190344746007,Normal
4.904313501873417,icmp,dns,RSTO,2.7781930604706413,1.9783925843608041,2.313008907516889,0.46515946300163513,3.1107727474980518,-2.601039735133186,Normal
0.9091262281289899,icmp,smtp,SF,0.5791465749691541,0.9433182504407491,3.472572388954005,2.185288210497367,-1.7822837332175396,0.8180179529182097,Normal
1.7878884954401513,udp,smtp,SF,2.4977885486506137,-1.006570599430523,0.49667313518194023,-2.020259338492701,-0.7830808215068245,-2.460075429312271,Normal
1.1424147213101765,tcp,http,RSTR,-1.496345317573188,4.89454810572548,1.9179487254755345,-4.676505419485483,-5.566507366729539,-2.1616852971436376,Attack
-0.11681744386837964,icmp,ssh,RSTR,1.5245500416001276,-1.3719367395208568,0.49801821271266555,0.8119364516757503,-0.41017535810000294,0.4444871139340896,Normal
-1.7726763709551108,udp,ftp,REJ,-0.09547688819714595,-3.225065330087227,1.6633152372368438,-3.1063189639264577,-1.8739489309147874,-3.215022940647983,Attack
0.09261089328180572,udp,ftp,RSTO,-0.6591340587196524,1.3133685118367224,0.6925690440396591,-0.3408731973950404,-1.390968173820555,0.4289116440440588,Normal
-0.8528606051785,tcp,smtp,S0,-0.16545326952096207,0.5326432323470731,-0.4173538571134898,0.3986339346764056,-0.2435811948631288,1.3394261265808804,Attack
0.8419419527470562,udp,dns,SF,-0.1049638021231305,0.14398962613560917,-0.275656063036525,-0.039233421377969924,0.3907878556299156,-1.8736150351368959,Normal
0.6285936957226163,udp,smtp,RSTR,-0.7949744753136507,5.007475743233646,-0.7679517128644107,-3.057288785580325,-2.731942878858031,-1.6006037332442107,Attack
-0.42927091006482637,udp,ftp,S0,0.497768509179222,-2.270258578476437,-0.9580263253210659,-2.9381144866496935,-2.228883154831661,-0.07236405200587548,Normal
1.737068477966535,icmp,ftp,S0,0.9719966822612095,1.8405293032859378,1.0266124363093756,-0.47830606099565753,-1.0456219419953616,-2.3657539775054373,Normal
3.862395136637217,tcp,ssh,SF,2.3204635363146684,2.8000759830538744,2.7803574558771125,0.3719312073597898,1.3920788351267759,-3.3707168805877186,Normal
1.7486082503918736,udp,ftp,REJ,0.35746707754453777,-0.263975983539971,1.991745500577487,1.641321293394069,-1.3555651554659363,0.8050934401361706,Normal
2.9315969810774423,tcp,http,RSTR,2.157329042905264,1.6144477899227403,1.4764267134496443,-0.7267664178760902,0.03486570364739805,-0.7029597639172992,Normal
-1.4786582728676123,tcp,smtp,RSTO,-0.09738304188158131,0.47001655103419215,0.15164856309986863,2.326136200813985,-0.373143561246125,1.8412557782482912,Attack
4.235078178906326,tcp,dns,RSTO,2.7995542389482275,2.881936876128102,2.3479946716586495,0.46883826323842026,2.0774043850252664,0.7324641412822013,Normal
2.5313618624787866,tcp,dns,SF,3.100864492069024,2.7501745050798094,3.1438524799543153,-1.223592437723376,-2.531846779749645,-2.8798525904286247,Normal
1.9772350761736162,tcp,http,REJ,1.4728138200774217,0.7935700272362549,1.3035285010144642,-0.300490329511081,0.22341718910577235,-1.5609125094634941,Normal
1.4883023543388352,tcp,smtp,RSTO,1.2239214268641359,0.689583752471647,0.9167066097917694,-1.8844478365544899,-2.049874024019955,-0.5961634313160717,Normal
3.8794287610476186,icmp,smtp,RSTR,0.8446943370894946,0.41562296956931655,4.125967154303877,3.193517093526441,0.4783851694470713,0.7447359861746764,Normal
-0.536238781100544,tcp,http,REJ,-3.0369249935336056,-0.11093235272585389,-2.1833852327330985,1.3250150892378962,1.917294452583227,1.4437020124903182,Normal
0.8107390417618295,tcp,ssh,RSTO,2.933923287296909,-2.413740579200165,1.1198991649703394,1.210898153107364,0.5754937846119204,-0.5545328192263159,Normal
0.5683540759556437,tcp,ftp,SF,1.081527644188356,-0.5260063883437361,1.7857640003678632,0.7630213358783735,-0.8707057947264385,1.8114996356139659,Normal
-3.227051309410813,tcp,ftp,RSTO,1.5522388044210056,-1.9167134050540109,-2.1574927175653698,-1.3652045238163724,-2.188208820402319,0.8432011604104445,Normal
-1.986057413600315,icmp,ftp,RSTO,-2.5237901363384165,0.3386860285049067,-2.556931733276973,0.274559256068019,-1.6454628506021685,0.1854931017389394,Normal
2.097785458690759,udp,ssh,RSTR,1.7449966005696613,-0.33551488475521607,1.8100689121373388,3.3292135939701013,-1.4201998408714407,0.9521260127413771,Normal
-0.8400152030380617,udp,smtp,RSTR,0.06758598214905209,-1.5082487224454906,-0.8006744425811005,-3.2351891753184434,-3.9556632647463426,-0.398051543661636,Normal
-3.3140669767076365,udp,smtp,RSTR,-0.19826946231517328,-1.7628958533907886,0.899424303415096,-1.5150642630885556,-0.6099750822985148,1.0110875699327018,Normal
3.925789496261927,icmp,ftp,S0,2.824331361357782,-0.2841552252168926,1.2284779459208228,-1.0740518456018,2.336013097820405,-1.4048446086100501,Normal
1.3770707931447177,tcp,smtp,REJ,1.809589291454928,-0.2787019402231453,2.9541070966972334,1.0738918474776886,-0.9394621726084921,1.7460892664795689,Normal
-0.02822974226216927,icmp,http,RSTR,0.9753720723327428,1.0749301825120121,1.9444048901334803,-1.7549212753345875,-0.49562502141471454,0.39369562940258285,Attack
1.5103179008875391,icmp,ssh,RSTO,2.017668857334515,0.955753127997654,1.5990490920619123,-3.0618097563971105,-3.7099610281376014,-1.356488223297906,Normal
1.146994854823212,icmp,ssh,SF,0.6167690873890525,2.863935937289031,2.008051399656587,-1.2577498344928741,-3.6048559368054067,-4.1012796628200565,Normal
2.989117238516767,tcp,smtp,RSTO,0.9238637244273905,3.367880768157384,1.3290736934070482,2.2937748371136832,2.450426215037288,-1.5077176482872552,Normal
2.0985748305955476,udp,ssh,REJ,1.9756212853746584,3.255636521538291,3.5400684158479705,-1.3282683978002134,-3.6863709468069605,-4.259933785557159,Normal
2.3107919229861626,tcp,http,RSTO,2.6910665108746255,2.5712128617564707,2.8649380715691084,-1.2253713292988324,-2.413939491508681,-0.235213998507386,Normal
0.6071011080806737,udp,dns,RSTO,1.39071592522091,-0.28299758806772046,1.6122904125720074,1.6731427515533035,-2.188486732246203,1.850800687255897,Normal
0.38850202465087086,tcp,ftp,SF,1.3563054917995168,-1.691512134376072,0.41164527915852456,-2.573110944456284,-1.9431825697979928,-1.4946874580036866,Normal
2.9916179661653772,tcp,smtp,RSTR,1.6657278163705067,1.3439441803753884,1.373452883812672,-0.36881508189707446,1.1071854326055126,-0.12070227042150705,Normal
-0.8846460584993991,udp,http,RSTR,-1.0740775731390988,-3.963215137391151,-2.9687799239639063,-1.7160864783325862,0.8444941203814129,2.1042186795426345,Normal
0.07834959671197839,icmp,dns,S0,-0.0293517917135655,-0.45854731027951423,1.7750094258399778,1.948581213678882,-0.5706004960560077,1.3680369263236323,Normal
2.3963605959643908,tcp,smtp,REJ,0.9197838888279423,-0.1792252621649183,4.591883706253126,3.039234648725986,3.4610853017772136,0.7204739862429879,Normal
-0.7454980082871585,icmp,http,RSTR,0.16099862818039412,-1.127747464384571,-0.1106539962715174,-0.5776607031491123,-1.1367625873158018,0.45859971075582207,Normal
1.0564284296827766,udp,dns,RSTR,1.5137941601710927,-1.2084733715781892,2.3717357891053856,2.195515623307502,2.0465387342870898,1.3259875972501232,Normal
0.21637159856193472,udp,ftp,RSTR,0.471783568604749,4.766860557358442,0.3377713507776391,-0.6066580451669835,-1.0281107505005915,0.8990974256404938,Attack
1.1591044203325573,tcp,dns,REJ,0.4316187527309684,-1.2690482050495584,0.5558278396180634,-1.5520936021578775,0.4024037296739227,0.3082978979879867,Normal
-1.1481478094730122,tcp,dns,RSTR,0.5262203285570523,-1.2056768217374252,0.2600843458149583,-0.18407122342529336,2.6047512247179805,1.3419327939365064,Attack
0.036910049799958794,udp,dns,RSTR,-0.27545369523293806,-1.0317938349607503,-0.7090056020348994,-0.9689298438967557,-0.15612091504697867,0.7558289020292517,Normal
-0.5507241247574977,icmp,smtp,S0,-0.502276196571332,-1.5251787218776462,3.2199684055318416,-2.5695723138836035,0.7834687960575599,-1.019670548745018,Attack
0.44227408488454506,tcp,smtp,SF,0.41952938908199144,5.472574172772511,4.324151282686634,-4.791289123273369,-5.396618922030589,1.2111002597299445,Attack
2.553726418501696,udp,dns,RSTO,0.6769676289346999,1.043270930390611,0.8559733611024046,-1.3247765160837337,0.1763570847868683,-2.282073561576773,Normal
-0.3807508646199051,icmp,http,RSTO,0.9211217566676314,1.2143142872668977,2.1089580819864047,-0.25836855384621804,-0.32329132603123933,0.27053731550117766,Attack
3.0325447519471123,tcp,http,RSTO,1.6232072992431283,3.670457528585672,2.392155816681063,0.060688445145133496,-0.5262624051753674,-2.0594824530589424,Normal
1.0407266073394628,tcp,ftp,REJ,0.16369946752177122,-0.9188008475227275,1.9653673709505908,0.8879285585148634,0.3064754976084094,2.3229735518016543,Normal
0.48636684702947,udp,smtp,REJ,0.5776575746084328,0.35627210552495203,2.8177310495240646,1.4317059203629403,0.6760342715020551,0.274394290420096,Normal
-0.9587995312531168,icmp,http,SF,0.44726446916096463,-0.9205163053237881,-0.5370068961385748,1.143368212899064,-1.1834454427629595,-1.2376142749082235,Normal
0.5095604871263936,tcp,http,RSTR,2.2851240159555113,-1.5987568500891722,0.7327030014347676,-2.7675510469072586,-2.4147205257110227,-1.0048374268774416,Normal
1.5709607448177056,udp,dns,REJ,2.1859161125051143,-1.0994493235843112,0.777942380518079,1.0196068812148043,-1.5058393114964015,0.5737378815188983,Normal
0.1358404418840596,icmp,http,REJ,2.2218018940813002,-4.00969877242105,0.964149659488414,-1.6837611669673118,-0.5217309946285418,4.874496233337729,Attack
0.7926759247762218,icmp,dns,S0,-0.24954514096983638,-0.9892437618631653,-1.2258776389080612,-0.9501634296810856,0.5456716367218939,0.05815993167669964,Normal
-0.7285553521323624,icmp,ftp,S0,1.282596146402133,-2.370755568520149,-0.44060032720079456,-0.6176117073563259,-1.8641274492120279,1.7490086237343543,Normal
0.3870944920267701,icmp,ssh,RSTO,-0.4071211722507315,-0.35548390854214795,-0.731374644918104,0.4643465011482224,1.333877398933812,1.3223001241498848,Normal
3.085178917289786,icmp,dns,SF,1.2027041971121941,0.8362836955516035,-0.168796836724457,0.6585734623798063,3.2625695087402162,0.4679085976012356,Normal
1.0420327102200686,icmp,smtp,RSTO,3.369991157515205,-3.4368884987809714,-0.2517175465244501,1.282593531611417,-2.7545733555939274,1.586800726446055,Attack
-1.2279105192013229,tcp,dns,SF,-0.528472062696181,-1.2432400931017908,-1.0609065768402974,-2.684492931357307,-3.589903532738217,0.4289088855439316,Normal
-3.704304275151929,tcp,http,RSTO,1.1879072007370068,-2.437162891491425,-1.0764372383054788,-2.099581122711753,-2.2329074406992753,1.3909855997082095,Normal
2.7708793279091806,icmp,smtp,RSTO,1.4302676241349532,2.183399464356391,0.8233383783310556,-0.11103425000770484,0.43846082903478023,-1.9245164095326102,Normal
-0.22595071922911655,tcp,http,S0,-0.36158538310374144,-1.6456447828553764,-0.6847338779175656,1.5379700689770113,-4.779627175767303,0.9845580173502653,Attack
0.5863509326652261,tcp,dns,RSTR,1.3608324304331596,-1.5568042810034517,0.07054403462356695,0.06993168918315895,-0.9047167144202531,-0.49269989246945944,Normal
-0.6427711021263552,icmp,ftp,SF,1.402723878454924,-2.2142934148970417,0.13650961049143528,0.39424831873910837,-3.0677655587360824,1.9459536796477286,Normal
1.8108770108202703,tcp,http,RSTR,2.2257863103563595,0.8466059334345343,1.9421917093446899,-1.389760879272976,-1.3829327171301375,-0.589295449119374,Normal
0.5159954113043774,tcp,ssh,SF,2.187292936921349,-1.1290514552993685,-0.05876714062785915,1.5984132760573422,-1.7091277778986003,1.3443474712175958,Normal
-0.5359863995831261,icmp,http,REJ,0.6940824713737088,2.4612559740944424,-0.903201439116434,0.03871375690733059,-0.4365702839748735,0.882405346099736,Attack
-0.350646248265406,udp,http,REJ,0.372255634027568,-0.27144534529606856,0.3009686422218494,-1.6318011802259282,-2.294141306712687,1.8445745702893355,Normal
-0.0624883078472982,udp,http,REJ,-0.43132334865099886,-0.18124228974949674,-0.44777663790381594,0.7183182724102364,-2.816318426730258,1.343858347041606,Normal
5.796265113739786,tcp,dns,RSTR,4.2466766271557574,1.8145582751093614,3.6477891594879686,-0.3842913319748714,2.591338696032246,-3.4806839188809473,Normal
3.3824703771132123,tcp,ftp,RSTO,2.4021547873156166,-0.6027360240732935,0.8060540225895167,-1.8858969385674993,1.3159737612718967,-1.190329786406525,Normal
0.7312773615372942,icmp,ssh,S0,-1.0464804745476397,1.8520803074676326,2.279867337224256,3.167901649614915,-1.0555212119786983,1.0951339250937642,Normal
1.133034246215619,tcp,ftp,SF,0.12259329911604477,2.840243498999963,1.280936959317343,-0.7298840062923977,-2.409165636345679,-0.34357792554075295,Normal
-0.9398152375307827,icmp,dns,RSTR,0.19234507554342306,2.714019857351814,-2.1833129418178396,1.1733303565532212,0.527426270261897,0.9713870386096859,Attack
2.4894374051181734,icmp,ssh,S0,1.7745936737744294,-0.015263993288362698,1.2833027577619982,-1.4926273769912743,0.44473657343211426,0.3458707572060846,Normal
2.4852584179889057,tcp,http,RSTR,-1.028698443491249,1.219355775013446,1.1884507886148894,3.25109254236927,-3.819693672990817,-0.11541258529543019,Normal
2.093651463001683,udp,smtp,RSTR,1.3726121537886988,-0.06884402322983407,1.87665220167474,2.476756564209454,-1.5129758917855416,1.0071704989109795,Normal
0.8526066195989301,tcp,http,REJ,-1.2087687075956408,0.9017704298213387,-1.0956256255093146,0.5628501180209946,1.170180886511194,2.0432748384333936,Normal
1.0869164526145632,icmp,http,REJ,2.2526735889128933,-1.7055414443391665,2.5502579569674273,-2.5161850499446166,-2.0478673231582034,2.3096582756738133,Attack
3.260362980396821,udp,ftp,S0,3.0889918533782703,3.5222156370301705,4.0457200892674425,-2.6172852678694474,-4.244680773828177,-3.113315083251703,Normal
1.899167160961986,tcp,http,RSTR,1.2550414128651521,0.004768757960212033,3.0628450289373057,3.0845388052464338,-2.3916499941250073,2.580025020523242,Normal
-1.8489306228281215,icmp,http,S0,-2.912467246783268,1.2189081259974128,0.1929980777434711,-0.15152286357291833,-1.7956138042586733,1.4115117151131384,Attack
2.1679704312489165,icmp,ssh,RSTO,-1.0640866146159418,-3.0812938743035154,0.047994413521240564,-0.3200871520303439,-2.5835527875879745,1.8092746000896796,Attack
0.6501791186952932,icmp,ssh,SF,2.0010504914651515,-1.510915675980132,1.7648136634721707,-3.410226536802343,-2.917049687937655,-0.06572576205988856,Normal
1.7770923424567442,udp,http,RSTO,3.161800564058884,-3.115251850234725,2.1529688776748874,0.37916641469987067,1.6214178199674296,2.228348782190285,Normal
-1.657134830824502,icmp,dns,RSTO,1.5089514065431293,-1.6938333540548651,1.5918857309785592,0.24891826746789802,2.514011234767653,0.4803493758408104,Normal
-5.144150786575714,tcp,http,RSTO,-2.7272053914152314,0.8236823004311031,0.8384297432031959,-1.5732065729787932,-2.0051631590142773,1.8594057810618485,Normal
-4.628511070855455,icmp,ssh,RSTR,-0.8017571952454632,-0.28269215691222593,-0.3765059158604587,-1.3915500682233177,-0.9407068725298514,1.933829691017215,Normal
0.56484169600772,tcp,smtp,SF,0.10975135569437955,0.8696251624752497,-0.39854896383641747,0.32124102965187595,0.10176120597859506,0.24806896985523852,Normal
-2.9934193820493857,tcp,smtp,REJ,-2.4971714329287136,0.46145954929223754,-1.7795375105910032,0.32689065767112346,-3.003117493797281,2.0384547764162155,Normal
0.9952730604688873,udp,dns,SF,2.0436782174749473,-2.877461486692796,0.8409602960998105,0.04651038329224244,-3.185103255567018,0.7182893284863969,Attack
2.704472745944727,udp,ssh,RSTR,1.6816394880049192,2.353778874160974,1.9059914559724378,0.45880693333287637,0.06911294423103098,-4.504337849373723,Normal
0.3001691998761417,icmp,ssh,SF,-0.3141918694858623,-1.5527751739034854,-0.19712005149342016,-0.8223379195172346,-1.474475537424512,1.5007900085478,Attack
0.110461386767573,udp,http,RSTR,2.0715850957130195,-0.5374507270898912,-0.4972979255420651,1.7377179805658907,-2.8733056933617,1.091604535019661,Normal
-0.6172853116044233,tcp,http,SF,1.128812756653509,-1.9895215060921008,0.9579118367839263,0.78641462023645,-0.7645426083200432,0.6208012507684955,Normal
0.003298159468977243,tcp,smtp,S0,0.18969621934642567,-0.4234369884315632,0.2706097707515035,-2.0341533851990206,-2.49303704709783,-1.8507153309074118,Normal
3.56731603962046,tcp,ftp,RSTR,2.6056351289488147,1.4181329323452045,1.2321361039083683,0.8949708971053172,2.9210425673675737,-0.7480339495975876,Normal
2.0872555605482868,tcp,http,SF,2.2366114882579087,1.6359212674537171,2.038872814904315,-1.8512626363952993,-2.241434346421091,-2.2409496954368513,Normal
1.7372436535152909,udp,dns,RSTR,0.3900079129727013,4.026797919889306,1.850424848034606,0.05957974500887442,-2.3930118273976104,-3.8668288199639993,Normal
-0.7031554467260396,icmp,ssh,SF,1.1600883326811982,0.4687443903679094,1.2662336195058426,-0.34126452532171536,-0.19284595922654557,1.942207240965693,Attack
0.16311040985025574,tcp,smtp,S0,0.02956035106205801,-0.11603573809852064,-2.0579057711020203,-1.3166690534404484,-1.4278717166406474,1.0498862402490272,Normal
3.355897713021888,udp,dns,SF,4.809800503678674,-0.960826773250349,2.835174775464533,-2.0064898188672964,0.3225375000850317,-1.6575916506458825,Normal
-1.508271244844565,tcp,dns,SF,1.4806543656933675,-1.5894708507980209,1.340385011089171,1.5922828397055824,0.6940066484098248,1.560224224845304,Normal
0.45306002195520034,udp,dns,SF,-0.08647623774946456,0.6552676834108022,3.964781592543723,1.3725165804863553,3.470996704087467,0.9995632531593797,Normal
0.4825393140116591,udp,smtp,REJ,0.3581001176824503,-0.07299334536073898,-0.24365488209744512,-0.8468211721897734,-0.821757720786572,-0.8707048318356094,Normal
1.360277663475382,udp,smtp,SF,2.2556874983449102,-0.2958543737475914,3.9157543002148207,-3.6286556479514305,-2.0249149499700247,1.1609284885351983,Attack
-2.0643381850749862,udp,ssh,RSTR,-1.556211325822273,-2.4982058755656547,-2.4193150884353325,-1.3045674702026062,-1.2635001729714443,1.1172958852214951,Normal
1.2402683200449842,icmp,ssh,RSTO,-1.5893070393887618,1.2113485990747597,0.7185331878907089,0.4200737787750962,-3.163466250476057,0.5647843236689228,Normal
-0.6939051409509466,udp,dns,S0,-1.2716942378548945,0.059621768825174226,-0.9012236469001109,-1.4317005544661665,-2.7681282742043805,-2.6149687569581674,Normal
-0.3871674940384759,tcp,http,RSTO,1.8975954921213138,-1.325872516963846,0.8236963157142295,1.0180401988837333,-0.8421191119509737,1.847958058078345,Normal
1.4284778550531512,udp,dns,S0,-1.959119805595479,-2.5517855096518796,3.960038384093662,-3.549255839117007,0.15900379517498497,-0.4354811190327357,Attack
0.5814235005243558,icmp,smtp,REJ,2.4612346988838487,1.501083572335571,1.7584341771490295,-2.711162218874958,-5.637942775808343,-4.292059948310984,Normal
0.6542950600282332,tcp,dns,RSTO,-0.1645415847803562,-0.36630969684257786,0.6668094609046133,1.4002207507059778,-2.91041732333143,1.6159721967268421,Normal
-4.654040821359216,icmp,smtp,SF,1.8975578830178454,-3.5915604427076975,-0.9961530473127667,-2.8654766896695345,1.1650285287119537,0.7733326973734789,Normal
4.018836241896339,tcp,smtp,REJ,1.883621207700938,3.91741387191458,3.197065376826378,0.26873720877066787,0.19803411137481208,-2.6198741367834595,Normal
4.688247917253943,tcp,ssh,RSTO,0.21750741511369254,1.1196582704990625,4.535323458955078,3.319258537754109,-0.31250358877658957,0.43899545318118605,Normal
2.2073241782494195,icmp,smtp,RSTR,1.8113805342467335,1.8759316669765642,0.534342633752953,-0.0413724902111533,-0.3042349825136397,-2.216339687813884,Normal
0.5500566976215392,tcp,smtp,RSTO,1.6799816895257282,-1.1812758140196262,-0.4492138135480863,1.2138213358440741,-0.7930401983272505,0.6360162848695501,Normal
1.7011402911653921,tcp,ftp,RSTO,1.6691284517134708,2.392336729882615,1.0569305436801266,-0.12117055216148509,-1.3057698624317993,-2.1782159006797768,Normal
1.6265664193445186,udp,dns,RSTR,0.19734663473245995,-0.30237324093619933,0.910880963359045,2.767062791265088,-1.7238513313596302,-1.5246557201822353,Normal
4.270638378356744,udp,smtp,RSTR,2.750614428203554,4.659997227262419,3.9156160227843286,0.9079434339082701,0.4383976052953351,-0.15858158325671956,Normal
3.259301559006629,udp,http,S0,3.549043163855989,-3.496202086360749,1.1315577423202468,1.7871868825665285,2.244707509949799,1.1208570798891027,Normal
1.148300003742825,tcp,smtp,RSTO,0.5419730955039765,1.3171317377044534,1.8311655369460136,-0.21882864825796133,-0.9795609306770031,-2.0054740218967564,Normal
-0.6440289801220597,icmp,ftp,RSTO,2.3390407909202455,-2.908117910795428,0.2946216904875544,-1.3136589534901422,-1.7744995611071435,2.9695011218303407,Normal
0.023694589669864072,tcp,dns,RSTO,2.3411784464274703,-2.5971483296299747,-0.5487587462971208,0.858185235497419,1.2599694165573547,1.3313387999545123,Normal
1.822099428177373,icmp,http,SF,1.0781948888444117,-0.5244967143997412,3.6625442355764575,4.357603775395987,1.3299650704210753,1.5251306240871303,Normal
3.1327212088353256,udp,dns,RSTO,2.89680378039716,-2.419834462391426,2.4561815214054907,2.235572394710227,0.6554200547218296,2.922224500062152,Normal
1.7755694117790126,icmp,ssh,S0,3.2825478705957596,1.44961326111862,3.301369763815107,-3.962391422394067,-5.866422619022122,-2.138815994255822,Normal
-0.9119815932152338,udp,ftp,REJ,-1.5069551648396913,-2.4892277947416837,2.4082516285230167,-2.5463348537320902,0.3179360219126357,-0.7041134975197165,Attack
1.0798125582156977,icmp,dns,SF,0.822807915119139,0.3931475668342277,-0.8269920111117759,-0.13591138466425734,0.1359024397493298,-0.5860648290645543,Normal
1.660874585428581,tcp,dns,SF,3.9565339894749387,-1.4705289517629216,1.704753109109121,-3.7314044014481924,-3.3282580887610766,-2.3035361550521607,Normal
1.012213858770638,tcp,smtp,RSTO,1.2722982348474687,-0.5880649484894704,0.22397338325143623,-3.6670294841981246,-3.114778926519958,2.278808157748569,Attack
-1.5241907970056048,icmp,http,SF,-2.202045485941927,1.9278589905124046,-1.9912452785553474,1.3463357076920026,-1.5397138244127744,-0.38370761435621636,Normal
1.3156231977648294,udp,smtp,SF,1.021230393938428,0.615795457068776,1.2580952327175494,-0.8723707915606822,-0.8852782574115696,-1.2733073584549426,Normal
-0.3598907789330631,tcp,http,RSTO,-0.303192261115081,0.10567144175567256,2.94386558461912,0.5272915244536351,-0.9126914445736592,3.1396993092337824,Normal
-2.506175142713537,udp,smtp,RSTO,-2.0694255108549378,-0.435407167987356,0.46743991407405405,-1.39501599825416,-1.5648076623971052,0.27944339586102385,Attack
0.40139200640126527,icmp,ftp,SF,0.5255031567271249,-0.1462050321225592,0.4719598039253666,-1.0680137175997502,-1.4540058395653797,-2.3218360554081396,Normal
0.4611188529961298,tcp,dns,RSTO,0.01284136661167623,-0.8000805064881469,0.03183550441402916,0.47404671947042776,-2.597767067140424,2.4025724792994976,Normal
2.6501482422464,tcp,http,RSTR,2.468629808748947,1.8795873871227555,2.4094436292081394,-1.2521220427141817,-0.8917315554766448,1.0081782802591306,Normal
-0.6928378031745172,udp,http,RSTO,1.2641121159750164,4.5041719927767225,-2.2933830270313575,0.3387420437233519,-1.2065522442312275,2.4967384554644863,Attack
0.7891126241843032,icmp,ssh,SF,-1.2702917962257962,-1.590212276674424,-1.4098564817490074,0.37219331128602806,-3.8128159076766974,3.2418089967991297,Attack
6.608904443803298,udp,dns,RSTR,3.2175500117508826,3.297704578455091,3.042292320906351,0.4007727687830829,3.865788717445551,-1.533885736663279,Normal
1.976739876939712,icmp,ssh,S0,2.7642975040140207,-1.9908837393143861,3.8126589877399417,2.2583116308521736,0.39351635824268416,2.021981088639855,Normal
-0.5776885152549006,icmp,smtp,S0,0.37535642904420696,-0.7340424043054539,1.249720110314806,0.5589028782827807,-0.961160074710622,1.3877955565995974,Normal
1.594163576202633,udp,dns,SF,2.37472597546899,-2.886186428654269,2.52294690704825,0.7276324630264185,2.205598978016593,1.844388103610029,Normal
1.080930775483295,tcp,http,RSTO,0.7512233493995206,1.6332555463420082,0.684128901921023,-0.8677615408845528,-1.7159012393664863,-1.3642922287124,Normal
0.7913302925278553,udp,http,REJ,0.46586617826490595,0.5237326461354892,0.43417114627373454,-1.1477465222649625,-1.4399236451031108,-1.4076941187187322,Normal
0.388496035780523,udp,dns,RSTO,0.47505691938512473,-0.23750250068240553,2.0711410919570934,0.004651012535654364,0.43982599751157814,1.092084362015216,Normal
1.5146003711175144,icmp,smtp,REJ,1.7523133643808841,0.04047782363773322,1.840042012171479,-1.1088721629473575,-0.8551595844818345,-2.1773776747195095,Normal
0.7976069633779634,tcp,ssh,SF,-0.3578477173952308,2.08249733808815,0.4006323990956482,0.4747457054016029,-0.3552972556570799,-1.54769198787457,Normal
-0.8579541501746354,udp,smtp,REJ,1.6793018333177379,-3.554185944657561,0.4238929328811556,-1.845000895303865,-1.0992166000378583,0.5543741977870746,Normal
1.2547052012800928,tcp,dns,REJ,1.717553610138931,-0.5363672437150757,0.699678422549703,-1.6708431644684518,-1.0438410497359178,-0.03972120000609192,Normal
-0.4588141385441818,tcp,ssh,REJ,2.10370446481584,-1.6032476010852232,0.4861767391375218,0.5907618007474762,-2.587641991958558,0.804307247591517,Normal
1.9728783538242962,icmp,ssh,S0,1.4112152348598523,-2.3268589807576348,0.9477659168237753,0.7116201509883537,1.1103730143680868,0.46303888049946806,Normal
2.6925238474351803,tcp,ssh,RSTO,2.862390060562803,3.084671242555279,2.6738275974315138,-0.34429515210479644,-1.5545048855835724,-0.44380440136718347,Normal
2.325545585161657,icmp,smtp,REJ,2.6084528650933616,-2.451099436844993,1.018913835961572,2.783827140796019,-0.29436398010021925,0.5988113108115145,Normal
1.4371367631103888,udp,ssh,SF,-0.21268711936189422,3.501721976474532,1.3692041233732009,1.9916337147437337,0.5877385951081358,-1.2608645801417508,Normal
3.0260808822129626,icmp,ftp,S0,2.613625335407242,-1.8754625398390754,2.031336890871314,2.1138088042269985,1.7734871685956897,0.09475157346955776,Normal
1.4500252549888049,icmp,dns,RSTR,1.3435484617740092,2.2031222700854425,2.226046877394316,-2.13939293518202,-3.9389014870464307,-2.9976121065563577,Normal
4.4443148599461075,icmp,ftp,RSTR,3.5496656320637885,2.858976280961804,2.9839543353579883,0.41172268408778456,1.198322727847505,-2.873761458836954,Normal
1.530979956363514,udp,http,RSTR,-0.7068309191805251,-0.0589598987503388,4.305754787098782,1.465930051188916,1.787838580147958,-0.16349322397013122,Normal
1.427791180096128,icmp,dns,SF,0.6611409947014657,-0.18392811246605079,2.040593401620307,2.005830498288809,-1.5996944653302614,2.0457806288961113,Normal
2.5524681422354982,tcp,ssh,REJ,0.8350459308054827,0.5179514649170889,0.7275699152276274,0.11157080589409407,2.4557156790288106,0.8696691075525977,Normal
-1.3137803432494692,udp,smtp,RSTO,1.3137979141768823,-2.743824976680595,0.08181592388507031,-0.9223598790830725,-0.8252014306068086,0.2668693909384001,Normal
-2.436661923720947,icmp,http,RSTR,-3.02604376365871,1.9082163252259416,0.7271755963959492,-2.461408503181711,-1.2057800333562771,0.1715122135687266,Attack
3.137321652950674,tcp,dns,SF,4.651151167805792,-0.018027272132691285,2.1321927922335835,-1.5207815497342805,-0.28917597648484683,-1.3059213646944563,Normal
0.4722008951109958,tcp,ftp,SF,0.8535452636116274,0.374125481058629,2.5162915312164538,1.8994216087499254,1.5062211448782028,3.1980257061133464,Normal
0.06119639725781054,tcp,dns,S0,-0.8408547451515305,1.9964648009425292,0.16583992677739323,-0.35750477324222185,-2.277530934061754,-0.4623447418205615,Normal
-1.1494342050562187,icmp,smtp,SF,-1.3113488108930897,-1.6309536877385322,1.7327250374124314,-3.623549254899632,-2.371736096854201,-3.9082950185190297,Attack
-1.0106490121104603,tcp,http,RSTO,-0.9411762537292532,-1.0874478254200404,0.6030295142091607,-1.3549342590894713,-0.07001754218845757,0.9713600765965941,Attack
0.7762928862046796,udp,ssh,SF,1.3567085430140535,0.15482663932895135,0.7125536412901472,-2.930965619180574,-3.2504152200885996,0.22989709705134742,Normal
1.1647933481555193,icmp,smtp,SF,1.1336285941432398,-2.5116167518388037,1.440254565162834,-0.4238040604862061,0.8431422178023036,1.8916372968769817,Attack
0.6625803823830323,udp,smtp,RSTR,-1.220801188471298,0.9215049412476746,2.4178285079906114,1.3246715618041105,-3.2192742346179832,1.4131891560449628,Normal
-2.273774233548983,tcp,smtp,REJ,2.535705674013979,-1.699258558173935,1.7023200172789505,-0.8851477555519209,1.1960645962850642,2.1844694577047026,Normal
1.0473701716880837,icmp,smtp,RSTR,1.2730531117284398,-0.23354460694465629,-0.6396710787912014,-2.014337339371991,-1.5947242594836963,-1.1734336628243047,Normal
-1.2533539605401234,icmp,dns,S0,-1.381882794327793,0.657697412578174,3.245207091955411,1.1162431172510985,0.3427921219493113,2.6992991459263944,Normal
-1.3052797603381947,udp,http,SF,1.9806777795849624,-1.873815035343717,1.7008160892695514,0.24672247265919123,0.57545416282395,2.2121573308221008,Normal
1.7201166153035634,icmp,ssh,RSTR,0.7904177975841358,0.7560361906978575,0.38413220646395896,-0.4795974807738793,0.09557972686876215,-2.101211941771414,Normal
1.214246488640732,udp,smtp,RSTR,2.046426404540002,-1.1954184497958875,2.431585436726714,0.48892266687324815,-0.9901193319913028,1.7799735809230155,Normal
-0.15290151414522557,icmp,ftp,SF,0.9789232584654116,-1.400934922828693,0.40268992177838103,-2.8239980706206302,-3.097675134989791,-0.9305845066412469,Normal
1.4742332660846786,tcp,smtp,SF,1.7338155618716682,0.7421133767924788,1.4830362833158124,-2.2587582611293078,-2.378618392612527,1.245254898690249,Normal
0.9768214101977829,udp,ftp,RSTO,1.485882734215213,-1.843268211307881,0.37472616250125845,2.024735139637745,-0.3338077654504962,2.4464403303307343,Normal
0.5708746128975987,icmp,smtp,SF,0.6475711994990865,-0.5593770730589149,-0.3757423790070704,-1.4489357819624977,-0.6855589478254791,2.2475834316458854,Normal
2.3207505439647704,icmp,smtp,REJ,0.4425661170982067,1.118551656942301,-0.38688174858638247,1.4190874155021826,3.549366986037805,2.3900720673572136,Normal
-1.18525039542229,udp,dns,SF,0.6794713309360445,1.076653638027383,-2.031491233225013,-0.40426905670540203,-1.1576535460497175,2.7727014459024817,Attack
-1.9798759241419013,tcp,ssh,S0,-0.6216264236043474,0.3256375498705537,1.7023158536952225,2.08946252380298,-0.6865137388388491,0.7808379581307408,Normal
0.009266477153642007,tcp,dns,RSTO,-1.1611995723274047,-2.566804300765527,0.9968394098497457,-0.5599945564819014,1.1754349294161992,1.786016830115234,Attack
2.801959332972711,udp,ftp,REJ,0.798104359134723,0.8838383301398829,4.497224397894419,3.7385397135920684,0.505822582160387,2.3340752287165096,Normal
-1.3569786435825415,tcp,dns,RSTO,0.4672577625406623,-0.280720638906786,1.4703889481913763,0.3528934253172539,0.835764879708492,1.12620000591685,Normal
2.845300877863847,tcp,dns,S0,2.3997826467637036,0.1286639181378172,0.4726003108304946,-0.666865508288153,1.392671786856467,0.6380718863357422,Normal
-0.5566237590212536,icmp,ssh,RSTR,-0.8531628029620275,0.25465334587040744,1.1478228076883636,-0.753548527453221,-3.135635267789622,0.9378025740642446,Attack
0.30969338660220824,udp,ftp,S0,0.2578717417765072,-1.5477769054906259,-0.25761370902025127,-3.616760707926432,-2.8235126491574554,0.8551702383283679,Normal
-0.4010841802971253,icmp,http,S0,0.09183099320805765,0.4581293817568285,0.062154214614378755,-0.8055343918411787,-2.200068371868939,-1.1819747404285612,Normal
1.405990060924314,icmp,dns,SF,1.1681244708488476,0.36418020850534594,0.2873662744945299,-0.12773428950295196,0.49451638639151696,-1.1523083370194065,Normal
-1.106634870400311,tcp,dns,S0,0.22859227802499493,3.5900036330497866,3.1326530709789426,-1.924182234873334,-0.30437057912540955,0.13378249647131746,Attack
-1.53905664424374,tcp,http,RSTO,-2.350239425137801,-1.064914651431257,0.725110185021654,-2.0053537615587906,0.40166392573269194,-0.45684723840644215,Attack
-1.0308319065856848,icmp,smtp,S0,0.6733582260708841,-0.5564537323126455,2.7312958026375327,1.4390731506457113,1.5325263018770645,1.3666055073355203,Normal
-0.3522468140603607,tcp,ssh,S0,-1.2131838069912777,0.7431134104667467,-0.7686515860174927,0.09309211279794316,-0.44456233526070343,1.8044377209371207,Normal
2.9239990065607877,tcp,http,REJ,1.9102606293041295,0.5305467444949716,1.506738425510533,0.0012861604129326132,1.9485424501232838,-0.9297875956659132,Normal
1.301896463393738,tcp,ssh,S0,-0.17932744036220383,2.397787242684256,1.0887054217849415,0.6707590622026565,-0.02627314901391198,0.37068301928821246,Normal
2.4572522038483267,icmp,http,S0,2.870536201142168,-3.1235592423837306,1.849980376290777,0.6282009874689791,1.476200054761347,1.2859040800512687,Normal
1.187917404819107,tcp,ftp,RSTO,1.0184264847513214,2.484544100768159,3.2593442376353297,-3.9812918777872945,-4.705620715758408,1.254811311603863,Attack
2.152090730118532,tcp,ftp,RSTO,3.2964372311206014,-3.047305583395319,0.11872364289676618,1.576794801478691,-0.6253826964346334,0.3014431445568839,Normal
-0.04694119209987879,icmp,dns,S0,-0.6223017108092086,0.48544713043676113,1.4163864486452376,0.6501025349701463,-1.9466357464669422,-0.319381200045882,Normal
-0.6699238144646669,tcp,smtp,REJ,-1.8452421602194073,-0.1501643596179163,0.7772030170233297,-1.129810113401893,-1.7081716622954928,1.0642444924371743,Attack
1.56475323248228,tcp,dns,REJ,1.2279254034498361,1.001199988173177,0.5241381194512591,-0.12152791754955605,-0.1546747938660321,-2.9393954598460517,Normal
2.7876289264923244,udp,ssh,SF,-0.09304447291526796,-0.3204599195942096,0.9610597647408335,2.7170446268273976,-3.2365843950247606,-0.6517025492844049,Normal
1.9512535714135661,tcp,ftp,REJ,0.7647449037329683,-0.3489605064623893,4.058089065699271,2.039147041939221,2.6879307662887877,0.11333910005969972,Normal
-4.365649751441737,tcp,dns,S0,-2.633521109041722,1.7366547818273492,0.6952030760855303,-2.420000755013162,1.427961527974352,-1.7843954435818414,Attack
1.5809835241196541,icmp,smtp,RSTO,2.0090940787971783,0.702000538120946,1.549712946605078,-2.1262049946888255,-2.3362451812897387,-0.5227656615401488,Normal
-2.3290283780942853,icmp,dns,RSTO,0.06477794892096411,-2.3713711324662654,-1.432296944625259,-2.4465178440790165,-4.079726397556285,-0.1377749584161927,Normal
3.2491113493590547,icmp,ssh,RSTO,1.5909917797514763,0.22875362448179137,0.2789902784887862,-0.48515830842232543,2.21399247256879,0.6168002022774834,Normal
-0.03162638458330299,tcp,ssh,RSTO,0.30336302199765686,2.355506946876573,0.557865182696804,-1.6925995694145772,-1.4087643886878443,-0.4519237816758839,Attack
-1.0581706919621658,udp,http,REJ,1.5787530450277312,-1.234435246485594,1.177259001511777,0.05997074221180598,-0.8680471780418914,0.9671490313874743,Normal
3.2644570887310285,udp,ssh,RSTO,2.7461201629416427,1.358073065342916,2.3299941652791576,-0.6495738812022631,0.526249032307863,-1.114837004089976,Normal
1.1861145474317083,icmp,ssh,SF,1.9661569042737708,-2.3969848024359752,0.6018248716642821,1.5560035032943427,1.9034088011879033,0.3107036861412714,Normal
0.6749582874213665,tcp,http,RSTR,-1.1161795402365735,2.270665362085211,0.013958764028864756,-0.2916855039511187,-1.8618496456102305,-3.994704676890396,Normal
3.628490067544124,icmp,ssh,S0,2.2952999369741196,2.473410407061621,1.9553047273944637,-0.8687912054296723,-0.21155315186063206,-3.108415338495465,Normal
3.292360698435507,tcp,dns,RSTR,0.5799168522176368,1.0167000177341423,2.718279829298672,3.26783275394531,-2.287462126340679,1.9016268728146275,Normal
1.4824142585167785,tcp,dns,RSTO,1.589006727494752,0.769144598705086,1.3961125607461646,-1.496308584358244,-1.762080035354535,-2.5131608307176627,Normal
2.767825684045626,udp,dns,SF,1.7226535849245925,2.8323914996327284,2.8895010952362807,-0.7439767001444199,-0.9816370211536356,-0.6924902622662668,Normal
1.6238172603513896,tcp,smtp,RSTO,-0.5054169447383561,1.4763629592019072,0.9981030236971979,1.9896063154642736,-2.9372931736224333,0.05035902580550311,Normal
3.6807844894856383,tcp,smtp,S0,2.2981806181719224,-5.637056959810694,1.6030659058753693,0.4988496790833383,-1.1923344446764985,2.292345576039945,Attack
-1.9226238407058394,icmp,ftp,S0,1.1846209070343061,-1.5449392051681563,0.18435791858714623,-1.1403465685174181,-0.3850736558127258,1.42720328831803,Normal
2.934420736359553,udp,dns,S0,1.6512745306999057,-0.8002976796259378,1.2868030162052213,-1.7399462857748118,1.0479324942245793,-2.6383284268493012,Normal
3.385225396502545,icmp,ftp,REJ,1.6146994891807624,1.6246476080246033,2.287052642347839,-0.6104009101258987,0.7818293493814816,-1.3862154910973619,Normal
1.6066492414419598,tcp,ftp,RSTO,0.8662562898452693,-0.6643465317497799,-0.3860342532896379,2.845291394990626,-4.015524963881183,-0.38170061231461405,Normal
1.42406934848664,tcp,smtp,RSTO,-0.10583140219091391,2.593614990295065,1.415243933033268,0.4536262173523822,-0.5371994589498379,-0.7025986960333528,Normal
-3.3935169030304535,udp,ssh,RSTR,0.5109908209006668,2.315161147354309,-1.3442200563048665,2.0994213027465163,2.66180136458414,2.6150832345435546,Attack
-0.3928220043547306,udp,ssh,REJ,-0.867884936801159,2.0317983824318664,0.34273888798543806,0.14034116269801022,-2.3086898730181415,-1.0456366670919042,Normal
0.1030919713668927,icmp,ssh,RSTO,-0.25143036085910386,-3.5439980123803836,1.0550945676849164,-3.3408473392676967,-1.7025286639072577,-0.7203594848598507,Attack
4.107372767802821,udp,ssh,RSTR,2.787102573969915,0.5828774705613982,2.5213896611547613,-1.0773822028957798,1.7877613510499053,-1.57239836124037,Normal
4.829435029083049,udp,ftp,REJ,4.587691655392743,1.6152924881045,3.4878708874626394,-1.4049736928885541,0.4923264539813348,-2.5422841151347617,Normal
0.5334065529593586,udp,dns,RSTR,1.3148957302813316,-1.3986522382035051,0.1052948646213604,0.6475641029043633,-1.4688603756319698,1.3649879520127988,Normal
0.45266832364861553,icmp,smtp,REJ,2.4628846600278793,-2.1112455607883174,2.0858206149483047,0.19672658138998578,2.6882887000187985,1.2530174188666874,Normal
1.9909235141673343,tcp,smtp,REJ,-0.7729822474077794,-2.7265281830849357,2.556677826754833,-1.6801254147000444,-2.1740620250497704,0.8210999077570931,Attack
-1.2692817982227107,tcp,dns,S0,1.314627455178498,-1.5213219368944966,0.11541666072247914,1.154941939845508,0.5698221958345306,2.9842543734727816,Attack
-0.3508653890548323,icmp,ftp,S0,-0.04863922068081905,0.8126119303211088,-0.5026623886360939,-0.7205653612582981,-0.9365745824083881,0.8957740841331514,Attack
0.3116687944364927,icmp,ssh,RSTR,1.452765128343961,-1.742859589243787,2.1155654667183104,2.017251356052312,-0.35053576675054243,1.9678263016521789,Normal
-3.2691142726524247,tcp,smtp,RSTO,0.14940312731194616,-1.330883284612145,-0.7629513370407286,-0.09434571220733523,0.3157567616353474,0.8946230089055265,Normal
0.1549028937242137,icmp,ssh,SF,0.371145045317137,0.42455056136102554,-0.712438767104081,0.31869935980807673,-0.2691582561923026,0.2476096809270163,Normal
1.3022808513953668,udp,smtp,RSTO,1.8455109313795584,3.2391814660747626,-0.40112792614848036,0.5791932966258462,-3.333384910025799,-1.1176482297063064,Attack
0.045512896243674036,udp,dns,SF,0.05194168537821342,1.261138070011203,0.12887259262635664,-1.4619033335535003,-3.377141930551581,-2.0449069880678,Normal
0.5108018564496147,icmp,http,RSTR,0.3187532206957372,1.03210378493096,0.4811436494464968,-1.0849277167366886,-1.9908056185767815,-1.5634520410716566,Normal
-0.023926445246249935,icmp,http,REJ,-1.0099885723259159,1.2976846984154342,0.07292178297594554,1.996154346171331,-3.5821691349716267,0.009852143062262453,Normal
1.4565672936379932,tcp,http,S0,1.5704536487693332,0.5866799073701705,1.242622464377709,-2.898147616848087,-2.6488590226621476,0.48209717032596244,Attack
0.6132864521553744,udp,http,RSTO,-0.5145266721833661,2.1144273237874254,-0.3037425282858217,0.06011177015241964,-1.154912024228697,-0.004792388364731948,Normal
1.4663655882402242,udp,dns,S0,1.2799308326349048,0.21416533389948023,0.7039693464029668,1.835816543266199,-0.6726056719864573,0.4799570062686608,Normal
1.165250994551026,tcp,http,REJ,0.8512545128310512,0.07530229660690024,2.4365725604942208,-1.2764456402421696,-2.4166232212608714,-0.9374115223988242,Attack
2.7741748186396658,udp,dns,RSTR,1.893248250542804,2.164208880072306,2.1465866907256084,-1.9694781629598122,-1.8191246476722713,-0.12891156748693844,Normal
0.7020767149083508,icmp,ftp,REJ,-1.0282782776173125,3.200092706269767,0.4850444999341943,0.05428202627696299,-2.0674106515562523,-1.6184307927159767,Normal
0.07260997421910076,tcp,smtp,SF,1.4914126880137,-0.2693631966401484,1.9768629596238851,1.457940216622387,-1.2467314671057346,1.9261312971710822,Normal
-1.2248857404815034,icmp,http,RSTR,-0.3537842097826541,0.35886675454624983,0.10439400679638255,-0.22430724150852877,0.42938697267544956,1.3933478651739404,Attack
1.7887683660902822,tcp,ssh,RSTR,3.3990880494589355,-1.9044167775778469,2.347922164468958,-2.0064848655192478,-1.1537192059843475,1.292923484017046,Attack
-2.3393441626543057,icmp,ssh,SF,-0.7541589924937875,-0.07931402791737319,1.2044860291760084,0.7375312889472003,-0.9289411277194393,1.9803973045865813,Normal
4.573523318437884,icmp,http,RSTR,-0.21085664165430984,1.1987890779024646,4.770110971101593,4.351708843683865,-2.8016940058096393,1.7485550770966631,Normal
1.966056334196669,tcp,smtp,SF,1.041336339080725,-0.07479853893582245,1.0237695069346169,3.1160892914291227,-4.431587764234932,-0.05412062022380448,Normal
0.19141929603107116,udp,dns,RSTO,2.3204001837255452,-2.4647596397629288,0.19964247255828638,0.8018326982440926,-2.5203228933135677,1.461263477914233,Normal
1.3351089685359894,tcp,http,REJ,2.5612142191613447,-2.302404061906145,2.6562619972703336,-1.819505359499369,-0.013614092418621326,0.8265384549514652,Attack
-0.13113917611990966,icmp,http,SF,-3.886629635684953,3.2699289565338647,2.1025757527917666,2.093859552283119,-0.2428385862583914,-0.9472999390632277,Normal
1.9085941711916181,udp,ssh,SF,0.8938107349707668,1.5369232867464069,2.393184136822608,-2.6876105513656805,-2.791194409329712,-0.9267348173818934,Normal
0.44387646034318057,udp,http,RSTO,2.498073404240602,-1.5022357047519388,-0.02120446113124297,1.599669318132432,-3.2267136153419043,-0.3349057694429223,Normal
3.05521339591841,icmp,ssh,REJ,2.2128463990474563,2.0063075130372803,2.6519543217800376,-1.6153444583013212,-1.5317274442959015,-1.3559831737260266,Normal
2.4314706057522777,tcp,http,SF,1.38178941407553,-1.6467588802519937,0.7805238603383188,1.472241693974121,-0.9727835890785098,1.07943615664183,Normal
0.2789763779921039,tcp,ssh,RSTO,-0.7159233208401627,-0.2635069371409997,1.248141637466276,-1.4330173383201779,0.49654718831468525,1.5351727694722324,Attack
-1.1723393544789456,icmp,dns,RSTO,0.4092522238152606,-1.5950640676907266,-0.812665145985072,-2.63595803765305,-3.4600022393630545,-0.7145765617676241,Normal
2.2638594258666633,icmp,http,S0,1.7703696313345856,-0.6610974206368065,2.2094087694633187,1.6995675988372254,-1.9225234583096307,1.2953097728667815,Normal
-2.109572119934472,tcp,ssh,S0,0.23378741961031946,0.5931385166532854,0.8714707704084683,0.9074436470122236,-3.5687938029076594,1.2635052292519842,Normal
2.550009562143255,udp,smtp,REJ,2.7928307273407476,0.3634549044253699,2.345492262223605,-4.081743693028953,-3.6614613411164285,-3.399445224956143,Normal
2.5018976935847625,udp,http,RSTR,3.009724905626605,-1.4399050416325394,1.8087546583502676,2.8706175464333934,0.14803985751602888,1.5615682175616907,Normal
-0.43567587973178395,udp,ssh,REJ,-1.3421861662730579,0.10757157916949334,0.09271547330499963,-1.5204090972139608,-2.0103137239860334,0.26265599686224705,Normal
0.11656300490553034,icmp,dns,S0,0.4879051948367922,-1.0455497544147614,2.0539746462488075,0.8875969213408548,-1.5877354449637764,1.6968844637593878,Normal
-1.3171833667556059,icmp,http,RSTO,-2.636025509507191,0.1662707031787547,-2.32522798516379,1.3458005538672797,0.8464768421025453,0.5888994813216859,Normal
1.2519064191784084,icmp,ssh,RSTR,2.3046295417894536,-1.7853828801388945,1.2839810462217611,2.553748272347713,0.8481099913868635,0.46456490075110024,Normal
2.8632200253093036,icmp,http,RSTO,4.004349180546303,-2.6070603657516367,2.4017272059789647,1.4495596823720764,-1.2388836761460469,2.6487184305795592,Normal
1.087201327639064,udp,ssh,S0,-0.20601696926227286,0.5417164249870714,4.925661800420009,2.355333014019032,1.941373337415512,1.7683675253945559,Normal
2.4162695482891587,udp,ftp,S0,1.667828608685638,3.2094741892325014,3.3748754670714685,-1.0304666473052462,-2.506352063792634,-1.5716611266066092,Normal
0.9307815180487488,udp,ssh,REJ,0.8919793959892699,-0.7169781855016844,2.9356181152521525,2.3562113843010986,0.04756951528834796,1.5969439354549886,Normal
2.115408269161231,icmp,http,RSTO,0.5980727504233077,-0.9392868988023042,1.0027189534934886,1.777882374231988,-2.5289943422480805,0.03442393230306506,Normal
2.020480557933854,icmp,dns,SF,1.9913898451552559,0.7084277638206649,2.1856234268523114,-2.0833829361404073,-1.9446310775457896,-4.191766193269752,Normal
-0.5908151852586407,icmp,ftp,RSTR,2.6741072140101965,-2.9142246080427725,0.15465151817665912,0.9208591389833058,0.9946130709216461,1.4622925137597638,Normal
-0.5897019983182469,udp,http,RSTR,0.45755177522244517,-0.6700979423395113,-0.9216207664106588,-0.5458550272589017,-3.2587961885946743,1.1828544043775955,Attack
2.842901338319606,icmp,dns,RSTR,2.671845768913368,-1.7670443585431945,2.8513936343039585,2.311932121417307,-0.08775908637863006,0.11468800235903787,Normal
1.972882812594114,udp,ssh,REJ,0.7104252319067945,0.8161265157794986,0.3741311170070839,0.6626417315253028,2.1714706545357934,-0.0851201855842324,Normal
0.9936190959725603,icmp,http,RSTR,1.1880724936053595,0.9335358910737956,1.3233640809229035,-2.509368468138696,-3.5026999390146414,-1.5466046269907916,Normal
3.1991227881654214,udp,ftp,RSTR,2.2953907938680054,2.6912353035205294,2.6541481427953055,-0.19716783940073412,0.0799536504972922,-0.5159091045544417,Normal
-1.227503629478695,udp,smtp,RSTO,2.3307944734694184,-1.9702764059801918,0.4948747623786319,0.07856381989426597,-0.8892287356321454,1.5207712956867514,Normal
1.2875675013926242,tcp,ftp,RSTR,-0.4909569339362807,3.3266363489718023,0.9454510402270655,-0.9585759410302984,-2.6800277085654414,-2.802621947506956,Normal
2.8390937269065923,icmp,smtp,SF,2.8185895705064317,-2.05036053645566,1.7505007950198013,-2.6579921551611343,-3.2742942217883213,0.9347241907594976,Attack
-0.8309498235129097,icmp,http,RSTR,-3.9152200073203467,-2.690634895913872,3.633457012253195,-3.1892090309036503,0.8007638254855713,-2.1066042294818534,Attack
1.5449864990720004,icmp,smtp,S0,2.0818061879704413,-0.07455447442914065,1.3514959965671551,-2.658343443547591,-1.7581205451006592,3.079089949708793,Normal
-0.2558720122439501,udp,smtp,REJ,-0.4198634039780451,0.5432225960080592,2.3507482954973318,1.706813358764237,-1.7276142962297758,2.0985736092613685,Normal
1.216988995154732,tcp,dns,REJ,1.2535207641443593,1.8005134499005822,1.9363177353111087,-3.058120855243839,-2.6062329188299276,0.637737276266239,Attack
0.6379074183310942,icmp,ssh,RSTR,2.502921175542312,-3.6529918215413493,-0.9146781353815989,0.4808980510688802,-3.1456414141084337,0.5934002937504228,Normal
-2.1962829843663765,tcp,ssh,RSTO,-0.03384444168049616,-3.666628921141373,-2.2458333261584755,-2.637245732606099,-2.2993017460693213,2.572893368586043,Normal
-2.7589475719642227,tcp,smtp,S0,0.032749399642155286,-0.653900777558747,0.02362924836629343,-1.2369763589489713,-0.960776882993383,0.21343354058190356,Normal
3.4186967536717403,icmp,dns,RSTO,2.5824063383244047,4.276859674383431,3.375582135971683,-0.12278757659262718,-1.4661040684022415,-1.910501285135559,Normal
1.1399188457304157,udp,smtp,REJ,1.300516572523646,0.9022577871307722,1.2718502284564122,-1.0508988703814035,-1.5345718406594462,-1.9906371584408233,Normal
0.3848392459948585,udp,ftp,S0,-0.20934424587715128,0.8137489438540182,1.1550994609092475,1.8237591789656022,-3.0357087732258714,1.358530470391185,Normal
1.6514448954885859,udp,ssh,RSTO,0.6812621965698369,0.3608921379939848,1.0950407846924561,-0.8907979639421842,-0.16859214538772427,-1.7521647519806143,Normal
1.0975089026272817,icmp,ftp,REJ,-0.3035305379358191,0.3370424454709984,1.9581056650911797,2.1872803907747764,-1.4630216920901746,-0.3434445150623322,Normal
0.6436571196096073,udp,dns,SF,-2.660220201950237,-1.2413546965916404,4.602208118195623,-2.5227132543604647,1.451506714442644,-1.2872909690294518,Attack
2.095875380842421,icmp,ftp,RSTR,2.535596435254926,0.549526928053532,1.3587866793373908,-2.3388124025855093,-2.074380071408723,-2.483558752566355,Normal
1.8783486610703664,icmp,dns,S0,1.124689847106835,1.9148574757533745,1.2006922475737276,0.2917347180792911,0.08988030589308571,-1.4305962494423339,Normal
1.1009288048678623,tcp,ssh,RSTO,0.42798986056225874,1.7628570671905537,0.7340876539563872,-1.433903027843907,-2.145355801708563,-1.1010105964826862,Normal
-0.22277793606839416,udp,ftp,REJ,2.561051514426725,-2.8190823076126525,0.3423101367633442,-0.24810103481865786,0.780851810528993,0.4833166348327137,Normal
1.2363157535759384,tcp,smtp,S0,2.308517735864,1.5282150252834383,2.4622355203615167,-2.5872547790000464,-4.452973077360915,-2.84715037737908,Normal
-1.5940434852545697,tcp,ftp,REJ,-0.06868988936417697,0.7975701906307681,-0.2920645477976731,0.28338035987765164,2.4168508623246456,0.8198555677514547,Attack
-1.394497034327346,udp,ssh,RSTR,-0.4721270851844819,-0.3672419387609025,-0.21202168431635893,-2.733101592346612,-5.078397365457365,-2.461077567686265,Normal
6.409156261724056,tcp,smtp,RSTR,5.3361308530202365,1.8590403493979482,4.969265212569093,-3.7145571223198606,-0.6511874252452646,-4.062071041353209,Normal
-1.3953520071537031,udp,http,SF,-0.2834429415423634,-2.095251432131189,-0.8467152066412451,-3.071972308299759,-3.190914903893222,2.125043762887082,Normal
-1.6981191050570905,udp,smtp,S0,-0.7983303069439476,0.46337755844836215,1.1747660963109832,1.656435323832515,-3.1222329589700037,-0.7733229775544517,Normal
1.9593575044948315,icmp,http,REJ,1.7118083333592455,2.1132169034795294,3.2163823423423827,-2.846321431797517,-4.448983447640361,0.1572414271897823,Attack
1.7820028202156695,icmp,http,RSTO,2.1940246384906645,0.01088461812024577,1.2367724936238509,-2.465913657262969,-2.0947700006397203,-4.096006755058345,Normal
-1.6545736111403127,udp,ftp,RSTO,-1.0923663343099044,-1.0685640969277386,-1.5284354658214254,-2.443298173715026,-3.9319513168354274,-0.47532434150135494,Normal
2.3020499520778577,tcp,http,SF,0.08236034522507407,4.614066683679575,1.7796194647447967,0.7985762822610645,-0.9435286316340266,-3.2356927765504335,Normal
1.5399013644953026,udp,http,RSTR,-0.2639638922570864,1.1523388838447137,3.2692434587639863,1.3495560869840526,0.8095633891604932,1.9795425133599946,Normal
0.05919272500241361,icmp,ftp,S0,0.8057995432744873,0.7188646905271268,-0.3252411075542154,-1.1855352977672358,-2.659634761054164,-1.587166534941085,Normal
-1.1272443620156558,tcp,smtp,RSTO,-1.3435201755565054,-1.4134812336228335,2.806185590957729,-2.7101112333751556,2.301116846461077,-0.609167644947401,Attack
-0.06635428075366576,tcp,smtp,RSTR,3.607455890591408,-2.1766507774139385,1.5413623447421463,2.2367793326516248,-0.11396462553951492,2.2766811415281936,Normal
2.3051331231467778,tcp,ftp,RSTO,1.0668956618557146,2.593301784577536,1.393443793224827,0.06431363257004752,-0.25551767914645984,-2.433871203333466,Normal
0.14559961905582536,icmp,dns,RSTR,1.712660737980175,-1.4984921513888645,0.4260554974601667,1.0473424701745828,-0.16285984494034678,1.1403451668937414,Normal
-0.81345522567733,udp,smtp,RSTR,-2.2405421993155246,-0.6961223177730564,-1.6390449953381006,0.6424350856480896,1.2459373240102334,3.0014695576114576,Normal
-0.22967228090584715,udp,ssh,RSTO,0.06884161006757494,1.8426690097838687,1.3723780043133473,-2.022878897683099,-4.839046517134874,-2.144769871975556,Normal
3.069510936225105,icmp,smtp,REJ,1.7353398234921475,2.6017334771118934,2.635991827937292,-1.1395257571802884,-1.1473295745320364,-2.4051024338235862,Normal
1.3561728972263642,tcp,dns,REJ,1.6941554414481639,-0.1403891505392163,0.9513065461702158,-0.9355969611486735,-0.21340023850825396,1.5237032994744468,Normal
-1.8634505931177716,icmp,smtp,RSTR,-0.8967975510263921,-2.020477285477761,-0.6888048150549515,-3.5938550320537104,-4.294859985114121,1.2307625273278089,Normal
0.7803520530689769,tcp,dns,RSTR,2.8789050360971027,-3.863292705633196,1.1458240368276824,-0.6233964643920507,-0.18057950562960934,2.3220116548819565,Normal
-1.8361268418672019,udp,dns,SF,-0.6292225051808569,0.8266725723705834,-3.8300111880656154,1.0124939211758495,-2.9035528257456495,2.502052018287631,Attack
3.7103356096600075,icmp,ssh,RSTO,2.673235118594694,1.9098130531388842,2.9099572863459464,-0.9250225039813073,0.22546521246367135,-1.725433178876936,Normal
1.8465105523413545,udp,ssh,RSTO,0.01018718948480657,2.2363371479229475,0.5295452634927268,0.18323116110735405,0.11591682267490189,-2.1122147567153062,Normal
-1.3730638600755298,tcp,http,RSTO,-2.4775281995076472,-0.9344695599446609,-2.2831679287714137,1.6725338637633098,1.8954239028403759,1.468189549913979,Normal
-0.020705252478692687,icmp,http,S0,0.8838105696969161,1.1930274512040506,-0.0305325788875348,-1.3393300562069832,-0.40923756401661326,0.21230219993114696,Attack
1.7087306594883502,tcp,dns,SF,2.537624113069327,-1.4592309338494918,1.067397496475402,-2.885074495237718,-1.2861209121864856,-0.3060909491940008,Normal
4.250906207618139,icmp,ssh,S0,2.5265691003770216,-0.568321656190159,2.2077729047277863,3.4347637685317793,-2.6208747168253277,0.4778879780403209,Normal
0.34691756764421,udp,ssh,RSTR,-0.18681485602189163,0.06690105470199437,2.084086543628914,0.691478160002017,0.3365337660996055,0.9122066391091959,Normal
0.07756277282800453,tcp,ssh,RSTR,1.8022827761360871,-1.6189671703444541,0.24819253235746863,0.4197665341796568,-3.268107051991612,2.8987726685730486,Normal
-0.22625790316723124,tcp,smtp,SF,0.6283115743978444,-1.7289489916930023,1.056387645813295,1.5687285613779944,0.03335476441028007,-0.34352797902759846,Normal
-0.5308647233316602,udp,ssh,RSTR,-0.45981144889127834,0.18403441179027502,1.7578795788941242,0.8312844396919532,-1.2707055582355182,0.9235060650807683,Normal
0.9189838135480217,udp,ssh,SF,1.3697452194225375,-1.3910457201586621,2.3900901584556395,1.2903779228186676,-1.5977059434952459,1.186497910113696,Normal
2.7107751299990523,tcp,ssh,REJ,2.0816100130996436,0.9856612966998922,1.4645723000291078,-0.7301786999439477,0.2197924966197693,-1.0353316850331211,Normal
-2.031632565810699,tcp,ftp,SF,-0.47734747778703746,-0.04249620177132196,1.4736598220531971,0.5702485641869486,0.7341013339726294,1.583714034331054,Normal
-2.3310081746396687,tcp,dns,REJ,-2.5714389370283883,0.8974923970824648,-1.7850235944043775,1.3812584929297334,-1.2465684154670895,-0.529140357041122,Normal
-0.7586107293943588,icmp,smtp,REJ,1.2536572441668847,-2.3721766456411197,-1.201793440554583,-1.3353705013294426,-1.8647415129058498,1.7641789881428602,Normal
3.965055014374081,udp,ssh,RSTO,2.90637914481498,1.8976583177336903,2.6685762461859586,-2.5717099974958533,-1.3557208810183823,-1.2431816444217403,Normal
-0.24251711456272587,icmp,dns,RSTO,1.2317038428891791,-1.189957948971725,2.349318437284895,1.6482324867779397,-0.8003351175553844,1.5628479154763242,Normal
-0.9485698181836066,icmp,smtp,SF,0.6306474116497935,-1.4445461332390945,-0.8379943411302169,0.5092947641655752,-0.7116984604400758,1.3797568094707904,Normal
3.329077455269234,udp,http,S0,0.6478782032374466,4.18389192281674,3.434201564512457,0.8283729486877174,0.471318546985084,-0.9282368949569427,Normal
4.449215908257123,icmp,ssh,RSTO,4.34140402680225,2.2864467637603174,4.5085602217873415,-1.6304464053367527,-1.0662513494711123,-4.9222553934564,Normal
2.541787801649719,udp,smtp,REJ,1.537747650414302,0.7349378743794499,0.820928551221654,-0.23360588156343642,1.2367837392924348,-1.8156831217420468,Normal
-0.5593305520058743,icmp,ftp,SF,1.8738370052911812,-2.0151690760794434,0.8841314434908991,-0.31918691971571933,-1.7058296326935398,1.2333265881799655,Normal
0.1418951188740011,tcp,smtp,RSTO,0.9224155439997195,2.456471488386117,3.930656501475427,-1.8871936344280158,-1.562393953975938,0.8976328946943275,Attack
1.4055883340728264,udp,ftp,REJ,0.48752501978298235,-0.8151005246718641,1.3316557333264747,1.7197526915111956,-1.3197230755632892,0.8950861846086509,Normal
0.9798442819252378,tcp,dns,REJ,2.3132660643123,-3.0995469560638393,0.22164454345183005,-0.45168066671716534,-1.1428281077041338,1.48909035907746,Normal
-0.6400836762040342,tcp,smtp,REJ,1.2415343652736215,0.648225266491141,1.2101865213162124,0.2634691264093383,0.8970266521209338,0.2531161816848073,Attack
2.8567800917331496,tcp,dns,S0,2.513837693280599,0.8134831224844978,1.3511805868593398,-2.1109223498483747,-1.066844507813208,-0.868519471558421,Normal
2.1650129343886575,tcp,ssh,SF,0.8474433762250584,0.5463907392184186,0.7089672715550033,-0.7858579423108216,0.501922915481384,-0.4550223828851029,Normal
3.2761099091141386,icmp,smtp,RSTO,0.5974047476107336,-3.0751500230102904,2.7217116893156628,-1.9253732803127508,-0.18567873232449306,2.8414312309631393,Attack
1.3681826795425562,udp,ftp,S0,0.15986075071879569,-2.100369556065238,-1.7059081546018682,2.0386629861897307,-1.8692299590059422,5.546086378838185,Attack
1.09108834170526,icmp,ssh,RSTR,0.24765132292303949,0.7786261526055062,-0.19359980634629936,0.17937449526316174,0.35551120901820266,-2.023623389891756,Normal
0.43551077488909495,icmp,ftp,RSTO,-0.4548986312802108,3.087198110539241,1.3962774412817625,-0.8196599028768398,-3.4039051796483,-1.0891896270687138,Normal
1.403708304906187,icmp,ssh,S0,2.2052915534295705,-2.6275913816960537,1.1042578935397127,0.9439921436228091,-0.8502750070715278,1.8307382945458541,Normal
-1.8273964565790828,icmp,ssh,RSTO,-0.7141133339352745,0.42022402085918564,0.9235570067418418,1.200845168293967,-3.515826002151978,1.2413664847020045,Normal
0.8023037362587951,udp,ssh,S0,0.18308984715439214,0.8348906997050222,0.31333116952062146,-0.8992108581026004,-1.2314106239793765,-1.1191614906322345,Attack
3.1700188320806104,icmp,ftp,REJ,2.330101015571226,3.1976904474189936,2.089854082193689,0.26095961323333094,-0.33938346136931374,-1.2033447909843336,Normal
2.3648000234057434,tcp,dns,RSTO,2.611498356475006,-1.8470743103366671,2.512173054305547,1.864263288142456,2.1241976103396683,1.803104617220457,Normal
0.38248118320373653,tcp,ftp,RSTO,0.5253082360548493,-0.4075770426839087,1.6516366295144769,1.0672537571790313,0.02644162975866493,2.189080370046697,Normal
0.30921597195354583,udp,http,REJ,1.0685856657627113,1.2115244901192208,3.48115172459938,-1.0385282144099963,-1.353925242294773,-0.8291982708260066,Attack
3.6878678743271394,udp,http,SF,2.025180004645059,0.8242627597846321,2.585332848144585,-0.6813878848634305,1.609817393161241,-2.9396010471004934,Normal
0.9474776670112278,icmp,ssh,RSTR,-0.161035170395875,-0.32833577177609274,-0.574229847735324,0.9086779619507919,-3.0954203961409323,3.3460448111467604,Attack
0.883693195403238,tcp,ftp,SF,-0.5688853381868688,1.8553813522144151,0.6281242383455988,0.04281059913277829,-1.038857185869887,-1.8053459162053658,Normal
3.6009771932364303,tcp,smtp,RSTR,3.6030411468576418,1.5618281997359658,3.272173695071092,-1.1137728870497365,-0.23773715181992572,-1.9862184156755165,Normal
1.1497743080508813,icmp,dns,RSTR,0.13266218117132045,2.3134054713206047,0.9038067775122118,-1.0108364140196986,-2.4760086376346386,-2.176767436212195,Normal
-0.6909416217225516,tcp,ftp,REJ,-1.5137261483618625,-0.6681069225469132,-0.37532410199192,0.1593471028451967,-1.826771511109225,1.842912439574595,Attack
-0.601689277906498,udp,dns,SF,1.7010732726214188,0.4614515120244108,4.833843886094837,-2.768004177865313,-0.5582599496840001,2.177935947510303,Attack
1.2165065718277686,icmp,dns,REJ,0.5690082794422731,-1.7657750919757347,0.024969083549453708,0.10704407378092673,-1.3313632178556776,0.09813452284081425,Normal
-1.6233508134127557,tcp,dns,RSTR,-0.2879333321732136,-1.2466037181623397,0.0193909463639671,-3.0656108279765992,-4.640235139381401,0.149495851920608,Normal
0.11262228135209522,udp,http,REJ,0.19331105857487751,-0.5011872217537132,0.3210353702689156,0.8561472815306632,-2.379383369621139,0.23465315967487477,Normal
2.460611205227944,icmp,smtp,RSTR,2.534498825252152,1.1499964752951342,4.062281322635259,-3.585328970425848,-3.6082368336901927,-0.5999926351027254,Attack
-2.009789907871766,icmp,smtp,S0,1.707010691387002,-2.2126975365154586,-0.5702664795003765,-1.4337525706808285,-0.21513126007468686,1.9469344062513667,Normal
2.4803039765998425,icmp,ftp,RSTO,-0.2970182416622682,0.43498167725682246,0.16573100886054326,1.124492152773408,-3.390833027762887,-1.0116282694851555,Normal
0.9667052320329063,udp,smtp,SF,1.673091979480838,-0.883073731428553,1.6159315144110138,1.7724854681184816,-1.489641307282429,0.7631577606382066,Normal
1.2141217881716388,tcp,ssh,SF,2.5570492411889267,-2.540044307130694,0.2535473146926269,-0.17883691646078415,-0.12565866325744057,2.0930851037265548,Normal
-0.41075081007149267,udp,dns,SF,1.8925033370407784,-3.1177590037004177,0.013820185335565172,0.06257553765620238,-1.2018766577724789,1.5922852341617455,Normal
-4.1230313598737105,tcp,http,RSTO,2.106260980388826,-2.0867172100904785,-0.747382368739822,-1.3247099725203006,-1.2477743904737568,2.653476854872187,Normal
-2.112908814392551,tcp,smtp,S0,-0.030313639867225906,-0.5417865953991927,-1.706188129106955,1.516182618700502,-2.690134934005521,0.34025567580718785,Normal
0.9006451276124733,udp,http,RSTR,-1.1750773852045702,0.9113587148695752,3.0323020401134806,-1.5510717977052502,0.1848502388242086,1.0481480248536363,Attack
-1.180688363807592,udp,ftp,SF,0.00472374530956543,0.3889709114740506,-0.42531950176669664,-0.5398366208030412,-2.653977301510755,0.31070890910712246,Normal
4.710849403312246,tcp,ftp,SF,3.820138518805743,2.372567553805082,2.472269836521275,-0.8131247103589168,0.5908565947201214,-1.3028755374840149,Normal
-1.2492101174446475,udp,ftp,RSTR,2.3997298596473433,-2.27469195924607,2.7883313606001803,-0.21436854172338027,2.00391246093171,3.7278699903499124,Normal
0.29527366777459246,udp,ssh,S0,-1.1477772136321862,-2.3857000064557186,1.523695476331876,-2.333254821622332,-1.4871275556025714,0.9149188757606925,Attack
1.4539590314956745,icmp,dns,SF,3.0572658672494746,-2.259651771253477,2.5138926193575992,2.2279951738170363,-0.06315055832166783,2.322001989332965,Normal
-0.9492588800644349,icmp,ftp,RSTO,2.5128911193007895,-2.8892608905801787,0.5461767314298467,-1.295186443341343,0.2498689267548364,2.8284583180440404,Normal
2.7214063156837938,udp,http,RSTO,0.17159367241509715,2.785964996998639,2.435588088245057,-1.794677276326417,-1.4718936625383585,1.4165135520068417,Normal
-0.34577624074623486,icmp,ssh,REJ,0.18194379041549225,2.673090972379935,1.9785601184989279,-2.89232964271154,-6.847423835973094,-2.582027298993988,Normal
2.8829494748727607,udp,dns,REJ,2.020720411464917,0.5624520484439317,1.6097015499482736,0.9253564428515852,2.626229599292049,-0.36945921537099813,Normal
3.131098193465432,icmp,dns,REJ,3.406401589969946,-0.9734937789639456,2.4883827984476703,2.803130274152257,-0.2978620321990548,1.602481393063059,Normal
0.2056979801090178,udp,http,S0,-1.2749624070687493,3.014920782368214,0.2175768904691321,0.08548540357527368,-2.3791198956028707,-0.388140538814821,Normal
2.968670413352804,udp,smtp,REJ,1.5277354936830876,3.062252843235211,1.8251038048070636,1.0364197984400367,0.7940666798474456,-2.278739157192228,Normal
6.534294607668018,udp,smtp,REJ,1.151034759578331,-0.43574359141863095,3.3139193303645396,4.278600993237524,-2.707517957134856,-0.22732322851165931,Normal
1.5408992218352948,icmp,dns,REJ,-1.949874428925464,1.7837683847447927,-0.5031571180798897,1.9374959847512523,3.597011972168689,3.4249605520533404,Normal
-0.5132316396676516,udp,dns,S0,0.7508221594161322,-1.7999219778519975,0.9649689025451761,-0.3855962445116754,-1.700447058245773,0.9503170846684561,Normal
3.2478546214435893,icmp,smtp,S0,2.158244787307479,1.8748721167725135,1.6288116594767494,-0.03719502792112317,0.8733869370672294,-0.9944293933300115,Normal
3.6306240273333326,udp,http,S0,2.678605652696697,2.008269161024188,2.9253629225731204,-1.8491975656748774,-1.0937695975918655,-3.910456780273645,Normal
-0.19771101368460783,icmp,ftp,S0,-1.369248893307513,1.7178190440721826,-0.24174902928332132,-0.13633784662912862,-1.5721313757689115,-0.12225205951839369,Normal
-3.4340808982504427,tcp,smtp,S0,-3.257736825841456,-1.1287631740107624,-2.509348410609697,-0.957186019866285,-3.375535547371257,-0.07596402810692993,Normal
1.8026158179198732,tcp,smtp,RSTO,1.932195673520361,0.7193951245632306,1.2836397372634205,-2.191396189550938,-2.1575424017703715,-3.0718031214101766,Normal
-0.36683776465473117,icmp,smtp,SF,0.27745193761487685,1.0181604145053371,1.252414931128771,-3.0287650041756273,-5.733628175431229,-2.2377985422779414,Normal
-1.4580484463084282,tcp,ftp,SF,3.6409365842370773,-3.871316727574182,-0.17017225010655634,-0.33061852775951883,2.264267974252654,0.0283463205091401,Normal
-2.3715563805998787,icmp,ftp,RSTR,-0.06076120520095407,-0.8274666454241465,-0.09479171996658375,-0.6988876637648083,-0.38916752502184004,0.4358682215555739,Normal
0.5194781204445469,icmp,ftp,S0,-0.7574819367079137,2.4117326340633665,0.8813173381299169,-0.7925516763929953,-2.735027254611669,-3.438856948343802,Normal
2.5348158432353425,udp,http,RSTO,2.54058003096534,0.9665218831860661,2.306451186050526,-1.3817331130948625,-0.9909263545636533,-2.671984581657222,Normal
-3.9188459151431525,udp,smtp,SF,0.12639221172511417,0.20877800641028832,0.189490027660145,0.013639778985339523,4.320969319301856,4.209911105003691,Attack
2.036379254519652,udp,ftp,SF,2.0130035637105097,-1.9405806428488726,2.6882687622208623,2.195720295932925,-0.015241215143145914,0.6600279338255692,Normal
2.5613586450250883,udp,dns,REJ,3.480644334925106,-0.7313402207630444,2.162518999335658,-3.516585479036674,-1.7279572889999915,-0.24109251990598923,Normal
-0.5649365460406668,udp,http,SF,0.804017182169992,-0.8069459256100922,0.19863689512712723,0.5819500770714436,-1.7439743958727356,1.6489493197527363,Normal
-0.8140321626863181,udp,ssh,REJ,1.5861873488888707,0.5510998550948216,-0.2571503610222945,0.5745424853961929,-0.7324540578412932,3.4394901600547003,Attack
1.3221464161639822,tcp,smtp,RSTO,1.185810350145007,1.8180865365747207,-0.010368125806088146,0.10438711235407916,-0.3923204037753176,0.8966026895883639,Normal
0.7415234525449482,tcp,dns,SF,0.18316977374886345,0.36774451042585365,0.5781326019199915,-1.096215838217036,-1.0339734016491007,-0.6952475907764878,Normal
3.7885856535587816,udp,ssh,S0,1.9554182255098191,4.714919877129117,3.6594576095248548,1.0400102419352022,0.3191342821289864,-1.820844449175647,Normal
1.43027921441744,tcp,http,SF,-0.041576881673828225,0.2751646205187859,0.07509390008086114,1.1499618236872489,-3.868363500748841,0.6413786724057582,Normal
3.243181195956499,udp,ssh,RSTO,0.7909757761031131,1.3442300952345236,1.45443678837421,-0.0934665959320845,1.7081129782180802,-2.45107918254423,Normal
0.9269235546734101,icmp,ssh,S0,2.482067383425461,-2.3845766343044037,1.4395315977291996,-3.919809672981751,-2.358477352502999,0.15255283175652345,Normal
-1.1976830578130482,tcp,ssh,REJ,0.6846914277955688,3.2339205330080403,-3.5253970969186703,-2.015419204127359,-1.1429190140609173,4.109414964009471,Attack
2.135181325290483,icmp,ssh,RSTR,1.0202601454032725,0.8073805613405534,1.025707464245356,-2.280146980026384,-1.4286364899773463,-0.3130615420353128,Normal
1.4973510434699826,udp,smtp,RSTO,0.7612849390311278,2.2646545210088327,1.54176364758038,0.10083479231640813,-1.019656752550153,-3.0135540771666127,Normal
-0.9427175971193349,tcp,smtp,REJ,0.8368602338234574,-3.27772507297198,-2.73651149912659,-1.0979419685205616,-0.19169808249510556,1.0634771035415649,Normal
-3.984848059517402,icmp,ssh,S0,-2.6414688631973813,0.8577393080419535,0.2093088897505614,-1.3504163315589852,-2.9598694752567285,0.8854048576297602,Normal
-1.2998628539081805,tcp,smtp,S0,0.9880241690873925,-0.9204879515649422,1.1705121843085688,1.255476848651855,0.781088972034945,0.9538054927589987,Normal
-3.340960548237513,udp,smtp,SF,0.11371330734132967,-1.3378955357673454,-0.4389677409547701,-2.304543028415067,-0.9361543117615554,2.953271395554621,Normal
-5.028313124319914,tcp,dns,REJ,-1.361477898974233,0.5441898611822025,0.22858508941503575,-1.2541665174336605,-3.3140013529512715,1.3521141879362737,Normal
1.3130395002868636,icmp,dns,RSTO,0.5161438986118463,-1.5988710124845107,3.978655712350045,0.645093312924925,0.8459984761052237,0.46948778124942203,Normal
-0.1775186085943525,udp,ftp,S0,0.4899306120725654,2.91555372712734,0.4597233955624159,-1.4424235840537925,-2.087737538514034,1.0482823865200364,Attack
-1.417272724168753,icmp,http,RSTR,-0.27921435776282366,-0.9791576588755943,1.137463208253301,-1.2221771705002413,-1.3576284441409125,-0.32798165306222704,Attack
1.1486431366893424,icmp,http,SF,1.7840441131884415,-2.671339796099712,2.394887173584726,-0.8605993757046093,-0.20335393223854314,2.170641020810648,Normal
0.42095348365404106,tcp,ssh,SF,-0.04130179925100319,2.492518920393921,2.503260918933273,-2.588569238698593,-2.056170799739567,-1.0287772254231324,Attack
1.5327934982535412,tcp,http,RSTR,2.2411648010745253,-1.0297947381759702,0.09620105703673842,1.0153917700730506,-0.2901992556912171,0.9715509719728233,Normal
2.6643959856831545,tcp,http,RSTR,2.1649627268879836,0.5220007333806229,1.1862032183870315,-0.11282448091555253,1.44564037609562,-0.48421337086587746,Normal
4.69744918659893,icmp,ssh,S0,4.598990941458505,1.4651964737716718,2.6630877115909963,-0.32976466575480645,1.7709356154136846,-2.4560612024548734,Normal
-2.004233873855446,icmp,smtp,S0,-0.2266035964896107,-0.6058991278090808,0.2999500493954965,-0.2042031441402783,0.8455520468756395,1.8283441919797383,Normal
-3.2675698124582353,tcp,ssh,S0,-2.669607089415564,-1.1757163481474526,-2.5601963619446173,-1.280687157780978,-3.2831556881818775,3.29610083547961,Normal
1.4900201863515543,tcp,http,S0,4.756417065524179,-4.036881105067411,1.1429319399163662,0.3140810739014228,-0.01268821982584456,2.9383216898323665,Normal
-1.371134847190666,tcp,ssh,S0,0.3810330555104974,0.05517772010104216,0.805580170912852,0.8008851450281079,-0.5382557276088606,0.5007223115459634,Normal
-0.4811683554041454,udp,ftp,S0,0.44548385153998404,0.8618857949579655,-0.07824718250382667,-2.7354722244493126,-0.16209298684965057,0.6378289157260203,Attack
1.2350201261090046,icmp,dns,RSTO,0.005931754544258316,2.013313774795104,3.41329325078266,-3.549787851008335,-6.323166610807621,0.7143177388979879,Attack
4.488778478602821,tcp,ftp,S0,3.129545801041114,2.3813098995211495,3.912768831927245,-1.5331590565254063,-0.3370757573673089,-3.327674495231168,Normal
2.115226290653829,udp,ftp,REJ,3.215360986169299,-2.338862523371187,2.2966871786702603,1.5930553738363247,3.019040436305242,0.9748039105668201,Normal
0.5995820311135864,tcp,http,RSTO,0.0030775933278186507,1.5595710546029418,1.4492695953944568,-1.861081740167904,-3.241138269724175,-1.5288696697606647,Normal
-2.6186746513035675,tcp,http,SF,1.0849817724584132,-2.5749924763414933,-1.9325729237613172,-2.200969156809125,-4.6757666775054805,1.5059645699836541,Normal
1.0623445603932042,tcp,smtp,REJ,3.2587942880910847,-2.332411963181499,1.6134735253793626,1.4712388640424316,-0.4127140184563364,0.6984814045163636,Normal
4.547563764191911,tcp,dns,RSTO,3.5119349946966123,2.230138856561255,2.3638479364707585,-1.3389590274441001,0.1361842966584894,-4.137539751756918,Normal
-1.191112610231309,udp,ssh,S0,-2.329498505022598,3.1318844135663344,3.3279652283532046,-2.461160682672394,-1.0311459643159975,-0.6135740753460732,Attack
0.3999189132027692,tcp,ftp,S0,2.720736162824192,-3.3403398052767272,-0.253073584834997,0.11498934331795552,-1.5792128022749434,-0.08433537894115872,Normal
-0.061626963923457824,icmp,ftp,SF,-1.168627777682493,0.7926991815046487,0.40225382718552527,-2.0148026511782016,-3.0240883353827916,-1.7974172138252165,Normal
-2.8523906808444,tcp,ssh,RSTO,-0.12463343675656091,3.9307300236921567,-3.3766853090841,2.0522150926055605,-0.06238823241240965,3.9309865118882645,Attack
-1.4443696152909236,udp,dns,RSTR,-0.2043087775375998,-0.6159408636985755,1.6493883436319094,-0.30328340182529967,-0.5293651548924287,0.35725058136424037,Normal
-1.1341620592809707,tcp,ftp,S0,-0.9826477880866773,0.2999721675360878,-0.7744871732721375,-0.03984789842005565,-2.5808114825014776,1.0594707539753692,Normal
1.0611308659943544,udp,ftp,S0,1.4502694928750357,1.3653209950795833,1.0154814402537478,-2.3170328733331242,-3.4646029115133814,-1.2949882073798975,Normal
-1.5815434013464005,tcp,http,RSTR,0.3095583199330765,-0.43379977273959713,0.6053186207248513,0.7457166065431272,-0.15804299010130962,1.8689718223186151,Normal
0.20105347319434633,udp,http,SF,1.1352402667972945,2.6871436509310103,2.395792730512648,-0.5942906397879615,-2.7762832998307445,0.33937624614570283,Attack
0.66862201452672,udp,ftp,REJ,1.1248197549171908,3.6699803502761497,0.6273909377874003,-2.2099984969655293,-2.611788757237589,0.14479093693209055,Attack
-0.7922847916156636,udp,smtp,S0,1.1189507971783588,-1.3040969770626147,-0.7791136193941837,1.702443053437775,-3.226331605781101,-1.1657862813495576,Normal
-1.3099637234123238,tcp,ssh,RSTO,0.1513580767335212,0.3292100917821299,0.5405095685229009,-2.0664557373892682,-4.722425903135799,0.4732030836935459,Normal
1.319066050327905,tcp,ftp,REJ,-0.26583663310724126,1.6156279807554093,0.8666002492210618,-0.8921701165532483,-1.157306542581988,-2.0551089991319555,Normal
-3.0875344700520437,udp,smtp,SF,1.2694834575853684,-2.1060297418265543,-1.163429282880137,-0.31057366517387974,-2.055052277241563,1.122451009947884,Normal
2.8872504693225247,tcp,ftp,SF,2.331604346792956,-2.2794619963103813,1.1145464891893921,1.8704835253543344,-2.6042348826522366,1.2208741991791043,Normal
2.6731661686891326,icmp,smtp,SF,0.609238165834006,4.070360620584618,2.2849822037832492,0.9033263146596286,-0.2709971409349169,-2.132538324039924,Normal
1.8388772641746125,tcp,ssh,REJ,-0.13291567119071046,-2.0687327529365627,2.351230039195718,-0.7725022929598455,-1.4251722290640765,1.9032776086890455,Attack
0.29282903043070047,tcp,smtp,SF,-1.8653292393604204,0.9931116909004258,0.15396408384589655,1.882149377700832,-3.3098184206271113,-1.0312945383790932,Normal
1.2147176771099806,udp,ftp,REJ,1.8391178683089677,-1.2619293441111261,0.3491972404112643,-1.431232070263598,-0.401384895566415,-1.7531322613409404,Normal
-1.032562264885482,tcp,ssh,RSTR,1.3955611509675583,-1.410935216958781,-0.36865453756621536,0.22230496365271213,-5.092047401400388,2.948950617735653,Normal
-1.01570656088689,icmp,smtp,RSTR,0.6098071406884915,-0.9998218235234799,0.9353190712487359,0.6103972645489042,-0.012396763892501328,0.09032832612119646,Normal
0.3151758223993975,udp,http,RSTO,0.45610244079484574,1.4225178333072388,0.4234595395416718,0.35938366680289535,-1.1508143913022382,1.0869051695185958,Normal
0.2600700878025117,udp,ssh,SF,0.391387679198156,-0.061007613913607206,-0.009176703651018414,0.33027632061287604,-4.117374665254416,1.2974379564815326,Normal
-1.0446707510377922,icmp,ssh,S0,1.1676547419294112,-1.6246577729224043,-0.26977380068623913,0.25716329804657645,-1.3111054699159834,1.3763212449242739,Normal
2.1210650426792585,icmp,ftp,S0,1.4771296267588003,-0.8293458452488843,2.872763839304616,1.1369580399048447,-0.08342659455722745,0.6031338881127137,Normal
2.1095741116814803,udp,ssh,RSTR,-0.6765045359790696,-0.2647497069099636,1.8020499409571948,-0.5525059883089121,-5.250284490088216,1.8034873895563257,Attack
-2.398877859539046,tcp,ssh,RSTR,-2.758100114098316,-0.3343440352081095,-0.12150502017195985,-1.4505197570893662,0.525617100079707,1.3960324817360448,Attack
-2.031467402185007,tcp,dns,RSTO,-0.5005051519690915,0.053632331179062076,-0.30538527364787726,1.7294994617075163,-2.117716303067291,-0.31184396805523806,Normal
1.0114494295185465,icmp,ssh,RSTO,0.22374086562298068,0.5075429008675267,0.5644686795621991,-1.6731070303554412,-1.565399513896808,-1.0221815408480044,Normal
0.39308856997859876,tcp,smtp,RSTR,1.0713194712793992,-0.8976007500648,-0.025695086377928167,-1.8263904892911316,-1.5216861707625053,0.21544803619546715,Normal
-0.9362272998984384,tcp,ssh,S0,1.0788237366678752,-3.0143992131020436,-0.8411707140463816,-1.5799182512309105,-0.44228454937021877,-1.0054762005912337,Normal
1.5768192631415616,icmp,http,SF,0.426244881052285,3.6659355608303796,2.4529182140330543,-0.234856448560948,-2.3942089113341987,-1.8498824863841468,Normal
3.706328071894933,udp,http,SF,3.1129947023169113,1.5359967730414605,1.849856174213617,0.04972070500688974,2.339113507179873,2.908009480163264,Normal
1.3361401132072415,tcp,ftp,RSTR,0.4775824489436842,0.7310467270364149,0.45965705546632585,-0.3100611132290848,0.15391943767329508,-0.8796816579140244,Normal
1.156547179070695,tcp,smtp,SF,0.8589533324615635,1.3389560541860166,1.3077913447583365,-1.5935454067867068,-2.5085073315814825,-2.8204246228831082,Normal
-1.5699324136065773,icmp,http,REJ,1.205923032813051,-2.784954301026481,-0.4437627071619159,-0.7034227122120138,-0.24652192619585034,0.4916780406443927,Normal
-0.2672033475231057,icmp,http,REJ,0.5296690811094324,-0.7838903961500764,-0.9716794982453658,0.9123105547275241,-3.451671541880617,0.1570453389730313,Normal
2.100365014063318,icmp,dns,S0,1.2517893246048053,1.650626012742435,1.7867035379889358,-0.8746096294740746,-0.5780723622471833,-0.014612756596625087,Normal
-0.8406358188292851,udp,ssh,S0,-2.3757386689739963,-0.3835174931936044,2.5425017338319824,-2.937915580008509,-1.1199974367641967,-2.0391566102450995,Attack
0.5300536869708514,icmp,smtp,REJ,2.3990970113041943,-1.496698497039908,1.2939190713418955,1.2438480817222077,0.5617446875497658,-0.18288663981151032,Normal
-0.39434300371385833,tcp,http,SF,0.27410233699763886,-0.49149196147758567,1.497327081772993,1.4783810961662462,-3.4101481918155847,0.02832231912069949,Normal
-0.7441381737215389,icmp,dns,S0,-0.19581037172254745,0.22444458889271135,0.6122759701623284,-1.6790544396897285,-3.5237734064709754,-1.074401751852912,Normal
0.8700671662031088,udp,dns,REJ,-1.8870215014381526,-1.732591036060234,1.98585623741427,-0.27858379931962374,1.0882049163085479,2.4759554645145556,Attack
0.15356474110281654,tcp,smtp,SF,0.8331208223747658,0.3907904008676333,0.5842326083727802,-2.849338170000813,-4.370988401081167,-2.046001240274225,Normal
-1.7645373230397994,tcp,http,SF,-2.445035217761527,0.8665591623590656,-1.5751695507272352,-0.7117628574058477,-2.983195818750044,0.35101359152315426,Normal
1.8445330290012134,tcp,dns,REJ,-0.18058411424530352,-0.05884599751725861,-0.34523868236044897,-0.5030699627648874,1.3358492482917237,0.3124802293804889,Normal
-1.100307970073102,tcp,smtp,RSTR,0.20145978804592302,-0.779057386957551,-0.6340193180666893,-2.5976094361738298,-4.439247185143572,-2.1228680984087047,Normal
3.821721740842636,tcp,smtp,RSTO,3.5457755693626347,0.23786804670723416,2.5758943936764975,-2.6828333584237036,-0.43106184814076576,-0.8723854331783073,Normal
1.6319997406897766,udp,dns,RSTO,2.7604208124608824,0.7353824998700008,1.8220841016398932,-0.7497909917466024,-0.9609896772094807,-0.2672017501937759,Normal
-1.0989993090224521,udp,ssh,RSTO,1.0588166713698564,-1.060698503625749,-2.393809706561602,0.5302783746856088,-4.140640999132781,-1.004818059150118,Normal
3.2392380595029926,tcp,ssh,RSTO,1.2004581578771178,-0.6917346621131706,2.1955990347864445,2.7904375901807903,-1.1300471505797685,-0.908059913920958,Normal
-0.11141866390543481,udp,ssh,S0,0.9130071521082144,-1.4445444038098572,1.4775309116001702,0.8207364426831475,1.3030518342575967,1.0460001212778895,Normal
1.2235772286718716,tcp,smtp,RSTO,-1.8820926072630138,-1.6365023035937993,3.3766679790463376,-1.3838732070101745,-1.331529530903162,0.1655474825803448,Attack
-1.0245537829920084,udp,http,S0,1.9722960188265493,0.13452204929626888,-0.2257322161040909,-2.4045546780510527,1.617492872441419,3.591899195194756,Attack
0.6340985331798649,icmp,dns,SF,3.325208575500317,-2.229806673518448,0.8386319679287186,1.4869218719330894,-0.2066328288037883,1.5568853325394465,Normal
2.4213835762270164,udp,http,RSTR,1.4145600328143482,1.1421779243295616,0.8191070133430888,-0.8242877854888649,0.338584130348613,0.7324936418153778,Normal
-1.338283777974041,icmp,dns,REJ,0.46842792249274556,-1.1994293221232168,0.15911099830602138,-3.2464417134406576,-4.815943239556534,-0.21165289777848084,Normal
-0.13092172886022427,udp,ftp,RSTO,-1.1687736280741825,-1.0802850059899944,-1.0126306375944236,0.5569964990648295,0.02734763883125657,3.0774988393146874,Attack
3.330500962910845,icmp,dns,REJ,0.6119822706833282,2.767311665306332,0.8944453378104513,1.540953362105515,2.6914936467453154,-0.2932997445347978,Normal
1.9237105336255196,icmp,ssh,RSTR,1.0420697153802898,0.9094214172684345,2.103154743235809,3.723489743226346,-0.3837188511240094,0.2609083974308446,Normal
-1.4036132756252868,icmp,ftp,S0,3.1748774660682346,-3.755313935377785,-1.8705926302360711,-0.8358554901215427,-2.3362312239440857,1.0721706352326619,Normal
0.35496097804968685,tcp,http,RSTO,1.660604614960849,-0.5641647455755175,1.8686878368845568,2.2612748066101886,-0.44330731273950963,1.852411597359569,Normal
0.7247800058508651,udp,dns,RSTR,3.363336640342192,-2.3071894397153403,3.3329118275016008,-1.900161890155331,1.207069735592317,1.9815473811258215,Attack
-0.5489554789244118,tcp,http,S0,-0.8612832180903164,-0.5207611682023743,0.42487390260348445,-0.3909458664547486,-1.416440531420307,2.3685749506995064,Attack
1.7364288490802295,tcp,smtp,REJ,1.5500010603358196,-2.4309329415512244,1.4847244022080506,0.9713421965438226,-0.811019995245637,2.722518193134137,Normal
-1.4428452933982603,icmp,ssh,RSTR,-0.7391115810435034,-0.9156325988325763,0.4688961286462061,-2.041656036160218,-1.7121070666485219,-0.85226961574815,Attack
0.965234451569416,icmp,dns,RSTR,1.9388172361919151,-1.120318255103617,0.6812901919379478,-3.758818040089162,-3.5860497267601126,-3.879783841981814,Normal
1.140359219784348,udp,ssh,S0,0.3677891570652191,-0.2558106197189809,3.016368996230453,1.2258461910680312,-1.0643961677578695,2.0353710313217293,Normal
2.6233411597400975,udp,dns,S0,1.2075310814445632,2.413549749126129,2.1781035207993282,-0.9645235134487239,-1.0791053844612706,-1.207760268718464,Normal
0.5777457535075151,tcp,ssh,S0,1.908638686663446,-1.4566510592953874,1.7123919632773847,1.5825033903797152,-0.5776755040268005,0.3342771266029533,Normal
0.3573694591180754,icmp,smtp,SF,2.4167709900386454,-2.2080437479824946,-0.6958409136328605,1.294381769757232,-4.629446314262447,-0.45113801628396377,Normal
0.6323439053279856,tcp,dns,SF,-3.011617315852705,-0.9526348688914295,-1.6902200853844662,1.8104312490271925,-0.28852751247307384,5.833632857317858,Attack
0.6689331377572854,tcp,ssh,RSTR,-0.8224382404815254,0.7996688085397557,-0.8428876526825966,0.6974444882223227,0.8456851159525078,-1.2835984253560144,Normal
0.2343653881996564,icmp,dns,REJ,0.8538713198317276,1.162470976300574,1.4833282106949868,0.37320897328788916,-0.23682101907216058,-0.6910249894610336,Attack
2.565382669827906,tcp,http,RSTR,1.276727389792053,2.7071606018786625,1.5894940246238298,0.8871768258701467,0.8980727377661639,-0.8383623571898564,Normal
1.6756285884240458,udp,dns,RSTO,0.7423793731022268,-1.0892771979465319,1.1204739975568572,1.183036377125738,-0.8329456547498651,1.2100641221554924,Normal
4.419911058450557,icmp,smtp,SF,4.499291491167648,-3.5469540675127167,0.5844557744835374,3.020234178471173,-0.06237545271477518,0.6505339919017048,Normal
2.2600220260938557,icmp,smtp,RSTO,1.1713676957160177,0.8824563395740452,0.6476213984108081,-1.0855472833028885,-0.055157964539378934,-1.6832754067813784,Normal
3.9204499645805053,udp,ftp,SF,2.2604475346465684,3.5202015887703046,3.5448340197553225,-0.667895379929163,-0.6659312786706706,-2.811729891709774,Normal
2.0504277182851163,udp,http,RSTR,2.963326083695822,-0.8266834111698833,1.7766075981792637,-3.6719413167120925,-2.4489398231706225,-1.9205990579412333,Normal
1.7465278548895595,icmp,dns,RSTR,1.9596662443915998,-1.0886895662103069,0.34245881094726216,1.6632771642471451,-0.9855059420551843,0.5893000673374065,Normal
-1.2410772784395825,udp,http,SF,0.6946336254039974,0.4452419853425561,0.43798774819112374,-2.977476664011408,-6.013882816724286,-0.8785542464443824,Normal
0.7482193293746322,tcp,http,RSTR,0.45538564353184685,0.1839385703344496,0.9317024805207785,1.197245157722383,-0.6554304518139846,0.3825241572903173,Normal
1.777388383897493,tcp,ftp,RSTO,2.0418931422982487,2.2954285260063227,2.947256533291659,-1.9109069968106605,-3.460579406558063,-3.428399269735578,Normal
0.11383035303840082,udp,dns,S0,0.21702033409773425,-0.14948609061123852,1.6885075093619486,2.050645791845092,0.7263355454212028,1.62951458812649,Normal
0.8481318081708421,tcp,dns,S0,0.08778858406615608,0.9821355348709468,0.43309868970893173,-2.131907748875334,-2.46022920324894,-0.8042810625256854,Normal
0.9243744725440561,udp,smtp,RSTO,1.0285379476956185,-1.0442159314453439,-0.08862291633166608,-1.7475320202756086,-0.717873839317896,0.0383901030151812,Normal
1.4542225234250912,udp,ssh,SF,1.6320845822522432,-4.269915589221162,1.0822829771545581,-0.6813054889680006,-2.3518723507257357,0.3962604025802263,Attack
2.200603059721015,icmp,http,S0,1.8268704916612049,0.35426745661429115,1.7085765075496377,-2.2003341415111564,-1.1323346639317424,1.05358697073989,Normal
-1.7437814525283244,icmp,dns,S0,2.8463524064305954,-2.962048781047097,-1.6343579021593384,0.2793210160302323,0.5599879150802733,-0.48465885136926357,Normal
-0.4398040122269781,icmp,ssh,RSTR,-0.1402477448857613,-0.69128133557588,1.1292736242441845,1.3956450053910956,-1.233875845156316,1.7938513239765879,Normal
0.49592945032118224,tcp,ftp,RSTR,1.4046794268379401,-1.580694742475544,2.1238814977741614,0.679486772143957,-0.5303871207720164,1.476743191251297,Normal
-1.5153836595030923,udp,ssh,REJ,-2.3749988095807333,0.0007668017331601273,-0.21117376683990763,-1.2112147913597477,-0.8656808582852713,0.6177117281665134,Attack
-0.8087392626294362,tcp,dns,SF,0.7181591422543648,3.543930143142847,1.7643280008737081,-1.8392408236746918,-1.9055301975700347,0.4988556283953993,Attack
0.6616381026653644,tcp,http,REJ,-0.7403372857922355,0.7904566703587992,0.11744467082977283,1.6316864905477368,-3.692388458310626,0.94815349338798,Normal
0.8972879356815716,udp,ssh,SF,2.4723520079996693,-0.7643917803545481,0.5639705788727774,0.5309465196863448,0.06959149928983455,-0.03745360022000099,Attack
-0.3239270173681241,icmp,smtp,REJ,0.3913558321587891,-0.2879101654278967,-0.3141037458055378,1.0653246942686576,-2.4431073566868573,0.7566283637154371,Normal
1.6658510731911989,udp,ssh,S0,2.490368210391788,0.9810408963128776,3.302123824862932,-3.786855182214019,-1.6544125779082377,0.3582917336282001,Attack
-0.36890377364918137,udp,ftp,S0,-0.3258907397202302,1.2331196813174288,0.39111801104203026,-0.15766922203640488,-1.951623900724562,-0.1452895064805717,Normal
1.2763189608653063,icmp,ssh,S0,-0.6009177322518755,-0.9974790355225147,-1.661071950962314,0.5441318860018483,3.328303090819322,2.813974890758264,Normal
2.0796022220373196,tcp,smtp,RSTR,0.4096189970523797,3.2140331909452797,2.3060990298285233,-3.0440002323806605,-4.977667353958198,-2.0882354680246245,Attack
-0.9414735363599065,tcp,ftp,SF,-0.24606613431103552,0.7447198657198257,-0.25059678923458084,1.9279596059512585,-1.032622142819955,1.4341776587293165,Normal
1.252851284089755,icmp,http,SF,3.199253882760895,-1.677667789108929,1.4184574568899875,2.353721696887155,0.18323176365586935,0.8394252110959217,Normal
-3.647353215690299,udp,dns,S0,0.000333764120768576,-1.198502857462303,-1.091472094598041,-0.35392336073201003,-2.1965866489583545,2.2031962736494117,Normal
0.5485875468263472,icmp,smtp,RSTO,1.43213972722093,-0.6657812835482779,0.7100625002301584,0.10737353333667254,-2.2794408902845964,1.2317841740152633,Attack
2.0223696623870255,udp,ftp,RSTO,1.291499669218142,2.569697699215638,2.168149591845972,0.02271353075910465,-1.158955907572823,-1.8245583790625801,Normal
2.363987853317009,icmp,ssh,SF,0.9047911839638396,0.9154611061209096,1.31906022980116,-0.3589712915190889,0.5237050523999343,-2.6522772106659978,Attack
3.2581606912254197,udp,ssh,RSTR,2.436733447866991,2.241376320440808,2.1323850932307615,-2.0940005336318546,-1.8208368468916156,-2.636695164701839,Normal
1.0542462859034563,icmp,smtp,REJ,-0.6890120665374728,3.424573070456117,2.11906791787301,-4.058396569807275,-3.071518823499922,-1.5539263008020785,Attack
0.008506927765559742,icmp,ssh,SF,-3.940592068189,-1.4829197957906026,0.09872427453113508,-1.6021379593386516,0.5640786441547911,2.884968920876198,Attack
0.622863484310721,udp,ssh,S0,-0.44843123097265813,-1.1773481005395705,2.705588908170796,-2.6798919394803087,0.8719381584716361,0.36005230867360216,Attack
-1.7690222705243934,icmp,dns,RSTR,-0.4273333240930546,0.5289231166941166,-1.3592856161467401,-0.16302174634533695,-3.5680195859342847,2.0315923005940864,Attack
-4.84642068992842,icmp,http,RSTO,0.9632413368535196,-2.0857712364075383,0.13655523130099845,-2.2449697890384774,2.3580555554402935,1.2762854416816358,Normal
3.9357987438997726,icmp,ftp,S0,2.836190218112061,1.604946750168629,2.505457940018928,-0.151736345190724,1.4507474198102654,-2.589005701920211,Normal
-0.6749594219604867,udp,http,SF,-0.6974308571533752,1.5248002483198504,-0.4049272773119219,-0.5745967857106478,-3.005502656345768,-1.35510582690852,Normal
0.9775354314708283,icmp,http,RSTR,1.7485930202959619,0.5683894756935473,1.2444713826876166,-1.9151035089124475,-2.79615615211227,-1.5559108890094535,Normal
4.139772338636803,icmp,dns,SF,2.678782922151541,3.9639473305664095,4.2041685651461,-0.8829858542200298,-1.1071619652015838,-2.2403843657413534,Normal
2.1571926499379233,icmp,ssh,SF,0.3795943011465486,-1.5683657669919997,0.3270787968443213,1.1952507304705664,0.12277279334055113,4.799190311849619,Attack
-1.050135531427209,udp,smtp,S0,0.4227464311754119,3.0376832506990543,-0.07377767129957591,0.8312342104307429,0.043863402546944874,0.8008219798154119,Attack
1.9976625863715727,tcp,ftp,S0,1.77439081814753,1.9260046830395958,2.006109980739064,-1.0711128090789888,-1.878346175499682,-2.922133337653376,Normal
3.2675913677859056,tcp,smtp,RSTR,0.8495830236501354,-0.868140863570206,3.2046898702186644,1.3480909259313814,0.7732980327605787,1.4633264928934027,Normal
4.366897329333765,icmp,ftp,REJ,3.4604855055842645,2.745939833895079,3.2718906050184655,-0.573037896388915,0.14214619642116055,-3.7667156655536176,Normal
-2.127372527126723,tcp,smtp,S0,-0.8036250528480589,3.24850658337938,-3.0915675514013907,1.181943827530037,-1.7132819537002497,2.6297054745929707,Attack
1.7735023074183989,tcp,dns,SF,0.49408328297257886,0.3858772994603117,2.636066396934826,2.0080517200300947,-2.227209164971331,1.45941290133173,Normal
1.0177435496883789,tcp,ssh,RSTR,0.06827560970981172,0.11464228087032691,1.573468239345999,1.6696992996330375,-1.654105867879375,1.3865981978167197,Normal
-3.5108254894298225,icmp,ssh,RSTO,-1.3097324940818775,-0.14911211383646816,0.3901876136869179,-0.8722875531726102,1.26222393163173,0.7511083751488782,Normal
3.708724472680599,tcp,dns,RSTR,4.320674069623423,0.7413997955195808,3.7494531308078267,-4.743338676051008,-3.6953858937050073,0.07852984903203275,Normal
0.2904721576553943,icmp,dns,REJ,0.8140118548179356,-1.5093406971132146,-0.786499321997661,1.3977380189382627,-1.8182326659123238,-1.3310245611029914,Normal
0.2726508004914821,tcp,ftp,SF,0.7694465468348081,0.7741127395576728,0.5299076170978212,-0.3604643940323564,-1.6117145816426377,-1.2833608460134895,Normal
2.205411017337757,udp,http,RSTR,1.0962744766944792,2.6713299158368553,2.9940245932126217,-2.0630804408469827,-3.121042610481973,-2.7363941656791213,Normal
0.10186600219903669,icmp,ftp,RSTR,0.4903456820900791,-1.1709385724154662,0.8321124091083865,0.8903401858336936,-2.7740055877026366,0.7629662522539221,Normal
0.4805137092388101,udp,dns,RSTR,0.23036162205237287,0.5679514099431203,-0.9537971677243546,-0.7843941278419051,-1.2615726243722218,-0.686499420032513,Normal
0.9072198384870723,tcp,ftp,SF,0.8739839767619436,-0.8553174987855403,-0.2436884723962982,-2.6426189705972076,-1.4262189101916818,0.360389345571396,Normal
2.1554730976094225,udp,ftp,RSTR,1.7502233513481291,2.843047600223824,2.1370459403730826,-0.3263542825794977,-1.5363852689063402,-1.2323435236264564,Normal
2.0097174463647782,tcp,dns,S0,1.4914789546569418,-0.9228842267590923,1.369976014043872,2.233225792787163,-2.4878790353256135,0.8932968725597592,Normal
0.7378281011572431,tcp,ftp,RSTR,0.010197290747725796,-0.6154690537913872,-0.3294230647984815,-1.440559860602454,-0.6704846414754474,-1.137529421790003,Normal
2.9110835335669365,tcp,http,RSTO,0.8499765099781431,3.307254442691451,1.6163275045369074,1.9566462190854716,2.4383746399892363,1.0101157879581466,Normal
4.512604937076297,icmp,smtp,RSTO,-0.0525081245969059,5.246230226605008,2.90399961349683,2.065831946688673,3.01679450384155,-0.3197262597849876,Normal
-0.475952972223735,udp,dns,RSTO,1.2086036667282238,1.5179657316027362,0.10541870461236114,-1.715851612403656,-0.6740100220969938,1.5482767550522492,Attack
4.604726900176748,udp,ftp,REJ,2.119069663555607,-0.3330400473223748,3.082668677574405,3.513497554108878,-1.3281164200745188,1.3451426104939863,Normal
2.7734341904312236,tcp,http,REJ,4.501462234824663,-1.5054217079397594,2.1252288938719968,-4.681712936845486,-3.01967537087203,-3.0346019016859325,Normal
2.7441513111863203,tcp,dns,SF,1.0653350739561467,1.165209797404485,1.081967443022942,-0.720321638529946,0.8678284201879725,-0.15130688172122786,Normal
0.5345840840048461,icmp,ftp,SF,0.6108644152281885,0.9446315780987928,0.31895469751050876,-0.11977487312280977,-0.9634375923065999,-1.3335641424782876,Normal
0.1027996759618231,tcp,ftp,RSTO,3.0932363623261905,-2.4668955164436515,0.09080924006911018,-0.0902474144821186,-0.9616637527083788,0.5035526643739434,Normal
2.2728592441240028,icmp,smtp,SF,3.2577775765566725,-2.94310142291246,1.3767680721040219,0.7076790073583256,1.4942272546187074,0.3386914494490194,Normal
1.3959703251905309,udp,smtp,RSTR,-0.18143241343828143,1.562395105903815,-0.7839383632516372,2.039936153632138,2.5218492931126644,-0.6682552314174358,Normal
2.811732927899801,tcp,ftp,RSTO,2.2866643608644837,0.8310940897405182,1.9278273953857583,-2.0936715666137355,-1.1315668609232958,-2.4494224281055677,Normal
-2.6168587379281867,udp,smtp,SF,0.3519134857456878,-2.404918448199707,-1.9338571336693424,-2.0295353202621254,-2.4453962261795263,0.21111402214954378,Normal
-0.8997709228770224,tcp,ssh,RSTO,0.9267600410990604,-2.170865347852141,-0.4023180402951425,0.6277617209022095,0.6147931089284873,-0.21222331244770487,Normal
-4.219562184132193,icmp,ftp,RSTR,-4.098249839148813,2.6004779223812875,0.7051249100280221,-2.1058878735283795,-0.7051029559248729,-1.927542930113328,Attack
0.07525298731208167,udp,ftp,RSTR,-1.1872541396129457,-1.821717823736722,0.4580543261226331,-1.7459739965463958,-2.9330666488887784,0.2628699453557174,Attack
-1.872943221704286,udp,http,RSTR,-1.2547313626780454,0.35882996977783144,-1.1653338233165749,0.6777123967760417,-3.1783266078860075,1.112222827006284,Normal
0.5905474234812818,tcp,http,SF,1.0727052572801727,-1.1941007328230593,1.5536883723246517,1.9900525594784086,-2.3731530964620893,0.5764478124598291,Normal
-1.6877857113749368,icmp,ssh,RSTO,-2.4455348788105944,-1.4919367484258081,3.2140783729587983,-2.9120897996242965,-0.27651358150437544,-3.9702126762552714,Attack
2.703199721493386,icmp,dns,RSTR,2.4707185695275955,1.2427253715863817,2.6929807302675703,-1.9834908035907357,-1.6224655885672892,-1.086371357864273,Normal
2.8780261859510254,icmp,smtp,RSTR,2.3392988740148777,-1.5628421842892295,1.0123589388334102,2.9742912067784415,-1.2341677310394408,1.0564711581607227,Normal
0.580976835411741,icmp,ftp,S0,1.726586002318578,1.667954120773886,0.6995226620310069,-1.8933616426949684,-2.179726082470954,1.5707288259247343,Attack
1.8254362977909764,udp,ftp,SF,3.055355401745594,-2.600733216730979,0.6817047580402198,1.6190833540609433,-2.5514518054178694,1.4810257139141578,Normal
-0.09523598002796801,icmp,ftp,REJ,-0.730574628312983,1.5996719393149297,-0.4694131581019665,-0.031205617972618893,-1.6641870104189367,0.5459041109162384,Normal
1.1244534279045721,udp,ssh,RSTO,0.24815905062468357,0.3703160381603675,0.9613300883449205,-1.4450596495312404,-1.0632057237026804,-0.6011461566399035,Normal
1.5965809354066036,udp,ftp,RSTO,2.1170780708590895,0.4520846695215054,1.5469788198740275,-1.9939925754204726,-2.1902976675931063,-0.9224396935753183,Normal
4.293622399594307,udp,dns,REJ,3.7790356135019065,1.5650476429750881,2.904871006514189,-0.1615843483035082,2.016582312658329,-2.134179302946588,Normal
0.566767826636022,udp,smtp,REJ,-2.6686062871773593,0.1644092320773034,1.8263725021529011,-1.4200015916862128,0.2551814799757799,2.2215853148191025,Attack
3.207080316550241,icmp,dns,RSTR,1.6625768381385289,2.796610881230821,1.6995305966932168,0.9010971073834113,1.2983316437806223,0.03321859916631675,Normal
3.5126720011115893,icmp,dns,RSTO,2.070995317573609,1.415552379906127,1.0984223771333073,0.6729502829971523,2.582255338699886,-1.9584086284076896,Normal
2.480154993717126,udp,dns,REJ,0.9090765500921115,-0.19970405564330518,-0.6946650466950683,0.9149112922797544,3.7055721614200303,1.1020871113204684,Normal
-2.062064717357205,icmp,dns,SF,-1.0193037496628423,-0.22619891681051696,-0.8282072095864552,-2.3499718975060215,-5.038099223505873,-0.12146716621077813,Normal
-0.8169743472429842,icmp,smtp,S0,0.6978237185052791,-1.2343477379641383,-0.9784253538990277,0.7893270310693834,-0.4668608124932295,0.7117392466825057,Normal
2.503301920107888,icmp,ssh,SF,0.45279420089556677,-0.8378872029594184,2.734387623037646,3.3322467949274537,1.0724213332095998,1.2390546805164362,Normal
0.015985775036498076,udp,ftp,RSTR,0.7035773985931144,-0.09088515773037953,1.0845298471036564,-3.5277686244148985,-1.4639839137334725,1.7569412937264417,Attack
1.3481832793297324,icmp,ssh,S0,1.0748957668680919,-0.6899638988748831,2.255164836264573,-2.5211970302312627,-1.9962052949683469,-0.0009105583622357472,Attack
1.7402890317403472,udp,http,RSTO,1.4490286735809024,-0.37099332686646214,0.8554907253686178,1.8090841801188229,0.3236679102997071,0.7460137669569957,Normal
1.3662834479883408,icmp,ssh,REJ,1.0654365237187888,-0.38152519876562474,3.4155869099789333,-2.0286315397790946,-0.756731440640455,-1.2763898322043188,Attack
1.4220431813148988,icmp,http,SF,1.1184593975050714,1.2984451112599729,1.8732667437706123,-1.4078297979672674,-1.9135405365772002,-0.09059383954150124,Normal
-0.8688577692360393,udp,ftp,SF,-0.7165994865275431,-0.446876217227143,-1.3419121313950972,-0.6323313422523458,-1.4561204978772282,0.3269120666799741,Normal
-0.4321664961647839,udp,http,S0,0.12157558375264799,-1.5983066862589994,-1.5983729391603658,0.5547130287774524,-2.9823550123473637,2.127499061717319,Attack
-0.539614544046698,icmp,smtp,S0,-1.995828301186437,1.069196077107331,0.3915415546404051,-1.3218261325601852,0.3869333852486381,2.401544293676405,Attack
-1.5953539140340924,tcp,http,SF,-0.47672793792293744,1.0988187686192985,1.0876606060843184,1.307351486235075,0.61532505103014,1.2731198668981922,Normal
0.13588821479829827,icmp,ftp,RSTO,1.3337430892913495,-1.600049115409468,0.3798021801609731,0.5209798931273653,-3.0191356107448475,0.7315602200966519,Normal
0.6877057837679971,tcp,smtp,RSTO,0.045617661397292286,1.1672104445636078,1.2466573451043512,-2.236765347558168,-3.277693089962547,0.07697235127332536,Attack
1.8377044995360956,icmp,ftp,S0,1.4922554866689226,1.873892766665553,0.811063373233417,0.009804123349606453,-0.3100606508917303,-1.2104483503914574,Normal
3.6198184034290795,tcp,http,REJ,2.090371309628199,2.368678886098886,2.4843613440332355,-1.3411893039029081,-0.20258070134889383,0.011525704204490728,Normal
-0.9719463099578567,udp,http,RSTR,0.36847362716725307,-1.2910021231688875,-1.47534123189951,0.04093352059158806,-4.385245060304131,0.37405958307065823,Normal
2.410579091570364,tcp,ftp,REJ,2.2638677748285327,2.142398242189252,1.9256216790871208,-0.8231226081070154,-1.5214258724524259,-4.134565172424898,Normal
1.6183463094451027,udp,smtp,S0,-0.010243857669377965,0.8914436368368335,-0.09934805648411782,-1.1554541745627593,-0.2160092980686228,1.0189215195227161,Normal
0.23968309138142102,udp,ssh,SF,1.6463303821344413,-2.313361537068742,-1.1151364770656276,0.15227024013124235,-1.744326313375372,0.3129120282894129,Normal
2.5930437967744164,udp,ssh,SF,2.411192937166195,0.28305098545954777,2.0656385707679368,-1.8924064878203888,-0.8062794430339809,-0.3347360607819414,Normal
-0.08522324374121738,udp,ftp,RSTO,0.016482263189496527,-0.6095396874699939,0.24831598000614286,-0.9975631526381901,-1.0568908095520027,-0.2479558823465391,Normal
0.17038673187359757,icmp,smtp,REJ,1.2728428057839634,-1.4147379520160837,0.3355631773089981,1.6551144045532529,-2.637631066754781,1.2963800546549051,Normal
1.8957370447561257,tcp,smtp,RSTO,1.2816840670647778,0.14359852796359673,0.7643965989857303,3.205861835637342,-2.9163686866681573,1.182966572997107,Normal
-3.2705331601969823,udp,http,REJ,-0.12138285943854132,0.6657987377612675,-0.03435010244923764,-0.03485438838284227,-0.33656301222860363,2.661015655618252,Normal
-2.0191030208084104,tcp,smtp,S0,-2.1970492180721415,-2.062364175352083,-1.3747511092787246,-0.4887845297225033,0.5680545542625244,1.430631133798397,Attack
-2.089577465169748,icmp,ftp,REJ,-1.0756955413947873,0.45552844148822436,1.2397361448337203,0.5666858033231621,2.237943000775457,-0.48985324703108124,Normal
-0.4772193108605095,udp,ftp,S0,0.4438716775920498,-0.5893009192478968,0.10437258439672592,-2.721169337749882,0.13118633267503288,1.0421269049082054,Attack
2.873439613330738,icmp,dns,RSTR,2.1848739123751275,0.03153447699438794,0.16946380730647814,-1.2221437753553497,1.075371253154116,-0.5172023759525746,Normal
-1.862662789597951,icmp,http,REJ,-2.7352961630858443,-0.39381189406172434,-1.9678953698382577,-0.44773155388985564,-1.6070636772555396,-0.3289151250791885,Normal
-0.5687565599219232,udp,ftp,RSTO,0.291673468293986,0.11381656435408072,-0.1453948072807243,-1.7150496862161737,-3.331321615596473,-0.9397418059064033,Normal
0.4040408495719461,icmp,ftp,REJ,-0.7339914766550022,2.9365414572779005,0.8307859014493808,0.423059860923064,-2.1298635732333118,-2.0957586388692575,Normal
1.3374224306579785,udp,ssh,RSTR,3.720268665652958,-3.5190141249110116,2.3238887670595707,0.29864240210485793,0.5023022243927684,3.325475739261609,Normal
-3.367441861711677,tcp,http,S0,-1.631562306055773,3.0357199138827506,0.7463753068541216,1.417357037137358,0.8234887309267984,1.6056169580009503,Attack
-2.263183789911065,udp,dns,RSTR,-4.382872676206114,2.0778962780649537,0.36630339021827507,-1.0409430061509066,-0.5909091731447425,1.4456042229750998,Attack
0.24161473522154484,udp,ftp,SF,2.5459438737104287,-1.2721357882675863,0.9587440257786715,1.9196892215321448,-0.05819222208893504,0.939450560881154,Normal
3.783491192703487,udp,smtp,S0,2.398179162513808,1.3709755235631575,2.2730030552568232,-1.6891397298213477,0.39503114927703886,-1.4275616976553591,Normal
1.4654241408175828,icmp,smtp,SF,1.279918619702086,1.8428047846168663,1.9473331078807563,-0.7954644502939043,-2.150751203068638,-3.872472009696065,Normal
2.002398276588073,icmp,http,S0,1.4277402773033976,0.27475331815071236,0.19171773946785453,-0.4864433463534523,0.7709948564491702,0.43591858307501963,Normal
3.4203361958524154,tcp,ftp,REJ,2.174945835922207,1.963314543363072,2.46922754160709,-2.0007943147204457,-1.1318043585289217,-3.3178393085126157,Normal
-0.6971253635773714,udp,ssh,SF,-3.00971866484817,0.41651592963070194,2.22192316479044,-1.576852108768847,1.738280112895319,0.5751454107657512,Attack
-1.6964339571701674,udp,smtp,RSTO,-0.5462899737803733,0.49821499997096164,0.3869754366086733,-2.67775601798538,-5.960197812321059,-1.2232596185875495,Normal
-0.31835497985122146,icmp,smtp,SF,3.4362532767991114,-3.462271723067171,-0.49726536398246246,-0.44637405256968954,-1.453066088298976,1.5772002778455612,Normal
-1.7682873804621762,tcp,dns,REJ,0.8603538186459491,-0.9414389092507708,1.1081943597418498,-0.14919650064052958,0.12800055653149545,2.708170659573994,Normal
5.597210696938849,icmp,dns,REJ,4.800321542217496,4.663939521526229,4.989113944375716,-0.6344811631275233,-0.5219469563069367,-1.8455565893831385,Normal
1.3684911006567362,icmp,ssh,RSTR,0.01360303753540748,2.806760750605801,2.109284808711368,-0.8268263096491164,-2.232495125404308,-0.44342993765364325,Normal
-0.23827354538505166,tcp,ssh,RSTR,-0.13670213869148262,2.060519651948717,0.5065420053886611,-2.1091354947804515,-1.1881940202955397,0.45683239291439093,Attack
0.10044942842203569,tcp,ssh,S0,0.5640423034533522,0.8897568586153348,0.014093857765228313,-1.4826869276861963,-1.4911406588445955,0.4370379706980658,Attack
-1.1095202247301692,tcp,smtp,SF,-0.07716434243851711,-0.8820288573828315,-0.3940811175221144,-0.20783786451316288,-3.1113501996299084,0.25580727370878087,Normal
0.3715001546597599,udp,dns,RSTO,0.6315090472969536,-1.6497881615670877,-0.3326159100606747,0.6981541048377828,-2.1093950598006925,1.483264452851827,Normal
-0.9142878224585127,icmp,http,RSTO,0.9758121176753286,-1.470300210073456,1.3062152987404656,0.22980130647718167,-1.989775021290818,0.39492281484211256,Normal
-0.2651018712490505,icmp,ftp,REJ,0.6385254179420652,-0.5531201196900227,0.896005313001483,0.28670411177334687,-2.4350723119596243,1.826286063787181,Normal
1.3916306343029337,icmp,ftp,RSTO,-0.2899306249004241,2.3482767144894527,1.0448974473830106,0.20539365723754277,-0.31283650513681405,-0.9786846050185104,Normal
0.012945422488881165,icmp,ssh,RSTR,1.169468858183829,-0.6740309537154912,-0.18764997789889204,0.243802041932484,0.41201586226924936,-0.0008834571592155616,Attack
-5.209084993349429,icmp,http,RSTR,-2.2612941163784352,-3.2875488577227117,-3.4689431639209216,-3.7588957521905733,-7.0678235293491225,1.0722397675886173,Normal
1.096980366009062,udp,ftp,S0,-0.648582656585549,0.575889594356521,0.3989455995008391,1.11859162978066,-2.144991143808986,0.19629196740168708,Normal
-0.5791728854446687,icmp,ftp,SF,0.5865278269166327,1.7931661853961711,2.0576741774124576,-0.3275420222648253,-1.481385653422079,0.8492165678215535,Attack
3.0391406432613883,udp,ftp,S0,1.0728930699347767,4.330203699749405,2.6371797794155585,0.08931250261477941,-1.114016485882182,-2.414959929282878,Normal
1.5246558098576604,tcp,smtp,SF,1.0511708548655716,-1.46538226864435,2.0197415387820294,1.9729617019864825,-0.10295110257108553,0.4689133049692914,Normal
0.18035393305875738,udp,dns,S0,0.5189216866554183,0.049567741491911455,-0.07815014278786014,-1.7704199202788256,-2.1625505495018933,0.06526667149361254,Normal
1.855043330227596,udp,ssh,REJ,0.8750908132569222,-2.6287378219360353,3.205741467012753,-0.8838547972384623,-0.2389572053528365,0.8546359607370166,Attack
2.5369789504787867,icmp,http,S0,-0.15797426951412397,0.33792905454270983,4.055549945489803,1.4433868524386746,-1.3981078910323814,2.857952458906725,Normal
0.36643008588359166,icmp,dns,RSTR,1.5456155555242543,-2.2180511678249024,2.6984112116118126,-0.27219861769344966,-0.006412204975016378,0.5050020639798276,Normal
1.8137618926823877,udp,http,SF,-2.4527989456166797,-1.4819880679299267,3.3428837377939495,-1.666505643232217,0.33010156956578096,2.4380480918879703,Attack
0.9531113657629691,icmp,http,RSTR,2.288707474820577,-2.873773096221978,1.1846387647041334,-0.06889142600331732,1.182619612449951,1.6787514039113192,Normal
2.862232011918459,udp,http,REJ,1.342921843182757,0.4633508335394394,-0.10572205260761747,-0.08769667652006807,2.410798778287483,0.21921486971670845,Normal
-0.8200581360382422,tcp,dns,RSTO,-0.4294195703711181,-0.41846662299068194,-0.6290098447052113,-1.2969950546733515,-2.3695993936747852,-0.7288688400915913,Normal
-3.4911669207093934,tcp,ssh,SF,0.7584491443480404,-1.6952502150912423,0.22072857565404402,-1.318318577401961,0.8517616466861497,2.103839076827187,Normal
1.9368409924655103,tcp,dns,REJ,1.7163441207276815,-0.29561266845024603,0.2952653387555063,-1.1332167134745297,0.32143518817546735,-1.1615907069476081,Normal
1.5911707662259404,icmp,http,SF,2.189619779849248,-0.9224060034681298,0.16351492580404925,-2.0118592859579496,-0.8887648271658982,-2.499798307492749,Normal
1.5242006011086882,tcp,ssh,RSTR,0.11253268906345826,1.5021319257466839,0.6778792918679122,0.33344084885430947,0.4127649109871061,-0.030941970375933936,Normal
1.9426161525649808,udp,ftp,SF,1.2999682261492733,-0.6142680019452158,0.7726528372575334,-2.220569440234949,-0.7859798958833103,-3.1743057399612478,Normal
-0.36303896985864204,icmp,ftp,S0,-0.1879785582505007,-1.2938654490412151,-0.27605648922034587,-2.3242310255950374,-2.138746266825531,-0.6457194755350602,Normal
2.1974153812176165,udp,http,SF,2.3036428751062576,1.9292035138084334,2.996185088725902,-2.0745608389039276,-2.644014233153263,-1.682386977947456,Normal
-2.1309295642821944,icmp,dns,S0,1.5616255903121998,-3.03687691245321,-1.3524911878426837,-1.182182231859351,-2.9140979526888087,-0.8583975814829761,Normal
-0.7382022402564,udp,ssh,S0,0.18957716865912844,-0.8236696805592508,1.2036869802869337,-0.5812031508257112,1.9683992601269251,2.964239845910191,Normal
-0.014350687889325843,tcp,ssh,RSTO,1.0314168149418643,2.6160905190722077,-1.2566796900731498,-0.18215695555955858,-3.1311641099955825,1.4060372965678838,Attack
3.562584063053261,tcp,http,RSTR,2.5551244510656206,1.067032767715552,3.3540849344182675,-1.1353514126569182,0.721401364597307,0.7760402586653283,Normal
0.6319966374613577,tcp,ftp,RSTO,-3.157224738227721,-0.3704388216970915,2.129425743698076,-1.2791985584415493,0.39197330054634083,1.3405398332456175,Attack
1.1530461920070019,udp,ftp,S0,-0.5707224063856675,0.722307855454206,1.692590760213119,1.931453877409269,-1.5076982267379404,-0.7873037764319606,Normal
3.442160819935518,udp,smtp,REJ,3.0821966202660187,1.3498556093587748,2.858549296672755,-2.6792666501722255,-2.0141141311811745,-2.3471136326799997,Normal
0.21616759071244165,tcp,ftp,RSTO,-0.8844987262263084,-0.42217157474792755,-0.9590597521470732,0.5668064938263349,1.6714782323281376,0.23826617558624807,Normal
-1.3769951381854295,udp,http,RSTO,2.014837878052621,-1.9422668699470815,-1.2423374143557,-0.16135834748036237,-3.3266588606665084,0.6600566019401942,Normal
-0.8581606845496131,icmp,ftp,RSTO,0.5588815800791322,-1.8002122437369132,-1.3155940700343711,0.048967546771972015,-2.508426591611359,0.23043555499989654,Normal
-0.16925954978729357,tcp,smtp,REJ,1.0012163671563643,-1.431138006637696,0.18357836397311322,1.0321751067340814,-0.8111875019745363,-0.48057240806241674,Normal
-1.5460084672573302,udp,dns,SF,0.9796288124361543,-0.6193923562491266,-0.4302337144186785,-0.046769116321982995,-0.6501822790412473,0.7682451413112945,Normal
-1.8270153926423336,tcp,ftp,RSTR,-0.3852240154822517,-0.3938765861579675,2.4470932527522815,1.1078403605690688,1.1111090447455356,1.8016495218529431,Normal
1.1967135813749536,tcp,ssh,S0,-0.020249498762880735,1.3414558480614276,-0.2108765583072405,0.06305431373905357,0.1498112036385404,0.7266477256696457,Normal
1.0655743742976485,tcp,dns,S0,1.2684324368261186,1.0473352371835423,2.561784362298771,-3.2773602235876065,-2.1572302283311195,-0.24608781950246406,Attack
-0.05550431263971818,tcp,dns,RSTR,-0.47712897675745936,-0.3345909034860677,-0.6172734231129358,-0.430949721592892,-0.1382802098186121,0.44192268229013765,Normal
3.2801448075616486,icmp,smtp,REJ,-0.14550858824926394,-4.451093435725845,2.4673239514431042,0.36023594135339043,1.7243926881593548,3.1855935001891815,Attack
1.2776212727234177,tcp,http,RSTO,1.9908047822829467,-1.4109768702325836,0.6572659164707035,1.6727276392746049,-1.039383330253665,-0.2840635599419754,Normal
1.3975999024569445,tcp,ssh,RSTR,0.028566598044972413,1.0950589917305973,0.5018129618577094,-0.377666834597727,-0.04966507153670763,0.2478070084434092,Normal
-1.3599858028649952,tcp,ssh,RSTR,2.433145968228671,-3.3302046693563105,-1.2297320400104117,-0.14862972800859064,0.47311107909448635,0.5673611549384383,Normal
4.594008415935447,icmp,http,S0,3.813432959526586,-2.1698099220975884,2.4206966440297975,3.4071648054282977,-0.38920033666158493,1.106742091516874,Normal
-2.815923657760926,tcp,ssh,SF,-1.3563127979841756,1.0539863677773944,-0.17392232847311817,-0.6448874077101585,-1.5282093898000517,-1.0035349619345744,Attack
0.6704426293766421,icmp,ssh,REJ,0.5001386752859989,0.9058421837275832,0.6177623476703611,0.054441396354562466,-0.3690172126379997,-0.42762071862130047,Normal
-2.4779355234349425,icmp,http,REJ,1.0895489765884276,-2.4442868837115848,-1.8309788408747267,-1.2237911653885,-2.807482211858929,1.8212644037870147,Normal
-1.5963271963127843,tcp,ftp,RSTO,-0.2464817705865705,-0.12136796764938906,-1.0561943220881513,0.8922202151968006,-4.100301737880489,1.2408218010806,Normal
-0.18619118126475406,tcp,ssh,S0,0.04733520890212917,-0.6358818639112873,-0.4106187122179785,-1.218280416384155,-1.3124730125582917,0.42443257664936884,Normal
-0.2504763423525112,udp,smtp,SF,0.07967915453279606,-0.2472169354469793,3.3429958236298503,-1.8785741915009293,-0.35494453925015534,0.7012492448600105,Attack
0.4618482325855043,icmp,http,REJ,1.5893840366453689,-1.8117748057495553,0.39490998725857385,-3.0376052325018303,-2.2106425933080507,0.5837916855237129,Normal
0.458370354927548,udp,dns,SF,0.9474412509518053,-0.09725195611300386,0.5423761368670929,-1.8626451503669013,-2.40964014223084,-2.4197732560917418,Normal
-1.1312582382213499,tcp,ssh,RSTR,-0.18980125910739631,-2.6048189026917568,-2.0844049496484227,-3.142897688208854,-2.7431699282681876,0.16357412981130715,Normal
-1.3971177379466844,udp,ftp,S0,1.3571337394822858,-2.183568242864177,-0.32828410317348955,-1.3651360748088304,1.5274839001289742,1.2205048336874857,Normal
1.9296829567355227,tcp,ftp,REJ,1.6598124017474865,-0.9267340624081036,1.1638092810114813,3.004692391407763,0.04252091741723962,-0.26895250670822834,Normal
1.158391483682351,icmp,smtp,SF,0.10978058012199055,1.0928957948527578,-0.4350425651897645,0.7544502413445335,1.1938818040357253,0.6397685737135872,Normal
0.9270796628554737,udp,smtp,S0,-2.155583725652982,0.17212320721211816,2.644512473820056,-0.5322345467808023,0.8837005952638006,2.3420588637878597,Attack
-1.1193177705314847,icmp,dns,REJ,3.506378593641912,-4.717652490149328,-0.6219976391843314,-2.4477104683262114,-1.3073478636200433,2.1752646954980226,Normal
0.6065858332759165,udp,ssh,REJ,1.0263861453970027,-0.03424549720965642,0.5305754952205556,-2.515836005475695,-2.98691701745285,-0.9969620685315816,Normal
2.0851692940430544,udp,dns,RSTR,1.4464933814137002,0.06122048180932982,-0.1395351360509436,-0.29620478506622516,1.5024622168248087,0.5644071297556188,Normal
-2.100563760625448,icmp,ssh,RSTO,-0.4467434562652004,-1.7196026882366695,-0.8671646309306575,-2.9684024797602486,-4.70840266487426,-1.7760686173958171,Normal
2.3775366917799925,udp,http,RSTO,1.955032894776168,1.3573698074763438,1.7719312907710056,-1.5454331243449213,-1.0291519844989716,-0.8862471417775084,Normal
1.1660172524674304,icmp,http,RSTR,2.108386756787869,-2.1444092279398497,2.821393507462401,0.4145750664535962,1.2064218119007215,0.8935578134292729,Normal
-1.863269910952985,icmp,dns,REJ,-0.8240276148644567,0.47300590975847134,0.2077807316830944,0.12897269021325142,0.4890611623480223,0.8340534273986262,Normal
0.18164695114038434,icmp,http,RSTR,-0.6971611692140167,0.563136139940893,0.28832462312255946,2.7042191340328987,-1.9736690898141471,-0.18467831952398783,Normal
1.4620882048425499,tcp,dns,RSTR,1.7781121161669062,1.1377235012075115,1.6220058740133028,-1.1105347827948542,-1.6423363132297113,-1.1306502613203024,Normal
-0.7028978142903973,tcp,ftp,RSTO,0.4636472845259302,0.19225893829450058,1.4398184236824103,-0.7749571909511128,0.3697892919590178,1.6418523459513352,Attack
3.4498136513399404,icmp,smtp,REJ,2.200574335854564,0.5381113628627068,-0.133653459010302,0.7029316497107978,3.086131220423394,-3.019925408491744,Normal
2.2680704846386974,tcp,smtp,RSTO,0.38218494553985827,-0.3893121100167085,1.574434207599806,1.6886711127480936,-2.4507865865048175,0.41966908629198807,Normal
-1.65082180157112,udp,http,REJ,1.0973140381005757,-0.680796115389698,-1.196718009867901,0.47062003112888773,1.1000173052366562,2.6815515470374565,Attack
2.1034917645527513,icmp,ssh,REJ,0.07645724151020517,1.319615875342095,0.13426662728363747,0.14449396376083112,1.3698757918229716,0.7690523505749083,Normal
2.2352670180688623,udp,ftp,SF,0.6815722024643678,4.602304901319266,1.0608404091761696,-1.0083763394135907,-5.221074395166756,-2.2763636045187714,Attack
1.6545235756701584,udp,dns,S0,1.3550323922965795,-1.9512490674009202,-0.22683341547594393,-1.2880204165132563,1.7381728471443378,2.1204007713550244,Normal
-0.307820292835317,icmp,ftp,RSTR,2.1189956430736583,-2.302837044893236,1.6197362783549472,-1.3464563628182575,1.7002455229029279,3.086238560018777,Normal
0.9218145645350538,udp,dns,RSTO,1.2419222863997956,-0.8237913708174653,2.5305615410433426,-0.9912235976063106,-0.7732573937523035,0.3765927757372637,Attack
0.5871737709079886,tcp,ssh,RSTO,0.14720620480696855,2.4865901993931088,3.227385909577998,-4.625463860895331,-4.304733346075764,0.6583236753383754,Attack
1.0981102787254824,udp,ftp,REJ,2.965653287941871,-2.406549517721908,0.4437846186517087,0.6905800979707524,0.5202286025639784,0.5359097076817143,Normal
-0.2148848497731696,udp,http,S0,0.6727981718629908,-0.42825309036227566,-0.008311463321384105,2.3258394451279836,-2.8521310198931644,0.3142192698344468,Normal
-0.6094980823743092,icmp,ftp,SF,0.3302777875096661,-1.0960263671757784,0.3432001285488635,-1.125842729026101,0.8295563822657042,1.6897225454003515,Attack
1.3557741304047952,tcp,ftp,RSTO,2.5914017122983246,-2.301811012729648,1.19169224026767,1.8538986168154399,-1.0014004104107874,0.3504577770518942,Normal
-1.159882227723044,icmp,ftp,SF,2.2569934726014607,-2.59022376140273,0.9385370781172631,-0.01170578941735867,1.1207122233454854,2.356500454609446,Normal
2.465726547505524,tcp,ftp,RSTR,2.278275820066484,-2.750624607266908,1.061622069564566,1.3607526082663448,0.4476425093277472,0.9707097637402331,Normal
1.8043237685703641,icmp,ftp,REJ,-0.06841979036737778,-0.0759989268889476,0.1812744657126033,1.736669473840459,-3.172106533486766,-0.009674519896758715,Normal
2.510488112972955,icmp,smtp,RSTR,1.8766438552165825,1.3108977420685397,1.7735622791197738,-2.244063012834564,-1.822786843915234,-2.1572347114353816,Normal
4.6368531669738635,tcp,ftp,RSTO,2.83581072193301,2.1691896015860266,1.7567240122938608,1.5527642917953162,3.827913993532335,-2.719765065333624,Normal
-0.2825195293601576,udp,dns,SF,-0.03566707318403961,1.319831306706897,0.18754255741343073,-1.457152143232686,-3.3433544321383435,0.43189507387408654,Normal
0.8114819079224203,tcp,dns,RSTR,1.3664095839254684,0.16129292812746066,2.670547648274491,1.9100168419903525,0.10139098979552119,2.3589394683142024,Normal
0.7030002449871263,udp,dns,S0,0.9195498149516645,-0.53613613115984,0.5807933517351245,-1.1528858243405882,-0.8195202246582132,-0.5555208474552977,Normal
3.0123416892749875,icmp,dns,REJ,2.733712712925005,-1.1242122468096074,3.335994679829778,2.825467103345785,-0.8327415325715722,-0.17325128050864347,Normal
4.148147497188563,tcp,ssh,SF,3.2599877256711105,1.0571559768190804,2.027913080389525,-0.5086632442125656,1.631074179378476,-3.257985637400649,Normal
2.4512717554215318,udp,ftp,S0,1.81633838575874,1.6636674260026012,1.4253358997805676,-1.3243816098962216,-1.1105723793151068,-0.4607060702595591,Normal
2.451833333578334,tcp,ftp,SF,0.39987916161310055,3.4371380659278206,2.0662356626072427,0.6455417246295134,-0.292829121807067,-4.859000467560041,Normal
-2.2846476432441394,tcp,http,REJ,-0.5712989261383552,0.3160805223316452,0.4336216278596109,0.055466792474249904,-0.31699146115652144,0.5141720658561502,Normal
-2.0672360268894883,icmp,dns,SF,-0.5314066454138169,-0.3093870774602304,-0.02369114754449253,0.5219404869981823,-2.7986092877278788,0.10557636474198595,Normal
-0.8924072869315782,udp,ftp,RSTR,1.401145983488187,-2.0226207171389072,-0.16182391821172626,-0.5025420154163378,0.09187590070994345,0.1436021856315316,Normal
3.6173746067330494,udp,smtp,S0,0.19629630911721518,-3.2095588731303186,1.945590461737401,-0.658687698720408,0.15476838771366075,3.9445964339611757,Attack
0.7465457654095747,icmp,dns,RSTR,3.5443524305906573,-2.86102614893934,-0.22216971594915047,0.8523904265066183,-1.0335538921301066,0.08725701213108306,Normal
2.678462628150285,tcp,http,SF,2.965400351499008,-1.1443245654295642,2.455580545152912,-2.837107006714687,-0.7113462432629496,-1.53645273567049,Normal
-1.1169273461023705,tcp,ssh,RSTR,0.1960830288088119,1.9395045638358546,0.6326336959729347,-1.6085509683355066,-5.702019758530835,-2.430722038277116,Normal
4.440440616153813,udp,dns,REJ,2.163187456351814,-0.21160623709004722,2.7642346360767736,3.416334842322628,0.062405242521118565,0.9179631057976462,Normal
-2.0452858332940305,tcp,ssh,REJ,0.41197772489423057,-1.1767531218928462,-0.6218527016070463,0.4611927198737734,-1.01459705634525,-0.3064089162908541,Normal
-1.705527873140364,tcp,smtp,SF,-1.5546444695378356,1.0391942721289769,-0.6492660981103913,1.034005425036455,-3.059216529575072,2.2585393654594847,Attack
1.1268398479908535,tcp,ftp,RSTO,0.9344230426892024,0.04298562833829578,0.22335344106244348,-0.2217836977566593,0.1593738579723214,-2.847611532957214,Normal
0.24430825213640722,tcp,dns,REJ,0.28965835336511114,1.1434972312321123,2.225797411895366,-1.7557969890258365,0.12258453719970142,0.14196009140438703,Attack
3.532832896178372,tcp,ftp,SF,3.8422249035493623,1.5643920204516495,2.0329336126099817,-0.18212024623058565,0.8052276854326732,-0.09838997020152473,Normal
1.7752013170499124,tcp,http,S0,1.5183278170197334,1.3328004789393737,1.7485475946291087,-1.46316892297668,-1.9527523116664933,-2.579737391585888,Normal
-0.42063029934875074,udp,dns,SF,0.5868617876022107,-1.3335377597472327,1.7827240667923192,0.21689445207759106,0.07636699950702286,1.9676539366056502,Normal
1.0425639773744502,tcp,http,RSTR,1.6974094872086858,0.6456868824301258,2.072162724908516,-2.0668358976018157,-2.45034616972228,0.6335487343430839,Normal
-0.44984517137585334,icmp,ssh,RSTR,0.43497368513400647,-0.2958783187532852,1.149611950329478,-3.5687823024102685,-5.0356819686404215,-0.4815800927607161,Normal
-0.7375198677599935,icmp,ftp,RSTO,0.5642572936700994,-2.153962131512723,0.42706628870577057,-0.5845915622351703,-1.52004170720092,1.474185758202884,Normal
-1.501036904016736,tcp,dns,SF,0.26373797048215153,-0.48218145984378036,0.05271878284109077,-1.602311342959315,-3.5658594899281595,-0.8238130506356696,Normal
-1.585855601752437,tcp,dns,REJ,0.4388962381085868,-1.6780699541048416,2.1955378459777535,-0.45342185223607157,1.5806825379334906,2.1506888678978857,Normal
1.6924444919218355,tcp,ftp,RSTO,2.68484898924891,-0.444545206367988,1.4572466361262624,-1.539271632436035,-0.1459187702507866,-0.1380027322632411,Attack
-0.39835826245892186,icmp,ssh,S0,-1.135770511661166,0.02154747982772598,0.3496646884107103,-1.7560587960651843,-1.4422172459112264,2.0255386595528453,Attack
0.008527656333279609,tcp,ssh,REJ,1.2498323681612795,3.069149867466878,0.3425402687899297,-0.2874363426537311,-3.8062754844149027,1.1935579526504647,Attack
-1.5770302395274223,icmp,ssh,SF,0.9185029585686847,-1.9727229107855457,-1.3436572829430764,-0.8378957856762062,-2.9871153239053605,1.0821198120958366,Normal
3.3121920414057833,tcp,dns,REJ,3.174439004183259,-2.0516049906935354,0.22158802011384093,-2.0674007807329438,2.061362469927038,0.40950644853195906,Normal
3.211179481170725,tcp,ftp,SF,0.3102014054781419,1.687683996170001,1.1259916790273037,-1.5725670171005055,0.2163958756224671,-1.0863964607604961,Normal
0.6807508762766443,icmp,ftp,RSTR,-0.08459029585563083,-1.8051849430981033,-1.8589896247543618,-0.7139358004948007,1.5360840852300282,0.5764356268567898,Normal
-1.1638139078200576,icmp,dns,SF,-1.385103651156391,0.34816784055713956,1.3595525092542085,0.1838399958146253,-1.9858438968823346,0.03739507336913295,Normal
2.72333470006329,udp,http,SF,1.3557254471037912,3.15241605710229,2.2207139750405682,-1.044620481073186,-1.5754187494214646,-0.7872087576552441,Normal
3.749959160851778,icmp,dns,RSTR,1.8429994122122042,4.730732632638453,3.010533824854235,0.26555372399558985,-0.5435616542587969,-0.8605048086753377,Normal
5.472588181476438,icmp,smtp,RSTO,2.6932523106963657,-0.3418514099326724,3.044686426419544,4.580233278221212,-2.4321092749193287,1.5528263232400579,Normal
3.1892821785615877,tcp,dns,SF,1.3850841361704724,-0.5125459331407065,0.3768497315087771,0.660812645116196,4.490183281797246,-0.853388254359643,Normal
-0.47895246708145744,tcp,ssh,REJ,0.6175145580125234,-1.1833687411410898,-0.23807472337995872,-0.24278621186645521,-1.6888749998546322,1.550199734285648,Normal
0.3884558133459667,tcp,smtp,S0,-3.3830746594609793,-0.42764450674951426,1.7993923145935962,-1.0229366143893355,2.184233664650254,3.3839157631338077,Attack
3.4972153144134444,tcp,dns,S0,2.6353956360500597,-0.729972392440017,1.9826818287957149,2.172193864112889,0.5263948676833867,-0.694490086294655,Normal
1.459186068307212,tcp,smtp,S0,3.6027762185967402,-3.492001474620985,0.4917405879782586,0.08910458443066827,0.35561315258796644,2.3336770589046285,Normal
2.863838990377064,icmp,ftp,RSTO,0.7055928315671102,1.8474326524712095,0.9332004738366115,1.9693556954873483,3.5707524692228176,0.7636374977512606,Normal
4.752707205985952,icmp,dns,S0,1.6976869796460752,-0.265603452150009,4.022921230803695,3.1119548528353307,-0.8036619930149407,1.419191304346717,Normal
-2.4885516575732263,tcp,smtp,RSTO,-0.9318144572941827,-1.6644662674450257,-1.0349198169028786,-2.8735098911268553,-4.670339416859855,-1.3149656746024538,Normal
0.34696704642148274,tcp,dns,SF,1.5695419332042402,-1.2653567441358482,0.365430169201892,2.100945632826006,-2.8311109794881157,2.4857989660450617,Normal
1.7466810048323256,tcp,http,SF,-1.0384670028719118,1.7279549133072045,3.597313049890282,3.2404496431625525,0.13315528251589925,-0.10802124748654784,Normal
-2.7452247043031006,udp,dns,S0,-0.41780432923260946,2.688429573204373,-3.266031876770361,2.3930036288197427,0.8478210099157286,2.6789035318994157,Attack
2.4145140869354984,icmp,ssh,RSTR,1.4365040298152834,-0.45737053068551237,2.9287596055615226,1.9644432828360652,2.3962763906129063,1.4379680023544184,Normal
1.0922281167054038,icmp,smtp,REJ,0.9515757369001783,-0.39329082312807406,0.6833704375748941,1.7111540682331094,-2.7125615313341527,0.3047381169227671,Normal
2.2519250442630403,icmp,http,SF,1.1959021793958473,0.9509922708900409,5.209529934079285,-3.7574477412113945,-3.0674867948938362,-2.416296804501269,Attack
2.5474536481303853,icmp,http,REJ,2.1147656027197392,-0.9638777317702467,1.8966551057733676,2.3013089592889497,0.09311942109074112,0.40165977335699765,Normal
0.4672011299227814,udp,ftp,S0,1.665642262012967,-0.419022908900597,0.4059573157539722,1.4388704177938016,-0.57264775749798,0.6492090632070171,Normal
0.06872858551479458,icmp,dns,RSTO,2.4414636341085068,-2.4518129478374595,-0.374820414935797,0.511848141371315,-2.2115208146011005,0.22202243924162057,Normal
0.9539701770687967,tcp,dns,RSTR,0.8803813755277545,2.3758805737212176,1.764920543711829,-1.1617463520712978,-3.1271731462563794,-1.4912945982178105,Normal
2.1351862880083714,icmp,ssh,RSTO,1.450112857302139,3.2659111662110667,3.3401968216146494,-0.19202272250629826,-1.7980659116642792,-2.5053824825946487,Normal
-0.598648937558529,tcp,ssh,RSTR,3.3038087340169793,-3.5287340433283507,-1.314849881473966,-0.7032298964922252,-1.6179208718237468,2.12662201072868,Normal
3.9381983935902483,udp,ssh,REJ,1.8852681197034298,2.742518864501319,2.7057385560890337,-1.150867616469057,0.04921342764643066,0.30863438851714986,Normal
2.973008137063555,tcp,ftp,RSTR,2.2586499826449753,1.2548002824478979,2.5226771379554354,-2.0869279653142745,-1.2296400377533474,-2.8686812536852537,Normal
2.8592613717276394,udp,dns,RSTO,1.9331051719282035,3.3451147379726343,2.630356552536091,-0.1255332275595361,-0.9966581637472658,-3.2612616166996373,Normal
0.24225858459280855,tcp,dns,REJ,1.6807665218478958,-1.1944617305468768,1.837235379881867,0.9283141494245163,-1.95515867234153,2.8444342633731132,Normal
1.1906652012739618,udp,ftp,RSTR,-0.11470508832897197,0.9313490333346093,4.228974907414585,0.9301106117196236,-0.6076344393782511,3.1531085170369666,Normal
1.3974875193680452,tcp,ssh,SF,1.9907654074632801,-0.6910057476099098,3.6181549814710805,-2.478464142142045,-0.7559549060368085,0.8394351113083727,Attack
3.071728825809877,icmp,ssh,S0,0.5131501472409536,1.242430288416596,0.6994183693615886,-0.5926993027970426,1.648600487214031,-1.2229273227104762,Normal
-1.599563435301263,udp,ssh,SF,-1.644851845861866,-0.414448933408314,0.777759187000444,-1.1826699146318438,0.0711784047651689,1.1489211060886773,Attack
0.3062332282015789,udp,http,REJ,0.07494520261073956,-0.3698777116897862,1.1874016449482212,-2.2799220444584742,-2.529000262150872,-0.8867200410029255,Normal
1.5198332424401642,udp,dns,S0,1.0513027208042298,-1.5753889581174603,1.2622832144696154,1.8337807846919585,-0.6697042288980489,0.7500329987851043,Normal
0.24339509176345547,udp,smtp,S0,1.7012983230763976,-1.926678270727617,0.975721689409572,-0.6431482260607533,1.0264495456766807,0.4072976908356616,Normal
4.088373332415964,tcp,ftp,RSTO,3.6290603712164433,1.5663146825418046,2.8186995689710455,-1.0294499921634326,0.4794551659340667,-0.8054046379617864,Normal
-1.475344599120794,udp,dns,REJ,0.6171839404739528,-1.5119512509433912,2.2511688519278836,-1.0990482757287159,2.3278954006618005,1.92926512888988,Attack
-2.457574921213911,icmp,smtp,RSTO,1.709963603911571,-2.66520557462634,-0.6805796555137347,-1.0095566809125947,-2.1173052747611196,1.979346775726043,Normal
-0.7207909933688242,udp,ftp,SF,0.5874113717064974,-0.9038004533833566,2.180062021836222,0.015598899227758811,0.6426172034134443,1.7041332231050914,Normal
-0.1610331536891354,tcp,ftp,S0,-0.31673228043919566,0.5770760486763356,-0.7083143156101603,-0.4331176892818849,-1.6603550823936821,-0.3619255819809434,Normal
-0.19400268822699968,icmp,http,RSTR,-0.38892247745551656,-1.3138739517358493,0.8290725156175535,-1.8518209390531972,-2.1833582718669717,0.19396554615115003,Attack
0.7449410418975414,tcp,http,S0,0.34505609222842304,-0.6182803504488477,3.6484590659417377,1.7424262078264237,0.6564932766578346,2.550938327730572,Normal
-0.4882763089811751,icmp,ssh,REJ,0.24340942715037062,3.790985632406312,-0.5248486480943422,-2.069447152231302,-1.9095548510678841,1.0515272162802354,Attack
1.9140466005222003,udp,smtp,SF,0.9374994754227434,2.3910869671149007,1.9597027756689318,-1.1975560755515853,-2.1472922769990506,-2.511489466159111,Normal
-0.15373133136130768,icmp,ftp,RSTR,2.045727347920373,-2.5829667929079823,0.07768673087030342,1.8135146187422282,0.13966415159127865,1.897703569278856,Attack
1.1986380815622177,udp,dns,RSTO,2.314491755268781,-1.345027505987761,3.6970442645243553,-4.3405425532458235,-1.0834715931397807,1.5736772883311458,Attack
-0.26245806203437305,icmp,smtp,SF,2.192526051558662,-3.2123911294287795,1.952458744352021,-1.35678277155296,-1.826755203857017,-1.6893132844600376,Attack
-0.4716313131944505,udp,ftp,RSTO,1.5236374734621987,-2.368267953665037,1.6222407732412898,-0.2442330795255725,-1.0682020420043858,0.6704794122159953,Normal
-0.9620724077687052,udp,ssh,REJ,-0.40081414470480525,0.4794734786369822,0.04366744514330867,-1.6074671539280612,-3.6137183466307117,0.6968270971110424,Normal
0.9845856051138356,udp,smtp,RSTR,-0.1565556110973514,0.40738128496704307,2.263941411012322,3.03562935924072,-1.0997248102591117,1.7029375699590965,Normal
4.475746609733843,udp,dns,S0,2.893161019413709,3.1018470052829246,2.0015497034221825,-0.2558924419453744,0.6996892937550685,-4.172262952433775,Normal
-0.8113651860278771,tcp,ssh,SF,-1.2099775048363468,2.1818527897088176,1.6004511522297156,-0.9833211068200651,-1.1881052835067447,0.21319547904439673,Attack
-1.6786073739795455,udp,ssh,SF,-0.0856797100258051,-2.5379264012444467,-2.2640683553149916,-3.043322900086832,-3.3907209236690896,-1.6201318690933988,Normal
-0.3783587954188934,icmp,ftp,RSTR,-0.7122611550000051,-1.410284100952392,-0.8379647981837586,-1.9509505608089976,-1.538774961027936,-0.7188606949825971,Normal
2.9497642876990557,tcp,ssh,RSTR,0.8056655679888055,0.15768254879646837,0.1782359453402178,3.967923170955093,-2.1190543742089636,-0.5815178687993712,Normal
1.5335602187276665,tcp,dns,RSTR,-0.002581557277727242,-2.3150304010693317,1.3206029374473076,-0.6969409882663817,-3.0005967749324487,0.6316217548162757,Attack
-0.8900314474956419,udp,ftp,RSTR,-0.0903711807029417,0.4522721247062329,1.6327539058131957,0.7752175802416884,1.5184167717667427,1.0918334908789458,Normal
2.012382992407152,tcp,ssh,RSTR,0.6364907588634043,1.35390672594033,2.9450720980804412,3.0732211101349662,0.7747231985763559,1.7924746282947552,Normal
2.432907767040718,tcp,http,REJ,-0.4500267725228799,0.5317379348469375,2.3815026195914877,1.4015252733549086,-4.30727786470937,1.2974660995732465,Normal
-0.5949031702156456,tcp,ftp,S0,1.5707750714535371,-1.2673163168997004,-0.3690588572105671,1.2828436197691657,-0.6608797461755649,1.071273697548944,Normal
-1.5186324989715436,udp,ssh,RSTR,-0.30691269211661254,-0.6634692993142246,-0.7702908004021485,0.04548018621063765,-3.96991035047898,0.8368520232743665,Normal
-1.8239990866748492,icmp,ssh,SF,-3.451977739646323,-1.5751737619649138,-4.058690532845416,0.9291282384315758,1.6352449457499736,1.0268026010287343,Normal
2.6524403349169847,icmp,dns,RSTR,1.9171947081758498,-1.2492310705148864,2.9351112728708975,0.8104961696381934,-0.30229668511558416,0.913923527461739,Normal
-0.05473367682489083,tcp,smtp,RSTR,1.4050633542990376,2.3221433085916305,4.100949219078383,-1.6441722199040618,-0.9770559891374803,-0.19121040440365844,Attack
5.208706143506715,icmp,smtp,SF,3.4103952271038733,3.110291108314678,3.338386286911328,-0.1764727479086141,1.3424413998195273,-2.88985145886158,Normal
-0.270228116305674,icmp,ssh,RSTR,1.7484622222550457,-2.708051677025935,3.036296717806871,-1.5810480121142492,0.23980749984822092,2.873168470720535,Attack
-0.15833446616182703,tcp,http,S0,2.884926120735826,-3.8337384914556427,-2.2474417451202613,1.2712018102732467,-5.417378311450109,2.227888829074657,Attack
1.032565203718786,icmp,ssh,RSTR,2.0348589918622046,0.9714545871166245,-0.31506285617618346,0.8975429202588798,-2.46668466533426,0.4452379110539134,Attack
-0.029367086073607926,tcp,http,SF,1.5732417067767699,0.6930620312150699,1.4308771237706261,-3.238748048234628,-5.650846952191231,-4.1984390001832,Normal
3.4512317547040676,udp,smtp,RSTR,3.131050556856937,0.44181593295683275,2.7003812608906905,-2.6631482607575316,-0.9161053004309704,-1.841841319752131,Normal
-2.00009706975157,tcp,ssh,RSTO,-2.939386513193923,2.3685779720961118,0.7280500244268091,-0.5695710749111259,-0.8117877731476709,1.0619539081769533,Attack
-0.42372127554124733,udp,dns,SF,1.4406930592926859,-2.13266555629981,0.2749656253825753,-1.1745951976760711,-2.7967027928815176,-0.2524776410120211,Attack
3.939975784210001,udp,smtp,S0,2.3791349242950375,3.727933147369231,3.3944897481141982,-1.5885874726139906,-2.157241143955771,-3.4761114286567345,Normal
0.6923481613746835,icmp,dns,S0,-2.205025303181349,1.943672901131023,-0.12192180773285322,-0.5647559905221493,-2.064383180625622,3.5266272770786498,Attack
1.473768341842615,tcp,smtp,REJ,-0.0667821830122508,3.14993946515348,1.8455808658751365,-0.45573795409562945,-1.7011613310642775,-1.0263885672924191,Normal
1.6734348644737975,udp,ssh,SF,0.0740571100819174,0.9534216894757548,2.128902265368653,3.222844110658087,-2.054304221865329,0.7568377127077581,Normal
1.7230509408970232,icmp,ftp,RSTO,0.9260332371378979,1.752402693890206,0.9069082929424142,-0.600792176200263,-0.6661610467844985,0.43319519693173936,Normal
-0.9382488665551355,icmp,http,S0,0.13424293137578214,-1.1466318326733467,0.2582592048605574,0.1626958478565852,-0.8082236662113776,1.8942007218884558,Normal
2.1251557529748997,udp,smtp,S0,0.5843264234019677,1.2981315426883588,0.8359751582296711,3.282758176677043,-3.1551865006313915,0.1406759513468676,Normal
1.2772794684862676,icmp,smtp,RSTR,-0.7858099721469838,2.0654352984560136,-0.46227131194031745,1.4499118910230373,1.0542975990456838,-1.788785992881445,Normal
-2.086239434382371,tcp,ssh,SF,0.19578620096170862,-0.776890275532101,0.6873752158142321,0.6082004045506065,1.7588693992573914,-0.32603264969342827,Normal
-1.1317765710194025,udp,ftp,RSTR,-1.5401601256974629,1.3292402754494805,0.3926361240721352,-0.8632679206693081,-3.8942097099707302,-3.281024919331242,Normal
0.7088193152453659,tcp,http,RSTR,2.130418039345651,-1.5684067517594862,3.213904994268899,0.9584860654680908,3.1071821614925117,2.7140935126010497,Normal
1.125942122355713,icmp,ssh,S0,-0.01402530651746492,-2.244409681052595,2.0848486367560204,-3.8714841318840807,-1.6999941004947818,-0.10331958911856742,Attack
0.4068032635707766,tcp,ssh,RSTO,-0.8733346549170532,-1.5021408211906093,-0.23891338190983236,-0.9067986665206729,0.1108507026825507,2.634084407575698,Attack
1.2248816700453145,udp,http,RSTO,1.9349303756478364,-1.7366464455860138,0.4848014228086812,-0.6596755751276617,-1.2302642333393619,3.5219885575833345,Normal
-0.2640798194472044,udp,http,SF,-0.6647073200705824,1.716335156187215,0.9149051557965773,-0.7646110180436306,-2.98936813054774,-0.932321740501608,Normal
1.5216681654469542,icmp,http,RSTO,0.14406061411450843,0.44148225888938675,-0.2940986279115556,2.107969944548965,-2.260928053586674,4.614735761926308,Attack
-0.17555251389987314,icmp,ssh,RSTO,4.010867870867808,-4.50899424900347,-0.4395964378246311,-2.0593820999615993,1.8456093828490623,2.869259436032488,Normal
-0.8886268725722324,udp,ftp,RSTO,-0.9277226704577695,1.0228138087606427,2.656236072898934,0.14970825237964147,-1.376193287972061,1.8371760275503277,Normal
-1.2632922148231336,tcp,http,RSTR,0.7687295929230236,-1.1034495032140177,1.0368778562553806,-0.0276775320678051,-3.42974553148423,1.7661902462879526,Normal
-1.1784703900179567,icmp,ftp,S0,1.5139184078268701,-2.183071289144217,-1.1730948826793277,-1.4133123569616495,-2.2051082686953407,-0.24641948388514234,Normal
2.956375078708461,icmp,smtp,RSTR,0.7996987268908461,3.90775486817506,3.20244931174846,-0.6922011314901202,-1.7937928671006511,-4.3248745635751895,Normal
2.0828914784217107,udp,ssh,RSTR,2.223782650997103,-0.4626457741447919,1.0676172722747568,2.1272075424603427,-1.4419453538513236,2.0828564790352075,Normal
4.456225727132623,icmp,smtp,RSTO,1.9536608744266153,3.7945487832602316,3.2837925201501026,-0.34978585266636475,0.2160139466137576,-3.7950053916606223,Normal
0.8999473400170963,udp,ftp,SF,0.9556081844130982,-1.53481824175958,2.049293012950676,-0.5226674575439374,0.8940732637265887,1.6707443475005308,Normal
-1.2799431475248082,udp,dns,REJ,-2.718078806037221,1.4052860018225553,2.374264358035449,1.3269273538259254,0.71010653178042,1.5753971928636763,Normal
0.576438529670165,udp,dns,RSTR,0.6463202440987796,-0.9393174747870288,1.0764481646340323,0.43191404673636924,-2.7566727296138485,0.9316690848624741,Normal
-0.32759996784707374,udp,ftp,RSTR,-0.49503063204630193,-2.1977394718367833,3.577361998183983,-2.7842299308545275,0.5866604452655084,-1.8854851768861036,Attack
4.96582314478378,tcp,ssh,RSTO,3.867157158904711,4.302498734121192,4.405901284672664,-0.3302714409527987,-0.4418738866120242,-4.025411575741034,Normal
-1.6723451535245513,tcp,http,SF,-0.9768292324742958,1.1288971456926924,-1.0075916980124529,-0.8607695113789666,-5.526824700626301,-0.11690342520592578,Attack
0.27157014955108033,icmp,smtp,SF,1.893187873594914,-1.7509341662407398,-0.8879264159129387,0.5492383405867078,-4.38867275928105,0.799975291709953,Attack
-0.6005883835285001,icmp,dns,REJ,0.02740123515165349,-0.22387320519253862,-0.015690615964089716,1.7248718399691774,-2.239771235448039,-0.2098671685668596,Normal
0.40854873572763706,udp,smtp,RSTO,-0.22494827366109393,-1.792544157256672,-1.4503191495874597,-1.7986308046061263,-0.19787688244949664,-0.40531371228326196,Normal
1.5706863933023156,udp,ftp,SF,0.6855537526413308,2.6280804495776247,0.4396789402193031,1.157232586907453,0.045883694502548256,-3.9939639268951317,Normal
-0.4084288172934838,udp,ssh,REJ,0.8888278266535381,-1.0407100478801046,-0.1891241404550137,-1.17519257018328,-1.5508093061366515,0.189160670054473,Normal
-0.9785212251579467,icmp,dns,RSTO,-2.5489842946822057,-1.1171744859833828,4.135101562328693,-3.542134202602156,-0.27944850596160664,-1.8837333674780017,Attack
0.49290512134461817,tcp,ftp,RSTR,1.8053065737443843,-2.0381330298875397,0.5533944610487802,1.60119687476113,-0.9553631186075778,-0.3820439751472191,Normal
-1.985368185147268,tcp,ftp,S0,1.0616558723440723,-1.8374248981193118,-0.38405359919316817,-0.0018450368394546945,-0.8527586606880002,1.8276331003008794,Normal
-0.38053499405126595,udp,ssh,RSTR,1.3428436452543056,2.3410015797969588,1.4758521729563199,-1.0076721842196785,-2.9117228528533188,3.0578628073704044,Attack
0.38771016298293204,udp,dns,REJ,0.02405863048080803,1.460853307030677,0.08232826231795132,-0.26813149815499604,-1.6253431452198548,-2.351524356269513,Normal
0.1302361624144121,icmp,smtp,REJ,2.1914466901124374,-2.461710610545191,0.8374619120081226,-1.1388188905254224,0.7222691454522756,2.7932238088957804,Normal
0.8344623035009175,tcp,ftp,RSTR,0.8512301781178709,0.26492537765771496,1.169351578437929,-1.6049650361501753,-2.7101598773140054,0.289936902288379,Attack
2.555662762053876,icmp,ftp,SF,0.02537664323143818,2.2226337944012253,0.6871422127422055,0.5258368621370144,1.4692094497206547,-0.11464198253445246,Normal
-0.14246453757407948,udp,ssh,SF,-0.5762120074349306,1.5034202020725678,5.4040890267195625,1.9105886328458104,4.067043266458942,3.180423233722574,Normal
-0.9456490060979407,icmp,smtp,RSTO,-1.7028349090364205,-1.7116632828792726,1.5433625394254396,-1.5910414814508385,1.4880030876437162,-0.39212860462058896,Attack
7.360168229000901,udp,ftp,S0,3.405943101285617,7.583356139441161,5.0983392588691,1.4748787959037295,1.85734036392607,-5.000691209670845,Normal
-0.3527461668321346,udp,ssh,S0,-1.9120979066834334,1.1999346799924129,0.8949297052022639,1.9856925201465463,-2.9148545354465387,-0.8211406460738537,Normal
-1.153782962673052,tcp,dns,REJ,-0.541416569910659,-0.2779771134741016,-0.026217168413233738,0.6297441260647234,-1.679523972161702,1.6701163923645734,Normal
-1.4920070533498841,icmp,dns,RSTO,1.4824224024651647,-1.0985150885483008,1.1106963326545465,0.7829950683227351,0.8743568684595973,2.3103960774382966,Normal
-1.9636445979356192,udp,ssh,RSTR,-0.020898717742120043,-0.4426841756122213,-0.753791508406255,-0.9488954945796564,1.219652724964217,2.1867529915645383,Attack
0.659506443572162,tcp,smtp,SF,1.8080825262260027,-2.1915158418453475,0.08208530397153702,-0.9396000459598357,-2.3553049116388842,1.0183856817553265,Normal
0.03576859044742477,icmp,dns,RSTO,1.2065568170972631,-1.9083593038977944,2.412098676579759,-2.5691158114938126,-1.2035443822705132,2.5757578741753195,Attack
1.294246694504037,tcp,dns,RSTO,0.34219979403803125,1.5239939448590771,0.7459715769851434,0.2553033606603756,-0.08606889068442114,-0.19726781568520313,Normal
1.244118399418481,udp,dns,RSTR,-0.019923523166167856,3.089703900743156,0.8078258938861693,0.16695830480390117,-1.3077020046510985,-1.909440019923125,Normal
-1.5438458415244145,tcp,ftp,S0,-0.8475672525126412,0.23122135141614542,-1.7012660885016775,0.5690265095535535,-5.012473944867503,0.57556005342283,Normal
2.8421917483295345,icmp,ssh,REJ,2.1647065851930205,1.97339916753906,0.6819935831336568,-0.15838450837813334,0.43657640665352715,0.05829056263882926,Normal
-2.153010786998613,icmp,ssh,S0,-2.530343238684823,2.079355817103771,2.739530216261742,1.1670753712322524,-0.5022581426873184,1.4601325907605605,Normal
-1.9830205919942083,icmp,ftp,RSTO,0.8933265335827347,-0.4916554573383487,-0.3272478626076343,-0.5870192369391031,-2.7245376931741285,-1.9269859220099588,Attack
0.10879917541485953,tcp,ftp,RSTR,1.6952321180047671,-1.0438127314778318,1.0338935892553378,1.4638700226577137,-1.716834760975397,1.486699705560166,Normal
-0.3937593115984773,udp,http,SF,1.1218580503844597,-1.4219114702238012,-0.23735182857178727,0.08221884372583077,-3.6768607812324414,1.4031927421548647,Normal
2.180667148354155,icmp,dns,S0,0.7026779810608592,1.2860094736041252,1.1134404073826694,0.4217017900150861,1.0858238678973002,-2.0693404743361015,Normal
-0.3453021723623705,icmp,smtp,RSTO,0.20817659698546498,-1.1470177475320693,1.6810077673442958,1.125105531811918,1.811925119671843,1.195251847082635,Normal
-0.4560218724549684,icmp,http,RSTO,-0.9479877980598986,0.17840760733962235,2.260027643547447,-1.92552921816956,2.113350526268264,1.193025261971509,Attack
2.5328205007714857,icmp,ssh,S0,1.8726180572010218,-1.0716975803936106,2.254837872655475,2.7866475256587466,-1.6702122590643738,0.4860504061348091,Normal
-1.0144821909882182,icmp,http,REJ,0.09910671981118435,-1.5757856849443355,-0.8858033181233655,-1.4152554454770123,-2.271972801203365,1.2270316291274326,Normal
0.9310478055030904,tcp,http,RSTR,-0.03495165849716808,0.5795354699130086,1.849601513942418,2.1966091298743704,-1.031995671138858,0.7541208149268641,Normal
1.8921953061209356,icmp,ssh,RSTO,-3.1020263450423298,-1.1865159165557464,2.1406727384870354,-1.413051285446,0.17871558079758132,2.5485395581802353,Attack
-1.1537869865745478,tcp,dns,SF,-3.2588040806467795,-0.6068769847655366,-1.784603979325154,-0.12463196593844861,0.048946438067719145,1.3809159422104127,Normal
1.7490877137317586,udp,dns,REJ,1.7302862907816425,1.0504026818272427,1.62199515024664,-1.5296559047382785,-1.449231700498804,-0.1950958330625282,Normal
0.4404901751383913,udp,ftp,S0,0.23145681285507558,2.2440935359047556,1.4354106808606324,-1.9203297180773278,-4.190300001235677,-0.8750301419012171,Normal
0.9212741015821215,udp,ftp,REJ,1.506197393586284,-2.067898665212437,2.276816189234299,1.4592887845238376,1.5474710806751761,0.6266781614219357,Normal
-3.4796454928377165,udp,dns,S0,-1.9706593031649655,0.7908678720965858,-0.33541498080392773,0.4572041439215915,0.03645926898502383,0.6522789539818595,Normal
1.0311656076005837,udp,smtp,SF,0.4170852376681191,-3.3591211261020133,-0.7621589018135981,0.07255985220907268,-3.0432764976849733,2.1087009782248987,Attack
0.7337510701736403,tcp,ftp,RSTO,-1.0870404841950254,1.318808847395779,3.182371150072946,2.683716341012796,0.8492124735097555,0.39948085308170544,Normal
1.5177163179130715,icmp,dns,SF,2.271616001811381,-1.506729121496706,0.11664785477168471,1.2153062764771805,-1.3239032831636788,0.24503620833850237,Normal
0.39106911852063964,icmp,ssh,SF,1.6784711658707234,-1.581533311057457,-0.20249194244745605,1.1653224335920216,-3.985326061851197,1.1514875506236664,Normal
-2.0590656444410045,tcp,dns,SF,3.7436326203139196,-4.73928937836457,-1.8625457665181417,-1.6500968102819025,0.9805520239586032,1.2815300763007351,Normal
4.50871776714121,icmp,dns,SF,4.08453418732468,3.389546459871589,4.8320496783630125,-2.6049014739843876,-2.9204032557396147,-4.871059378222709,Normal
0.22016863456144373,icmp,dns,REJ,-3.022867875108549,-2.592483546096795,2.551522349664837,-2.6738014569306108,0.4187456929810158,-0.326357471674354,Attack
0.8574468792615801,udp,smtp,REJ,2.0100598648545174,3.110544308822015,1.2440203739768494,-3.9952588801488678,-3.831428463454734,2.53915981451753,Attack
-0.09172279463825085,icmp,ftp,RSTR,1.562993797371215,-1.8860833798198875,0.7681676320230447,0.0003610528571297289,1.5279484913599388,0.5610047175032644,Normal
0.3738571726336507,tcp,ssh,RSTR,-1.6449778545447402,2.0713200143979336,0.0523424040002175,0.16723592075743188,-0.8822778739810058,-0.3017723049153985,Normal
-2.269224314855022,icmp,http,RSTO,-3.4741788750514218,0.252858610652946,1.9003006448711237,-1.9952752531666804,0.45459639521035444,-0.47171947572491013,Attack
3.2239839463488487,udp,ssh,REJ,2.042990269336168,2.2264782874781313,1.398173636584227,-0.3328702078619008,0.31007971023638325,-0.9428548793041112,Normal
2.6310643685539175,icmp,smtp,RSTR,2.8911957545250364,-1.069447895096853,0.9406242527965466,-1.6534028941697296,0.8284203554303484,-0.38572466817488205,Normal
1.5385819444892377,tcp,smtp,RSTR,-0.3798806003393653,-2.7008574439039736,1.5075943927167823,-0.8045964586087273,-1.9745825979292246,0.5771110395658597,Attack
0.9758688071730932,udp,ftp,RSTO,1.0565546004047386,-1.3689231150142285,0.18767193148552364,1.736856874595451,-0.7078146285422695,-0.05972691338505509,Normal
2.1378316033740195,tcp,ftp,RSTO,2.4733438047744833,-1.657409440065094,1.20196746215826,1.7157183400488174,-2.1137424519994985,0.6533478890947074,Normal
4.729009043730064,tcp,smtp,RSTR,3.966591290793024,0.22375735986326462,2.7473840480409764,-1.3156079263224378,2.267008535437882,-0.5284436187639343,Normal
-0.6170077066059342,tcp,http,SF,-0.4645140714539784,-0.012667017084446397,0.051739823830235454,0.9623584365932517,-1.3808686397540377,0.44012236497011525,Normal
-1.3508677000780391,icmp,smtp,RSTO,-1.6156868675627094,-2.8988611284375936,-1.5301337731125555,-1.726161459403436,-0.6172794106652648,1.2542594598351031,Normal
-1.1995116467406837,icmp,ftp,S0,0.06503329971979832,0.861897797016026,1.445641666178111,-0.9019637652817181,0.6759381753644276,1.5803935392413269,Attack
2.363687033496643,icmp,smtp,SF,1.7486490275384945,0.5265560958069837,0.725507110214249,-1.2029656768640467,0.00828539700252251,-1.8167290078677931,Normal
-0.14084674285869916,icmp,ftp,S0,0.23648827810008477,-2.4924594793775396,-2.083379502387706,0.6691675139192623,-2.673974247557824,2.566838301076011,Attack
0.953785109311888,udp,dns,REJ,-0.0006291953047743437,2.3599375704385532,1.124884281956082,0.4162563711289242,-1.3576067850812885,-4.078436054394892,Normal
-4.621861967483016,icmp,ftp,RSTR,0.06469405889662627,-1.1887794901197417,-1.2190704588269434,-1.3905534593623616,-0.47048803499308833,1.4949586458629027,Normal
4.092898287167198,icmp,ftp,SF,1.7493786645187368,0.22038034521980854,3.054583871442111,4.676504626197875,1.4822168808246277,-0.6499030924074685,Normal
2.252679732458785,tcp,ssh,RSTR,1.9458853728698737,2.5073526781204043,2.2940493024578537,-0.21266688408905166,-1.1417121918275122,-0.39014293708473335,Normal
-3.2385325794422046,icmp,ftp,SF,2.3705032605280536,-3.9125629765093732,-2.0311543272779655,-1.88844149992534,-0.035039112704613906,1.341024275901255,Normal
-1.9782583631669417,tcp,dns,RSTR,1.4832136436141214,-1.5802134980086588,-1.5865930628438183,-1.1741715091075564,-2.7433300571768964,0.882941056381545,Normal
0.9488122608078206,udp,ftp,S0,0.8317754947516368,-1.8772878200261687,0.006061788350125719,-3.2368549721930746,-1.5152549842062675,0.201393757343038,Normal
4.479759526040203,tcp,ftp,RSTO,3.132288825663508,2.956581090105357,2.80132289296513,-0.10013726104071308,0.7197397496383688,-3.9440908355942934,Normal
0.8951154076108965,icmp,ftp,RSTR,0.1313390403017356,0.2392736484966549,1.8288977836619569,2.8317864572125795,-1.9268106276207886,0.3952443869288428,Normal
0.5582867474100733,tcp,smtp,SF,1.006375952145317,-1.737780625977053,1.1019781551006633,-2.7066810723619605,-1.3829005163286225,1.3359773855035915,Attack
-0.516122914915622,udp,ftp,SF,0.3128405907067221,0.17606163396913033,0.33546284110568714,-2.1370927858356956,-3.888339165015311,-0.2885585072771625,Normal
-2.441975589263056,icmp,dns,S0,0.30296703849489104,-0.7594679608972077,1.4110437299419365,0.26382778031582776,-3.2346705248539727,0.5894705105263688,Normal
3.267607326200722,udp,dns,REJ,0.39056465229063364,5.810044538164703,3.3132179860435667,0.7270692731749633,-1.0224179524286836,0.5393027494236333,Normal
2.778292764392099,tcp,smtp,RSTO,1.9790588235326059,0.5843740217965466,0.79189249379487,-0.004984583786104557,1.5077252189572907,-2.4946344356505423,Normal
5.034543239840783,tcp,ssh,RSTR,3.647361415733307,3.161118887519242,2.2654576385144822,0.3923136175822839,2.0930397759529016,-1.180743246645233,Normal
0.5320205675304376,tcp,ssh,REJ,-1.3384900063251275,-2.7543988589845414,0.6060183305574708,-0.5408969117803759,0.5341534013685207,2.529425069833322,Attack
0.4882158098192616,icmp,ftp,RSTR,1.0453647474902554,-0.7216268516719251,1.0721479769969808,1.247883745411341,-0.2964941714892061,0.9726014148708368,Normal
0.7000323015568961,icmp,http,S0,0.7479459753285448,-0.5790440183406707,-0.45331796617167663,-0.8801439152007926,-0.2857564780705921,-1.5002427807441325,Normal
-0.9614541720014753,tcp,dns,RSTR,-2.285816782298762,-0.0964772834638653,1.9016533169725687,-0.6444788828426503,2.0421481769230496,1.6766491292221124,Attack
-0.26083452409711044,udp,smtp,S0,-0.014270617957831355,-1.2232090298654772,3.9750302858501985,-3.3898252561092495,-0.42462932464390457,-2.628527605813434,Attack
-0.7796622551340865,icmp,smtp,RSTR,0.244881530023764,-2.3497797736197272,-0.7395606990097843,-1.0121729558374124,-2.1466456156867957,0.4502590250566548,Normal
0.5764443883157725,tcp,http,S0,1.9558198036057952,-1.5502737273960752,0.653484156727354,-1.9487688029304522,-1.3673623939877109,-0.5721936646654842,Normal
1.6939750024621616,tcp,http,RSTO,-0.14467906336193415,1.0642386872034677,0.19639089169603563,0.3383643833160428,1.5068392242179085,0.7631759282789063,Normal
4.510579180383667,icmp,ssh,SF,4.094302868405726,1.5435793393700132,3.541374505335932,-1.5727451409997308,0.3174137823748786,-1.6240452550938245,Normal
1.4433598112610473,udp,dns,REJ,2.7661426816885792,-2.3550659615202485,2.581298595525113,1.5362547118788332,1.3199938700764768,1.0779449741950797,Normal
1.004807113735051,icmp,ssh,RSTO,0.32161136475186025,-0.03615779446789835,-0.4004880794653918,-1.3641067524674537,-0.35117356615339157,0.2189503753240709,Normal
-0.3762869676404079,udp,ftp,SF,-2.2702517192039204,0.24346923428742728,-0.4051590048126237,-0.21500581473067104,-0.42167200367109114,-1.0104006782850383,Normal
1.3150656386519766,udp,ftp,REJ,1.0319889178860655,1.0772575146168382,2.0636390191289404,-2.313315398303003,-2.6176876984075044,0.3020428466951397,Normal
-0.6961349320695317,tcp,dns,RSTR,-1.0469855478353516,0.36778373612611914,0.1178445773465987,0.2475306849303145,-2.204154851487316,-0.4746009900206001,Normal
-1.702108499404539,icmp,dns,REJ,0.7267381295545468,2.829059934745792,-0.9888772361539853,-0.21741841272564488,-0.7725674202792042,3.1056563884374992,Attack
0.2026358892562769,tcp,ssh,RSTR,-2.3581327251999284,-2.4996369841415627,0.42384161126466435,-1.3047774867798305,-1.4023772584237613,0.8795866939650481,Attack
0.08267915770931347,icmp,ftp,S0,1.9737348707483373,-3.156535181411072,2.2822626843781304,0.2609483332889775,1.2447458749639688,0.7845121565860516,Attack
-3.4598902146283352,udp,ftp,REJ,0.47295044325040225,-0.4819816295104884,-0.38242351797176766,0.2862116292815807,-0.16452136362687997,1.494931551772174,Normal
0.5673580520534681,icmp,ftp,S0,0.9740507696669882,-0.8726082031449858,2.2889564481913593,0.9514895168933506,-1.9014441418376062,1.2885573085977517,Normal
-0.4801437458417128,tcp,ftp,SF,-0.40109789900757786,-2.765625926912794,3.790549083555007,-2.78022778671603,-1.0149418258482914,-3.8930976266533523,Attack
-2.9093480366191207,tcp,ssh,REJ,1.118767881631387,-2.690657664128351,-0.2084933751396183,-0.4206767453681617,0.27854023411071727,1.8477794435740318,Normal
-1.993282884565609,tcp,smtp,RSTO,-0.6118403338864926,0.04842095293274706,0.5125037377586645,0.8958251693737528,-0.8483918985633572,0.6168243385176436,Normal
1.0961159790250312,udp,ssh,SF,0.4164576599045806,-2.5387628471511126,0.3377894585846154,-1.2802003625529994,-3.6339470203392055,0.16766049177853803,Attack
1.9504487313074215,udp,ssh,REJ,1.767787654628055,-0.6827965667359723,0.5071215830769136,1.4786548184999024,-0.48680348131711215,1.1851162711882393,Normal
-2.680485152688084,tcp,dns,S0,-0.6137635762133948,-0.41616444201291936,0.22605347054108393,-0.24925877624455728,-1.7848759618031003,1.6080847068052588,Normal
-0.6244758289617285,icmp,smtp,RSTR,0.5229757820751394,-0.8693305778541655,2.9593630088566787,-0.020646050768149404,2.7662071374452224,2.1574423414331063,Normal
-2.7280180452166856,tcp,ftp,S0,-0.736841593487167,3.16220077946822,-1.1739372644333876,1.8064235681439875,-0.018516280956958675,2.256663171774697,Attack
-2.128208370602779,icmp,ftp,RSTR,-0.3613818039576244,-1.0398464319933054,1.8962836249754518,-0.5150974820051615,1.3517190617008166,0.3624730423974628,Normal
2.433820934231877,tcp,smtp,RSTO,0.27391302104159176,0.9981121358760894,5.043577085992498,3.5912681541742164,1.9852429425380742,2.3528425981444068,Normal
0.2931797303355656,tcp,dns,RSTO,-0.6443545630592074,-0.9873884842732141,0.3527458884467236,0.5298242686379724,0.3645441163740748,1.748262674025515,Attack
0.6638361607093544,icmp,ftp,S0,2.10981455738296,-1.7424345877339524,1.9301888851079685,0.18433217985459172,0.19343086233869844,2.1967883059143727,Normal
-3.4805328901015162,udp,ssh,RSTR,-2.88353709541864,1.0304533910313534,-1.1261259243569595,-0.7487563802325032,-4.838879489377733,3.049281063998875,Normal
4.8741652987639466,udp,dns,SF,2.3548039659390585,3.486265279378888,2.3328017592854833,1.1393813512503765,2.9775522229852656,-1.6981045567904367,Normal
2.0467690880818017,icmp,dns,S0,1.6557381796739576,-1.2775871319912298,0.9538587233066814,2.32600028992666,-2.9050733864031146,-1.1891955293591723,Normal
3.0049476637276853,udp,ftp,S0,1.876307125071738,-0.03034607673781431,2.529110571834506,-2.8837411670089477,-3.342629863676332,-0.8298817534610998,Attack
-2.1795298427824052,tcp,smtp,SF,-1.5029876711091974,0.08798748392939548,-0.6475886158676882,-0.2259215573623431,-1.3041447904137629,0.44541504485062355,Attack
-0.578707795903052,icmp,smtp,RSTR,1.9527687267704057,-1.5570824981531146,-1.3570009984873006,0.0750086250029911,-3.575846249068963,0.6209798901152205,Normal
-1.1236483760613438,udp,dns,REJ,0.5002105375604109,-0.5401767975528706,-0.0074639464884116435,0.6816123891553683,-4.862457391712222,0.627395931597253,Normal
0.323223410677832,udp,ssh,RSTO,0.18452213609716384,0.18203654952848236,1.6778883338731228,1.2029795300056003,0.6562696267931984,1.6459013449620596,Normal
2.8382969186309657,udp,dns,SF,2.2827401557494653,1.521359851858871,1.923274435020858,-2.1285204210551516,-1.9506630166262422,-2.212677156008507,Normal
-1.8110198801167028,icmp,http,RSTR,-0.2736569425533042,-1.0510529914009725,1.9023482933332483,-0.5351996442023106,1.0794750243510491,1.6410970461466068,Normal
2.602543983927108,tcp,smtp,RSTR,3.177277490972156,2.25146533155037,2.778651892241274,0.32688347843926335,-0.2604412774618965,-1.2457267364626874,Normal
-1.153684679351317,udp,http,RSTR,1.765173966407204,-2.507108101306069,1.0394394175972261,1.2002849217330502,1.1881092744928368,3.8295676070186966,Attack
2.0235127048827963,icmp,ftp,S0,0.5059566244383635,3.2408717757373515,2.885057077036574,-0.765058457188852,-1.98100228944615,-2.3241871712796733,Normal
-1.1503940584960366,icmp,ftp,REJ,0.6813540733759706,-0.7645793584770131,1.6576530589195795,0.6869179895712649,-2.272566636151656,2.4830907089629966,Normal
4.984548864646353,udp,ssh,RSTO,4.370550449294614,2.2086056482496073,4.111985892515353,-1.6728614362219325,-0.04971547158471079,-3.2633973638087643,Normal
-1.6333149450886948,tcp,http,RSTR,0.3232940132100187,-0.7985788267069182,-0.8147199478430169,0.7252269709819932,-0.7324478135177735,-0.11429836557236772,Normal
0.9081817703684804,udp,ssh,SF,-1.4746560668013444,1.3006788195758299,1.82871362842042,2.3447957468479688,-3.52797322994761,0.5153744372949975,Normal
0.25384058603387655,tcp,http,RSTO,0.15660627849160458,3.357621044173369,2.4736801949903846,-0.971348346389585,-3.6157479976821,0.9974045755426167,Attack
-2.0986525191438776,udp,dns,RSTR,1.7118257493693019,-2.5899334670421488,-0.8839497354595025,-1.6125491649815875,-1.1376667531843623,1.5864994132398265,Normal
0.26521348045958393,icmp,ftp,REJ,-0.04525344774103335,-1.0131064548882671,-0.965135369966047,-1.6140183355941926,-0.9520165639242825,-0.7864137872974376,Normal
0.062209610198649026,udp,http,S0,0.4710864199820053,-2.171703395009878,1.8603003496460468,-2.131384427308764,-1.1949931057931524,-0.46205263694084775,Attack
1.1762077374656548,icmp,dns,REJ,-0.062178013945330735,-0.05872574070851089,-1.5967829844490153,0.17003112715801771,1.5010125977750035,0.20329612753055093,Normal
1.1806107802640067,tcp,smtp,S0,-0.5006422749562851,-0.5732980747145399,2.2054573502713555,1.2510162130510118,0.23946946137231162,1.303886296902398,Normal
-2.0462747054298296,udp,dns,RSTO,2.259047579831795,-1.994462353677596,-0.7081370607324118,0.6073628168674732,-1.717790059518218,1.1388458006934838,Normal
0.03182247851774869,tcp,dns,RSTR,-0.3216664783732408,3.8408868113166563,2.1558320718461204,-2.6851543617423985,-2.720049140935643,-0.32943088536554943,Attack
-0.2736623972666074,tcp,dns,RSTO,2.246347815538279,-1.206943722620619,0.5803276470525449,1.6780750110148337,0.4238628545834511,1.2505180976428045,Normal
-0.011962707226202718,icmp,ftp,RSTR,0.2243484234846952,-0.28562592768444184,1.3724603454636717,1.3660581626867452,-1.1658844407806046,0.4981891983146536,Normal
1.889884220017607,tcp,ssh,REJ,2.5653062509911226,-1.8318865323745293,1.130441587456372,1.0060304445270012,-0.15850716009101495,0.35588098454167505,Normal
2.6366362563022516,tcp,smtp,S0,1.44200818312914,1.6345357960432436,3.1770924301488197,-4.346767953458064,-4.123377959852622,-0.009208774063555136,Attack
5.468200154459415,udp,ssh,REJ,2.2380834294043392,4.366729207336011,3.3725406221935104,0.9955322761477161,2.600077699970121,-1.8575183124823946,Normal
-1.511951628970147,icmp,http,RSTO,-0.7358733300202971,3.467803941631113,1.1400710582338809,-0.51276932920192,-0.9150404688247887,0.09240305563571083,Attack
-1.729460647133798,icmp,ssh,REJ,2.3004482401761686,-2.5266509865720383,-3.6271261926435656,-1.828339677793596,-5.172767753116327,1.2197518135077028,Normal
-0.043167236570616434,tcp,ssh,S0,-2.140732600023065,-1.4069707965270806,-2.6960494369574666,1.3577271849784411,3.557104102675588,1.6521314953983817,Normal
-0.15214945249393882,tcp,ssh,SF,0.604184690828997,-0.08231520497179101,3.5147691203039706,-4.494387065501076,-0.4928939082593997,1.3846466785870666,Attack
3.962969851830473,udp,dns,SF,2.894473644782824,-0.44087799032380093,1.4006244787231583,-1.3969084767339799,2.1651432283268677,-1.3203021309410616,Normal
3.766757978304756,tcp,ftp,SF,-0.8153137712056155,-5.495409536165783,4.503785899863186,-2.8731037948171902,1.4197226701074475,-0.018980327710619305,Attack
-1.7288142822550274,tcp,smtp,S0,0.8236984010437083,-0.951339945908033,1.4134359801797407,0.15635546104676112,-0.36074042942733475,0.7693867868664106,Normal
0.010704772519161838,icmp,smtp,REJ,-0.5686899042796911,1.013946023528741,0.8093780845090216,-0.8211122585887369,-2.392522017671907,-2.2342619039777896,Normal
0.8982605633981714,icmp,ftp,REJ,-0.8776672313430913,3.4893899463629263,0.7305969200916522,0.17976962971847765,-1.635794123041249,-0.4332616315962571,Normal
-1.6215770682507096,icmp,ssh,RSTO,0.4004243954328701,-1.2387326105376348,1.4051963461118635,-0.5382832665541248,1.5741766133014417,2.3330477476685623,Attack
3.42731199645768,icmp,http,S0,2.471314493685351,-1.1035394658298605,1.4408867605595126,3.012735407745225,-1.170062461248014,1.3863992639138218,Normal
-0.36764855791499795,icmp,dns,RSTR,-0.3882483716245112,-2.4471785438955713,-0.7406888742489985,-0.527196956293281,-2.9702762344094946,1.3861060214588685,Attack
4.019658766857336,icmp,http,S0,1.7234560775591514,-1.3149746273688068,1.7768068587640578,4.033885554777305,-0.34428128436712113,1.0196040134096647,Normal
-0.43685769676447417,icmp,ssh,S0,0.0026467155073605086,-0.8158775063967529,2.207423091956042,0.862413268103678,-1.9067014023084612,1.1853216985358672,Normal
5.044640456479288,udp,ftp,RSTR,2.485926761217751,-1.1039003096160267,3.977794342863721,4.004167201310292,1.6092249997338688,0.8541691488293153,Normal
2.8287524426079806,udp,ftp,RSTR,0.6397867233075323,2.785483505783448,0.8258999156906035,-1.3984273264143934,-1.628737796551234,-4.649006720347181,Normal
2.074584804851726,udp,smtp,RSTO,0.9739320927184635,-0.25684404527630633,3.3351102175333325,1.8803840438704764,-0.0863632843570209,1.3318962459223609,Normal
-2.395625298413252,icmp,ssh,SF,-0.6971033366100525,0.08297948635167463,-0.5498647604856695,0.4880430872239837,-1.955967915927459,0.8897184080107826,Normal
2.0888520782324465,tcp,smtp,S0,1.6093711462078661,3.744757036263627,2.2097629631337585,-0.8842201679876283,-3.4166458557653474,-4.058898334741017,Normal
2.330095910962558,udp,dns,REJ,1.55943025124352,1.4445060727145678,0.7409043321619901,-1.8200308428118999,-1.4287684226400026,-1.0840051272852909,Normal
0.3913918644263221,icmp,smtp,RSTR,-0.5022050025350027,0.08797761093737044,2.412310382412579,1.743367875741506,1.9903071695475365,0.6823005457253165,Normal
-1.7607012993457887,udp,http,RSTO,-0.47963761102698554,1.3882851022089584,-0.6200208442623962,-1.784430240141762,-0.13027488360644468,1.0691614255886943,Attack
1.977541171101471,udp,dns,REJ,3.047626034834693,-2.2581123792029167,1.016726762603262,-3.8364131514508406,-1.5912598379355747,0.04605626070710134,Normal
5.565216177199846,tcp,http,RSTO,1.896800312331857,-0.6897057848850259,3.6070297684587684,4.293647806530878,-1.7449907988770659,3.1797312999998013,Normal
-0.20043387104665883,udp,http,SF,1.2286009188549543,-0.3385729060540461,0.9240271049495025,-2.3493308419482557,-3.3769696414251222,0.920619482651756,Normal
0.5347830539837574,tcp,ftp,SF,1.5246481587970262,0.5670477631945957,1.5192657371005358,-0.9479438117942254,-0.449000492390787,0.9053282399909566,Attack
0.18179330474135905,tcp,ftp,SF,-0.08005733820687966,0.1205058984809877,-1.2410854467968946,1.2995660858396096,1.3200855822825326,0.14799437401894888,Normal
1.2725721037475304,icmp,dns,RSTO,0.5185015001269211,1.0779615985551525,2.4336465069999242,-2.6201189292797453,-2.4852902772780054,-0.8700276106989628,Attack
-0.256119433182085,icmp,smtp,RSTO,1.5956474640922076,-0.027725148011295442,0.6049814541159175,-2.6254765122904553,0.569148692089483,2.0615584364516994,Attack
2.4855030269518283,icmp,ftp,REJ,2.7384198617105815,0.19675523295999164,1.818940088645539,-3.6208983303598767,-2.9831253371231483,-1.0326293014809635,Normal
-0.38776359406143035,icmp,ftp,SF,0.014798763770002,-0.407833042369223,1.010737876708459,0.2826232876555602,0.6570746446760221,-0.25571691620301173,Normal
2.932375876672456,udp,smtp,SF,1.9879184410843163,2.2536042591947067,2.161081657164645,-1.3448095848057533,-0.8061932890847012,0.22258404932184583,Normal
1.0627254360501055,tcp,http,S0,0.37352394293021807,0.8077535306161477,1.2750746739069707,-2.72536899656841,-2.6250570207355564,1.7172799974134154,Normal
0.11510190251775768,udp,ssh,REJ,2.2530820139606798,-1.6343799133290549,2.933852207036419,0.5145264737015407,2.2337177374220407,2.4256114640618494,Normal
0.8803485425439954,icmp,smtp,RSTO,3.0718612756481725,-4.099109126405539,-0.7839279398450778,0.21415174771898748,-1.215102283605046,0.182425337187742,Normal
-0.48345552301086325,tcp,http,SF,-0.7002293531729509,-0.06561484374670512,1.8415950706792055,-0.03921065506492849,-1.2000797498160665,0.3452631359200694,Normal
-0.40840487500212364,icmp,ssh,RSTO,0.14408382263860808,0.5546628353711662,1.9650762186168347,-1.2280100212249447,0.004266334104788383,-1.0790186202092418,Attack
1.1118586424113768,icmp,dns,REJ,-0.13487507967471624,1.1910649620901517,0.9022956774937294,-1.5959408289635908,-1.8556205887125847,-1.5033214429042192,Normal
1.7212630237560198,tcp,dns,REJ,1.4350054974421016,-2.0340926549522944,1.841815625907647,0.7910796943298893,0.2586573749705594,0.4348808171268135,Normal
1.6345343909120948,udp,http,S0,0.528287553969498,-0.8627727335639341,-1.0688543880538806,0.3368491765737307,2.437446894986924,-0.2486754540702275,Normal
-1.6154811453812177,udp,http,RSTR,-0.6610032177335252,-0.15588356029247785,0.3665412675426536,0.17139931380758522,-1.2120576492663142,0.49106819653431566,Normal
2.0698043857673682,udp,ssh,REJ,2.3690432415398046,-1.9270049871781119,1.1795837311590216,2.3829892557864643,-3.6968808550134784,1.2577621866788078,Normal
0.7176961814771353,udp,ftp,SF,-0.3037597816114953,-2.6929634085820497,0.4630773174315792,-0.5764987845087617,-1.3824798540015661,0.9725732011091758,Attack
3.9488337280520023,udp,smtp,RSTR,0.2614344448170193,4.0286665561290915,0.9475514285952019,2.245998428558454,3.239988425739168,-2.3138334226380577,Normal
-1.1753965199064564,tcp,ssh,RSTO,-0.6501453244747815,-0.8553627509381996,-1.458957444864037,-0.4794652723208076,-1.2850067289442988,1.9904989574708831,Normal
0.043258652067032895,icmp,ssh,SF,-1.8505433193285192,2.1598056051135046,-0.19274878507863158,-0.6821008229949513,-2.372659748580425,-1.3378668415674964,Normal
1.5815411464862463,tcp,ftp,RSTO,0.4971186561315035,2.5955550405346464,1.9275155345303583,-0.4150985982496863,-1.4928122671293496,-1.8742658371296659,Normal
0.41596584069596454,tcp,http,SF,-0.6330993830922691,1.8237432965543903,0.4172388318070044,0.3792325317642746,-1.1109498543923593,-2.1198417173011856,Normal
1.7619145581991453,udp,ftp,REJ,2.969301529551057,0.06854500080115611,1.7892081400548614,-2.370094005810811,-2.1306557644759065,0.5856595000885956,Normal
-1.0895145904359451,udp,smtp,SF,-0.6921187595881062,2.520174048954673,1.0809423740140744,-2.9980577221581086,-1.7927079501039638,2.1327869545470612,Attack
0.6295104928648717,icmp,dns,SF,0.9982456343685602,-0.5718137197852404,2.1213565269116277,2.4783789078315497,1.414836308415408,0.5135412198091646,Normal
-1.1774131950754188,icmp,dns,RSTR,-0.49012777849757405,0.08792644270597894,-1.3133764339248017,1.126817864823877,-0.13298232265362298,4.116035326754112,Attack
-3.5560916003308285,tcp,dns,REJ,-3.0274144419420654,0.7181536625018758,-2.4205424198666305,0.9745258237352199,-2.512062325357576,2.4229257269959734,Normal
-1.973945352636883,icmp,ssh,REJ,0.03588426962914537,1.2184464313554648,0.28778746676987355,0.06562813145966873,0.29877525837575547,2.180482201954077,Attack
-0.788785580747443,udp,ftp,REJ,-1.1227902402522707,0.05145514452383071,0.10948619344220256,-1.608570146455939,-3.5718204151982267,1.4918655802034344,Attack
0.13267573816057776,icmp,smtp,REJ,-1.0278402931167463,2.0038675720841566,0.262583640883164,-0.18023449052534757,-1.9786251225311893,-2.495683484877257,Normal
-1.075168812292383,tcp,smtp,SF,-0.09065176048180434,-1.0375094088866281,1.7945792145320594,-0.03647611530632244,1.4907675996689695,0.49601853205073865,Attack
-0.7238052553120413,tcp,ssh,S0,-1.6041895369603445,0.8358440559397424,2.6278645716494973,-2.1928934542664873,-3.3980652350262046,-1.4804288268451704,Attack
-0.681732885932065,icmp,smtp,REJ,-0.8754771550761526,2.4255195055398584,-1.3830036312125666,-1.8378105854271805,-2.029534124097398,1.4610424783919862,Attack
0.27992982289230284,tcp,ssh,RSTR,4.097561503391905,-4.23395211246485,0.3557737563577098,-0.5883267851801264,0.22108481150793202,1.417188901343434,Normal
1.2918916183825648,udp,http,SF,0.7905589676121585,0.4370241862598758,2.7936672021473417,1.3316290363547973,0.2774402991568754,2.402315126703133,Normal
-2.505656289569823,udp,ftp,SF,-1.9933079208710738,-0.6582558060308792,-1.2231651333189184,-1.6692407784349448,-3.7544424829411476,2.339356886489917,Normal
-3.298192991410031,icmp,dns,SF,-3.1636010474896468,-2.234532397167958,-3.123112107433692,-1.0110552830942825,-1.8775179676519014,1.6777752649203062,Normal
3.4004765999879045,icmp,http,RSTO,0.8922815189718065,2.5400343479831,2.193412670271101,1.7324838486726613,3.09325175098712,-2.9084732990336546,Normal
-0.09031766367105576,udp,ftp,SF,1.6321349236682439,1.0906882141058452,0.35279670157511744,-1.8653306652292538,-1.9556665726817433,1.8220088711972844,Attack
3.01107436711521,udp,http,S0,1.060059758579569,0.47683476891434173,2.5539945392167525,3.698802996803559,0.7861662463254571,1.1342916057382981,Normal
-0.6923284987190188,tcp,ssh,REJ,-1.3237311149850453,0.5718703756881574,1.545216169270049,-0.7858533241254833,-2.9238056387323548,0.6343384553434517,Attack
1.009864907757463,icmp,ssh,REJ,1.3484253341452912,-1.521753919460076,0.7383960758246103,0.3393663581775981,-2.6315195446762223,1.8339539375766138,Normal
3.7314623217093343,icmp,smtp,SF,0.5146163072186136,0.15339035967051773,2.3960515766587474,3.0544272049955588,-2.825159027150497,0.940735787205759,Normal
-0.5282778305901915,udp,smtp,REJ,-1.0345776957475314,-1.1050753995706368,1.861850959436566,-1.2216861721902845,0.9860206322468237,0.09400402065472813,Attack
-1.085339845064602,tcp,http,RSTR,-0.9794499608431604,0.16407063421043555,-0.25441908564038895,-2.195730463573681,-4.462475576395208,-2.612812412092865,Normal
3.315106000708853,tcp,smtp,RSTR,1.603367138413672,3.5328230310864983,2.0088429233875704,1.07781548009255,0.996109602579909,-2.3206439940092265,Normal
3.568207319841898,tcp,dns,S0,2.782144309428341,2.242589070495254,2.330139275978837,-0.27250886736380564,0.417915132030501,-2.0834613906185,Normal
0.7493653512137095,icmp,ssh,SF,-0.4450815792952776,0.5477708770271159,0.7761074564015454,-0.7037066746501519,-0.6397861027069125,-1.7610814255816432,Normal
0.5316190116404714,udp,dns,SF,-0.6433678950883177,1.614737008843663,0.42425502618473654,-1.6064453119438427,-2.549699008101984,-0.18848793864288704,Normal
0.5363163986951585,icmp,smtp,SF,1.9291013370862737,-1.760057709322342,-0.24529149461617172,1.1555886754996967,0.30100945877907304,-0.014381319226804967,Normal
-1.1756606258370779,icmp,http,SF,-0.1349609932651774,0.026244362637042773,0.8214226334196143,2.22022019061116,-3.964289548354894,2.4380616208894743,Normal
0.856093974603777,icmp,ftp,S0,-1.6911966583326787,-1.2831819575350174,-1.7614322542286796,-0.2607062425299228,-1.727054702114835,5.094673031711838,Attack
-0.24542483616250074,udp,dns,RSTR,1.8132593474868914,0.4813470725346487,3.2009449135597228,-5.2827489409373385,-8.349670476515502,-2.9432267194009234,Normal
1.31948087595173,icmp,ftp,SF,-0.7139799538141418,-1.2173683065712686,2.9506586460457527,-1.8833508017363594,-0.2065520258668626,0.6929783222566261,Attack
0.06926484838898155,tcp,http,SF,-0.4634153672018624,0.2360748127408545,1.7215794044365285,1.456753602343006,-2.0485554707907285,0.3998831970092378,Normal
2.4048728229167637,tcp,http,RSTO,-1.767006836740601,1.416418515710527,2.4944131611538944,2.37218130425203,-1.6407620549552617,-1.0322128457507378,Normal
0.5536280066512115,tcp,ssh,RSTO,0.3081047744266239,-1.9743056051475087,-0.26258690179741273,1.2029611755995333,-0.43246085906744747,1.7111217254793907,Attack
1.1200470055060565,icmp,ssh,REJ,-3.0255869583457997,-1.0898328725838193,3.135223274113009,-1.2779056345192212,-0.4439939360577524,1.6129708748721099,Attack
1.0426186276704656,icmp,ftp,RSTO,-0.6339592302400721,-0.14532503776538042,-0.6363234251628425,1.0567740387087299,-1.2875969856235723,5.8521438053497015,Attack
-3.4507090668342215,udp,ftp,S0,-1.6475073507119222,-1.6987627158670402,-0.908038123152054,-4.776622736973806,-7.655152610139881,0.9099794949303395,Normal
0.7070903074173558,icmp,ssh,REJ,1.936009190849934,-1.2475663292160197,-0.6798486447381844,1.5827943833201374,-2.6640035689627926,0.3561732989819424,Normal
0.20136436615093542,tcp,http,RSTO,2.5204339272567164,-1.1768223072769506,-1.6394698648428596,0.7918440814971064,-0.06290372801499478,1.1602381215839352,Normal
3.6052426971323546,icmp,http,S0,-2.2436581238784044,-3.439162283807386,3.5670230718512776,-2.609708585937375,-0.09044066804703699,2.842428700312695,Attack
1.1888718322171816,udp,http,RSTR,-2.261031053571388,0.3736527832715333,-0.6387077136058257,1.5136907224922678,-1.936572458789104,5.295702326325509,Attack
3.4929154546219627,udp,ssh,SF,3.002867189372694,-0.700821898881836,0.7935425647622709,-1.9013186798283181,0.8656202994591913,-3.410018807332066,Normal
1.4340878835891848,tcp,dns,RSTR,1.6148935717145765,-1.4757209474896875,1.5216376676741437,1.018158667025315,0.7109179895085402,0.1907243354707735,Normal
0.8301129694486096,icmp,ftp,REJ,-1.0688222207948899,1.632863184347809,-0.13004672506128445,0.38399294404869777,0.14109115484260393,0.06214021188676977,Normal
1.3291647960777728,udp,smtp,S0,0.21149778860255042,-0.0859826636552583,-0.49256752554419236,-1.3273644178492883,-0.176634527943222,-0.7849285040257956,Normal
0.8248002639406672,tcp,ftp,SF,3.2124979698938096,-3.055458005162453,-0.7512126718661924,0.07287732022748339,-3.5829321143678974,-0.2856863708629984,Normal
0.719819773077545,icmp,dns,REJ,0.15690325376350045,0.7111230649947784,1.1832588428785562,3.5239354912462026,-0.8173618670755425,-0.016485887149120915,Normal
1.9651330706646482,icmp,smtp,SF,1.0396454428172448,-1.1934644776073973,0.20230087655326268,1.0988403772166488,-4.040330086892775,2.201133824854076,Normal
-1.80405648536605,tcp,smtp,RSTR,-1.1123872172260116,0.9077139092295132,-1.047764570515763,-0.7260952650568053,-2.7766349474187093,1.6483785510032254,Attack
0.9836744940703618,tcp,smtp,RSTO,-0.4003467476816045,0.24134974598930437,2.270226968688835,0.3687402077489369,-0.3279247854779671,1.044911630484842,Normal
0.09062585313298974,tcp,http,S0,-0.3340424561438706,-1.517503422714542,-0.3059754513996189,1.2776944233016612,-2.086359366494314,3.095446414080413,Attack
3.9212673018688444,tcp,http,REJ,3.9531070812025164,1.7959857133480108,3.8349386400714653,-3.1092136931054166,-2.501172633805601,-3.4620402163706596,Normal
1.1824095307577274,icmp,smtp,SF,0.3321947049048256,-0.21939261678685407,0.6351975410877806,1.626932041971126,-0.5746684902399988,0.4126008996193846,Normal
0.4071861007088391,tcp,ftp,RSTO,0.007590335639863222,0.7110823212112563,2.2677884534295494,1.6581872166168885,-2.5827243768839008,0.9707224836017128,Normal
0.4916356461403935,udp,ssh,RSTO,0.5071831117668495,-0.11538526242951752,1.1304659558043653,2.4313417366740975,0.22141096003957617,0.003792884462630486,Normal
-0.714030156348729,icmp,dns,S0,4.3338467827320795,-5.5427638453828685,-3.888382481433829,-2.0522559039330006,-4.012316403568261,0.9755024693763975,Normal
2.611418482831484,tcp,ssh,S0,1.8997089910882745,0.707491669503475,0.9086828168799154,0.5651096312454247,2.0164170281057663,-1.1538357561923847,Normal
1.8127627483376407,icmp,ssh,S0,3.5504396344049205,-2.9009884758052404,3.175271268672166,1.2999688058608607,1.7101103899878218,3.8380458014813437,Normal
-0.3533021526946179,tcp,dns,RSTO,-0.140622335057474,-0.6452278637729039,2.7887799398565547,0.6089448603673002,0.7924291889019104,1.43426984588717,Normal
0.08932735608064334,tcp,http,SF,0.6642149837569817,-0.2473100123030425,-0.8117263520836719,-1.7453854472178865,-2.629171141690985,-1.5522342548936967,Normal
-1.420241474504447,udp,ftp,S0,-3.4192472948330277,-0.4946211914875698,1.7337602521601745,-2.5697808644066864,-1.2562239993698865,-0.8500714300838934,Attack
1.2626046836848472,icmp,ftp,RSTO,0.7400736919637136,-0.48885468493852513,-0.24588534661799688,-1.6644469261765331,-0.87378707635127,-2.1586753320051946,Normal
0.03730247289086006,tcp,ssh,RSTO,-0.4459536387173231,0.0699876074246335,4.3411141513353755,1.7244881091858488,1.295131601509818,1.4243257682923596,Normal
2.924925050707476,tcp,dns,REJ,1.9606514003562272,-3.3969469683634923,-0.6613081118059891,0.20297163222817427,-1.8907054883644765,3.4669703165600407,Attack
3.498621314851367,udp,ssh,RSTO,2.977290434892299,2.4248070984340195,2.7964468005475096,-0.7329809919577537,-0.3541224481944525,0.9522694511936249,Normal
-1.7791844768044078,tcp,http,RSTR,-0.16285151328907266,-0.7029978731777463,0.9838266077327605,0.6601236572264845,0.17231633196001028,0.43794573664649816,Normal
-0.5009057382650205,tcp,ssh,RSTO,-0.12925547723673914,2.5466763448218117,0.15674761097823253,-1.5743580079524973,-1.9837029665151968,0.4954675495259755,Attack
1.4246251818813818,udp,smtp,REJ,-2.2659833423258178,-2.0508228117937506,3.4736417845590384,-1.518665214431423,2.85676367336558,0.9957865607930639,Attack
0.6026818359697007,icmp,http,RSTR,1.8980832503523262,-0.20311849768781487,2.62140123196009,-4.197817740519146,-5.267760701132485,-1.9808344394074715,Normal
-0.9897068756936122,tcp,ssh,REJ,-1.0794599283397583,1.0045383958649685,2.277588630154262,1.6240792762661993,0.48611577290251495,1.5915873087350865,Normal
-2.9492436590549747,icmp,ssh,RSTR,-1.2224606395391495,-1.344315101133608,-0.30993521969830384,-1.6584203598010534,-6.186054187351743,0.7788590858311754,Normal
1.8423059857578385,tcp,http,S0,0.40864478846018937,-1.4309243305434418,0.9350395941167127,0.040701878289791216,-1.6102791624336565,3.4862805327920015,Attack
-0.9491265304836918,tcp,ftp,RSTR,1.5668203586581653,-1.2596625496568654,-0.9350267193838027,1.9440058804790015,1.9079079931488696,1.5831909593328928,Attack
1.8534928468678085,tcp,ssh,SF,2.863514306162876,0.033318678855623785,1.5362159906120163,-1.7792422514886144,-1.0420470929133647,0.7560130728643446,Normal
1.8590980533051904,icmp,smtp,REJ,0.6132743889740555,-1.2266649173844826,-0.2633107939677526,-1.5767726698485993,0.9703135638127307,0.6830274682653281,Normal
-2.068098519099341,icmp,ssh,SF,0.404531675872003,-1.190559624334035,0.6685908373991252,-0.0959825139426862,-0.8218336610154612,2.2301025838312722,Normal
1.697782323066915,icmp,http,RSTO,1.506381003408257,3.775363643799996,1.820974010879179,0.6372108442651199,-1.7060443361392248,-1.7559355524607896,Normal
0.613295129143911,tcp,ssh,REJ,1.2250609331060536,-0.2198041610545105,0.999874383548848,-3.4982583068538635,-4.127575589205977,-1.5573094319612257,Normal
-2.783794923734665,icmp,dns,RSTO,0.4263003484698904,-0.8956457567177226,0.9853133368204353,-1.4153339467916388,2.1049033115911913,1.865662291515235,Attack
4.823579515052318,tcp,smtp,RSTO,3.7467410816318254,2.9693317466093907,4.19423868509479,-2.6283651184351324,-1.9537310602205324,-3.366335097248343,Normal
0.5136886288309193,udp,ssh,RSTO,-2.331413022140751,-1.0812391931007477,2.485203570891539,-2.16108957968049,-1.0852350569951623,0.18943458598249885,Attack
4.315305185875994,tcp,http,RSTO,3.397316593495616,-1.022901483321736,2.0308358399358895,-1.4864192148820825,2.7870766072547477,-0.7707290207364911,Normal
1.124700616139687,udp,ftp,REJ,1.3438780374430421,2.9358462603039754,2.543454564780319,0.04059062460649532,-2.327358050648642,-1.1672343361458224,Normal
2.61700177743751,tcp,smtp,RSTO,3.063424211600323,1.2412001740138525,2.6491625858007612,-2.2048031147507468,-2.416218335437021,-2.5952409436135566,Normal
1.7442007463543878,udp,ssh,S0,0.2843668434534461,0.4240136513901951,1.1806932259931886,1.2017739545947357,-2.683909783898724,1.5108256765896557,Normal
2.263567138927897,udp,http,REJ,0.3885593411987187,0.08237137494087698,0.5412089657448579,2.818967639783336,-2.6947309671571595,-0.10830330222135554,Normal
2.0925939231753867,tcp,smtp,SF,1.2445800853649864,-0.5337390631776152,1.6964757506371217,2.846018031022889,1.414577997413657,0.32642244649173047,Normal
1.9844674950488912,icmp,dns,RSTR,0.139045900686962,3.5359734539382175,2.4676434132188705,-0.1961813714292966,-1.5911664108915418,-0.4739346774445705,Normal
1.494502614775617,icmp,smtp,REJ,1.382270531835574,1.8253660149849358,1.6725334269600611,-1.5008710936746448,-2.7146880010434193,-1.7377616369440072,Normal
2.1709794033828347,udp,ftp,SF,1.0107183286505872,0.7886384831912916,1.299304747321145,-1.3446616674271747,-0.2828308921435334,1.4133772015347525,Normal
4.48510415951003,udp,smtp,SF,2.305196617723597,3.9098173266806007,3.0282109527012353,0.5278942668109288,1.1888737602845771,-0.7797832526361328,Normal
1.7707335511446163,tcp,smtp,RSTO,0.8241491787681106,1.5612100538129843,0.7663741327558321,-0.2664112976504499,0.10092713445127166,1.366755483500035,Normal
1.0851338119928995,tcp,dns,RSTO,0.6212866126465548,0.7033073384030974,0.23532669519675908,0.2709669770923042,0.6970070495970624,2.282256437448221,Normal
4.33023909822859,tcp,ftp,RSTR,3.697751169477385,3.366862836373555,4.908300780632695,-1.615413031506578,-1.9224137712469627,-3.482612073847642,Normal
3.7897718729664094,udp,ftp,RSTO,2.1562217692952528,-0.3221048939597406,0.7699977859140859,3.1898272010825686,-3.2124975398406557,-0.48144754946580415,Normal
2.1020651548016254,tcp,smtp,S0,2.1619131136267704,0.309361069033424,1.3751642544838438,-0.6796711090914478,0.41098987095828754,-0.6526561458559446,Normal
-1.582080044273086,icmp,ssh,RSTR,-0.22021076566396647,-0.09462270541479267,2.0304322926606293,-0.3487377146416688,0.935758884664682,3.167690750466427,Normal
-1.5973630703347226,udp,http,RSTR,0.07134240285138471,2.171659671241213,0.33820876919705734,1.4448071391881823,1.404566747235636,0.41986361524375626,Attack
-1.200227283161214,icmp,smtp,REJ,-3.00313949711549,0.9176298529616967,-1.79873145382832,1.378700169016816,0.1160009466318992,-0.7189666558052864,Normal
1.9549919499925479,tcp,smtp,RSTO,3.0260080033942645,-2.377659802383385,0.5445982576323599,-2.951833726831369,-1.7542909019225155,1.5303318073920593,Attack
2.9558853639727136,udp,http,S0,2.132657470343168,1.9936919426337472,1.749688471427547,-0.9614739947985959,-0.21187942053927833,-0.22660119249077848,Normal
0.6898265458998754,tcp,http,SF,0.4474096341543836,-0.6029117131735071,1.630360648396504,0.7879019153200327,1.3544887937129064,0.6054277173077042,Normal
0.7854012612061513,udp,http,RSTO,1.3340122758944366,-1.2527396821118528,0.6712019081875513,1.161211988981225,-0.44494607392782803,0.5238800993555901,Normal
2.065164197134501,tcp,ssh,RSTR,0.8757635864700544,1.592960070886579,0.6900021725360135,-0.6878864239922773,-0.7525766297824042,-4.074435399221761,Normal
1.8044462379554378,icmp,ssh,REJ,1.2062754539048761,0.038388402373407016,-0.2486513776209065,-0.8033998977907044,0.6259386375751044,-0.0901074855364773,Normal
-3.9749170950088972,icmp,dns,S0,-0.5839468744438983,-0.2386948144553468,-1.3283458321886275,-0.10428893286306762,-1.8450308753061173,1.101525599036444,Normal
-1.0145549625595742,icmp,ftp,REJ,0.9170322649408595,-3.3397741666189997,-0.5719890130893572,-3.3795201275003093,-2.562327780548138,1.0943904931312924,Normal
-0.34464612188974164,tcp,dns,RSTR,-0.504487485121488,-0.8292128676302224,-0.9379654059164488,-0.7595419304261233,-0.3199425427319478,1.8014876377372566,Normal
-3.9333667887062522,udp,smtp,RSTO,-0.515089733087718,-0.35771230452020486,-1.7831557781751215,-0.8385032880237582,-1.6849861268522424,1.7704730144854657,Normal
1.2778858358746255,icmp,dns,S0,1.2972178242593697,-1.0332363966586136,0.08446271137951855,-1.0646875879760564,0.5600621963628818,0.12690189099347027,Normal
-1.9259664805476238,udp,ftp,REJ,-1.4310673590652159,-0.13184117913001603,-0.09503684438819349,-0.5866100945990529,-0.17365026143448825,0.33949539393011907,Attack
-0.5693143295947968,icmp,ssh,REJ,-1.9360061183591912,-0.02781488402717991,-1.2259193052577766,0.5970276063869306,0.3342482514188705,-1.6438613000148536,Normal
-1.0639416809228899,tcp,dns,SF,-1.398966824294268,0.7979692483963243,2.2823668557749253,1.5819930261465966,0.83267337919625,1.4110370452981247,Normal
0.9890047484841306,tcp,smtp,RSTR,-2.776550629240983,-3.2575528342327993,5.235113870657859,-4.452099383538405,-0.5713577026193668,-2.4351239440178696,Attack
0.14656986323618368,icmp,dns,RSTR,0.9460379080474256,-1.2224256531926878,3.240409660624708,-0.5922689788069748,-0.8265491260066159,0.8801567944835537,Attack
2.7719190113060708,icmp,ssh,S0,-0.6857971555066127,0.6388916651210572,1.8266721059189115,3.290652505475527,-0.6720408792843758,1.0722081630981755,Normal
3.7882138016947278,udp,ftp,RSTR,-0.44397056480102437,1.3230069593213392,3.4712497808833365,3.611244499172867,-1.2900440103187751,1.2041467203472003,Attack
-1.426147419050183,icmp,smtp,RSTO,-0.0186681627013614,0.40686257265512316,2.988237533650289,1.0005733301408604,-2.654922020483818,2.523152733597943,Normal
2.6552163892004965,udp,ftp,RSTO,0.990994871999574,2.715190835533253,2.389300373878993,0.26353116604104665,-0.1311255495785555,-2.0571751624390995,Normal
-1.6121426949362534,tcp,dns,REJ,-2.484310971380398,-1.2643494050927058,1.43306288657989,-1.4154493028413253,0.0216094469830983,-0.39338781138477397,Attack
2.718349663559285,udp,dns,REJ,0.9572060145417288,-0.8667707156626504,2.7615695778114246,2.0717724484641824,-1.505048491805117,2.247647032106589,Normal
1.5525839595005637,udp,dns,RSTO,1.7429217600197533,-0.4191161049286085,0.2798593351520743,-2.4079047199347405,-1.363271434076117,0.7014391152444461,Normal
0.5716831042319876,icmp,http,RSTR,-0.35966518959617333,-0.07921207893116256,2.983994385375849,0.9716190038872459,0.717026560277271,1.1475268860324208,Normal
3.642574407434832,icmp,smtp,RSTR,2.9237562878658467,-2.6621485246670886,2.6769188905160504,2.1907108719624113,1.2501154081018901,0.4803868958757066,Normal
-1.1607297992534478,tcp,http,S0,-1.130190703168723,-1.1475036538761665,1.8704822251564273,-2.0799742692251826,-1.6639686337547293,-1.0790267306365284,Attack
1.1119438028630706,icmp,ssh,SF,4.114116888769891,-3.7864819046043183,0.6898849096106827,0.2824519972514392,0.47597795039021706,2.675896492951965,Normal
-3.9919568943225396,udp,http,REJ,0.07771939763378455,-1.5557581978698147,0.03920085470120638,-1.818822750765503,-0.24928629505073963,3.0152841631055445,Normal
3.636870394551753,tcp,http,SF,2.9402028636891044,1.1655865307209905,3.3048763483497647,-2.4187830948353533,-1.4329831773202115,-3.679281039066029,Normal
-1.5081178657769734,tcp,ftp,S0,-2.755457606511436,-0.30737809590324594,-1.237737846807605,-0.8844456913854397,-1.840522190028214,0.8585075958379116,Normal
0.22884767989829613,udp,ftp,RSTO,2.5985706813665885,-2.1889410296039937,-0.3371882757096285,1.0816043841673535,-0.8959638436491917,1.351790035274175,Normal
3.2424068026270185,udp,http,SF,1.4112035203517002,1.8861045818551525,1.7697421856723112,-0.23841118115828752,1.0831253622693522,-0.49162262330535555,Normal
-1.1746790123794497,udp,dns,S0,-1.6735397790924877,-1.7697611415164216,2.091174895544965,-2.2375357551466912,-0.554473660145962,-1.8154510277926161,Attack
0.11392033295653588,icmp,http,REJ,2.7968145595391727,-1.945488425437914,0.8584102417819327,1.373183876259136,1.306473852164188,1.7994925114193743,Normal
-0.8370083780746114,udp,http,RSTR,0.020553722094760363,3.8496475041946936,-0.6686775276152686,-0.03870616659292214,-1.6185926314323407,1.5431466031316026,Attack
-0.4664828609077273,icmp,smtp,S0,-0.3070943241492148,-0.23318008446823235,1.3453470521048967,1.4201590877260248,-1.0058938522940912,1.883237798176206,Normal
0.03107256716023249,icmp,smtp,RSTR,2.3862725977661565,1.963181411918682,-0.4770722727701373,-2.3470206152806545,-0.03717668454873346,2.5286877319998267,Attack
1.4720575673932006,tcp,ftp,RSTR,0.517856620260548,-0.5883718736369272,1.1236356280454327,1.2528011803798997,-1.1755202733785353,1.6391075381212412,Normal
0.6239193702647171,tcp,http,SF,0.06929961496164094,0.42832628739103296,0.3009627574434731,-0.4619941874280148,-0.11844579524713672,3.2368786074079168,Normal
1.2894987315215412,icmp,http,RSTO,5.17689331740942,-3.3981890749176524,-0.316741591493239,0.44056330030812785,-0.5974975475148336,2.6703557290319546,Normal
0.8679134097293463,tcp,smtp,SF,1.8944354195857644,-1.1182794232830437,1.8246156391758441,0.26984539292064824,-1.065821072485908,2.356777148214558,Normal
1.7299343251539316,icmp,smtp,RSTR,2.8150476115521337,-2.276457800664252,1.9177813245143644,2.4021941885753426,-0.9663456764202083,0.2629848323606401,Normal
-2.907433006338186,tcp,dns,RSTR,-2.4319837431330744,-0.4484908086003434,-1.872942558010891,-2.3126287072344494,-4.872412414679605,1.9204791849361698,Normal
3.816630845539006,udp,http,RSTR,3.648393698646963,2.1883196691323183,4.2781275507561265,-1.450047034483445,-1.2941540263064883,-3.921993242581119,Normal
-1.483571149385489,icmp,dns,SF,0.6948927234362278,-1.707262312171567,-0.5749700044902528,-1.4372096238596228,-4.638186038516677,2.0410511670085016,Normal
-1.6871101134229374,tcp,ssh,REJ,0.4957792170588421,-0.877938972507611,1.3215079230511027,0.015481729302858183,0.6415068504428925,3.4134139321157106,Normal
0.40714809094003174,icmp,ssh,S0,0.24266872621121482,0.7128173614370663,0.0534016486916703,-0.21121476054700206,-0.8650674337382174,1.0536339293944406,Normal
0.2069795727277195,icmp,smtp,RSTO,-0.5147504446596858,2.855491199212838,0.4191325126993579,-0.7687323465117539,-3.6388270976515584,-2.0515007080966803,Normal
-3.1523174651011656,tcp,smtp,RSTR,-0.47210773030868003,-1.0708552153628452,1.1600767824532334,-0.8142952144771685,-1.1819216765486735,0.4740322152433357,Normal
0.4610207865226953,icmp,smtp,S0,2.0764628514871855,-1.9272152129490472,0.15132234868847638,-1.7229951270978416,-0.8575861545550317,-0.5983875254926887,Normal
2.6540763978011777,icmp,dns,SF,1.6630570004929193,1.8078299573388192,1.379466762172096,-0.3578926232527979,-0.01251860580657993,-1.3468933954599889,Normal
-2.1627190464862123,tcp,smtp,RSTO,0.248497960486746,-0.8110991449366759,0.961288429137999,-0.5421404020359979,-1.8059244343018492,4.011312577188244,Normal
1.054126718270615,icmp,smtp,RSTR,0.42180539177482457,1.9027186708109716,-0.03877742863625966,0.6960939981556347,-0.5154033624089847,-2.5410138767308688,Normal
-1.4782751779955716,icmp,http,RSTO,0.2688830419343875,0.20183024178359998,0.5556888775431942,1.3302555731213097,-1.514026252133039,-0.30011209090224145,Normal
1.943718336306487,icmp,ssh,REJ,3.9990561213520186,-3.692548153835772,0.4198515174007359,-0.3458080796513323,-1.4780299612868375,2.448718231772193,Attack
-2.062929019328267,udp,smtp,SF,-0.03425202566184615,3.632761957041218,-0.1391400844197841,1.8932980536464257,0.9220969250995075,0.21522892679603955,Attack
-0.33803360632910184,udp,ftp,REJ,-0.3337707717503171,-0.6328020023253262,-0.46989823874200076,-0.30750640657003525,-0.10702653356406744,2.0744367895266036,Normal
0.1292051293412445,udp,ftp,RSTO,0.6523421983376165,-1.6330618316413386,0.5027510277884647,-0.8389970538991698,1.423299273359138,1.5144891983215056,Normal
-1.8003604340304433,icmp,http,RSTO,2.3911633692996874,-3.47454568010925,-1.0560657937348137,-1.7916506037119895,-1.9087786841428027,1.5784685943262504,Normal
-1.3447529691467508,udp,smtp,RSTO,-0.8733640144757788,-0.9241427775105546,1.6472819133784875,-1.7989085007204269,-2.32613948692737,-1.3503025632172667,Attack
0.3239638816537994,udp,http,RSTO,1.1421808000572304,-2.3926647404826156,0.5491489813161777,-0.014936417990714546,0.28270650390146157,1.2076990304241677,Normal
1.8608055310262934,tcp,ssh,RSTO,1.4012734644887546,1.1563643050718417,1.9452009303623077,-0.740407630573965,-0.6690756780632123,-1.3454670846301653,Normal
-0.5318176909981791,icmp,dns,RSTR,1.434135901987026,-3.5597628563746055,-0.33695891923945887,-1.509383297345877,-0.704750800197484,1.8288760897280185,Normal
1.798120842553468,icmp,dns,RSTO,3.8164410135251994,-3.1312358354266436,2.5336781983977956,0.9877970470135282,2.729706976464704,2.7698999405458693,Normal
-0.8152702556182705,tcp,ftp,RSTO,-2.307544998267435,-0.5063425964927557,2.197251648861429,-1.9907636688857737,1.764484731063095,0.9060523735065521,Attack
2.256008789975675,tcp,smtp,RSTO,1.2935814578968896,0.6169383239339681,0.9160369852453517,-1.551926439278395,-0.7286394053756693,-2.9025119732499354,Normal
3.8515689944840314,icmp,http,REJ,2.9185514542406668,1.137064733469865,1.7865145460574232,-0.35787676908638677,2.031267325714948,0.40232945901465755,Normal
-3.512302054805237,tcp,http,RSTR,0.56576393315637,-2.0731246846715328,-0.9991023992934529,-1.6988528630427568,-2.006404497458205,2.778708409820017,Normal
-1.801250624289198,tcp,ssh,REJ,-1.7210975803567847,-0.3670107490466643,-2.1170277999380143,0.036912924437660255,-1.559387798822114,-0.08360918256827232,Normal
1.274724692210643,tcp,dns,RSTR,0.6803291681651812,-0.8608412424842496,2.1456932692370074,2.316163015730088,1.3287276934209715,-0.6204002817916656,Normal
-5.22524885176954,icmp,smtp,SF,-1.9752808813128198,0.3512636371815985,-0.2907853540259242,-1.2217468385223738,-0.7648728901254054,1.4940370413318937,Normal
1.4722018182661343,tcp,dns,REJ,0.7887767093382055,-0.8554814765012299,1.4622061730613263,1.0814498794712633,-2.9844397925318606,1.2159968600406055,Normal
-0.13481800745828107,icmp,ftp,SF,0.7540065770713877,-1.156354977769085,1.3808694473166434,1.0787007142233938,0.20166716946378394,0.539315615271281,Normal
-0.5038593079186322,tcp,smtp,S0,1.6887250072422835,-2.685462748515879,-1.8091095485171231,-1.441599304001587,-0.5807197093727656,-0.3286359867588573,Normal
1.0258949074670891,tcp,ftp,RSTR,2.350344845005904,-3.530913836905835,-0.8873683239505796,-0.23494752442836297,-0.18462477384931453,-0.2327518737356149,Normal
-1.0957836763146926,udp,smtp,RSTR,-1.0471569664494362,-1.227167337117339,-1.8205349893993175,-0.7608320928141503,-0.9835674431507676,-0.5414501575630397,Normal
-0.037263621246198204,icmp,smtp,RSTR,3.2302492273611327,-3.687986523665407,0.3845562661769165,-1.086249270192444,0.8889035654344886,-0.05710382468094766,Normal
0.23644665437734294,tcp,smtp,S0,1.2442883001550655,-3.4171193422136046,-0.041825491975657325,-4.123145882775697,-2.141679945794537,-0.445100155307422,Normal
3.9777625436630553,tcp,dns,SF,2.955781751773017,1.8751261255337013,3.237122450679438,-0.9219047936198981,0.6487057835949843,0.3843625194389564,Normal
2.8327075645644473,udp,http,REJ,2.195557736088481,1.6619887901910464,2.1689944957313116,0.4342806652305893,1.278518687047601,-0.506102671729182,Normal
4.968395608546446,udp,smtp,REJ,3.8120310100662556,4.382075151682791,4.3332796462764,0.4486024409986118,0.30843306328955444,-3.0677091638321876,Normal
0.0063203842351362925,udp,http,RSTR,-1.0865531016532008,2.572688980154851,2.9325737198673263,2.556856676793732,0.2886186536038675,1.137828197326316,Normal
0.8434215865633278,udp,http,RSTO,-1.0725430954800301,-0.3362884448949395,1.0331889317657876,-1.0699179576711213,-1.7386995651232,1.8538057446967298,Attack
-1.2463896553598621,icmp,ftp,SF,-0.39029227465168304,0.5271245595064835,0.7280288874561609,1.6585777598173375,-2.048527211195059,0.652770818549363,Normal
3.17315208271999,udp,ssh,RSTR,1.4932917789120903,2.1564009211582387,2.2714596236993154,-2.3411048466359965,-1.6008364057022626,0.4813331473348885,Normal
-0.4749095420454343,udp,smtp,SF,1.3071085653943872,-1.6068737497108583,2.0415878073100124,-0.2928425216209909,-3.0469418556437162,3.346819559865643,Normal
4.613553727497616,tcp,ssh,REJ,1.998310878137616,2.775407346753541,1.8061676571990501,0.0323711445373176,1.9313587707122477,-0.6018218376436634,Normal
3.921542039751088,tcp,ftp,REJ,2.9651112935069017,1.6985289275723545,3.2099742372820046,-2.3068908688592944,-1.3183373479938287,-3.588587931191812,Normal
-0.444556885099606,icmp,dns,S0,0.7734601048378643,-0.9854598173186816,-0.13593992666382193,0.1759288505231249,-2.4128373576390065,0.7365465146960665,Normal
1.7225365598314273,udp,smtp,RSTR,1.1714440267181714,2.783349748219104,1.8053284010419803,-1.7388162166553593,-3.650607719020145,-4.0179588757155535,Normal
1.3169929646373442,icmp,http,RSTR,0.42842826370288933,3.532169562630291,1.2151644261915402,0.08837260279452908,-2.2062894012211265,-3.0194577150740023,Normal
4.884885990204765,udp,http,RSTR,3.907891474817941,3.9523022080725463,4.425058898694674,-0.8658920416872347,-0.8491148314506917,-3.784960892194676,Normal
2.46087514362274,icmp,smtp,RSTO,0.9926197760406412,0.11930695532611302,2.819832704996603,1.9585749039222984,-0.8178217132272249,1.9800194289232425,Normal
2.8323278796958555,udp,ssh,REJ,-0.6794933036995918,2.3067340448472216,-0.227666706724581,1.322028925420903,2.926210658326613,0.10344644228632904,Normal
0.4230032857705987,icmp,ftp,S0,1.2380286564409295,0.6305498243418871,1.1323108769883405,-0.943039713829021,-2.1116184708874126,0.5974254096894573,Normal
3.664019646482597,udp,smtp,S0,1.166673829220163,4.747302889693855,2.5806044431000803,1.218026705860487,0.214973524187146,-3.0096584285369015,Normal
2.0444511104099923,icmp,http,RSTR,1.3967102990535318,0.7076075101206983,0.8745753349387433,-2.3280446287924024,-1.8308295859099908,-3.224421280288056,Normal
0.8511851839075644,udp,ssh,RSTO,0.6071722737667611,-1.024722730770904,-0.27293165566567157,1.6724329939185938,0.18228958299476639,0.22385863024210728,Normal
1.7216328952339457,udp,http,REJ,3.170792882209322,-2.3392382829807,-1.6473651042566426,0.8286309808700544,-3.131071069504899,0.2658401826762776,Normal
-0.9407282052867129,tcp,smtp,S0,-1.0558207900554084,-0.246641374215826,-1.0590670462915046,-1.4636169401819767,-2.6392961842164455,-1.1623654108728725,Normal
3.715162951896406,udp,http,RSTO,3.6947260629973178,0.32891752420493425,2.535736480580778,-0.17370124523403774,2.307780171684723,-0.8064331170699339,Normal
-1.2684016685134034,icmp,ftp,REJ,-0.3488652320594061,3.482262499294191,-1.2864594862762084,0.9350076977123296,0.9844445368207166,-0.03840260203678891,Attack
-0.32488097890019035,tcp,dns,S0,0.8947400906002589,-3.4058022400935495,0.8267631573784137,-1.5333474685119,-3.7365633429622713,-1.3896249551213509,Attack
2.4288467703556833,tcp,smtp,RSTO,1.805300558163391,1.0573309216847258,1.2348821407082342,-1.579955628543085,-0.9874440779922398,-2.2747117442131985,Normal
2.5718282705496724,icmp,http,REJ,-0.4012141418341848,0.7958349475369308,4.932525172266496,2.940514777588385,0.36986886353349124,0.9982495301340604,Normal
2.0232472002055935,udp,ssh,SF,1.220189169060781,-1.6117616497237683,3.7230604682845776,0.23403214525853988,1.1854598924972874,2.754988003750104,Normal
2.8695012845369594,icmp,ssh,RSTR,2.331207928103894,-2.3451299179410596,1.114184591553331,0.15357494026023788,-1.0987885370216792,0.2449709921846197,Normal
4.18907874730375,tcp,smtp,RSTR,2.087108039923087,-1.0199003846578514,2.3635056999720314,2.4457782467252867,1.2392163544276693,0.30557292444337714,Normal
3.6611098008559,icmp,smtp,REJ,3.1732548975954127,1.703000327280153,2.5113123903280172,-0.5778575538933908,0.5213218096397398,-1.2600062524371816,Normal
-0.7574011896484534,icmp,dns,S0,0.13143670727002732,-1.8477684512943884,-1.4063741549586628,-1.1270934998718607,-0.8497373742999937,-0.07886344999403139,Normal
-1.711202511251712,icmp,http,SF,-0.7481192369787091,0.3941088139146367,0.4079352891294644,0.309206839118636,-0.3078399238635551,1.4813707600588693,Normal
0.07397925987578786,tcp,smtp,S0,1.8378672810542294,-3.820984294567949,-0.27787941205411304,0.8258285089494197,4.017572919625131,0.4398960282348324,Attack
2.264161575020651,icmp,ssh,REJ,1.8485101156358712,-0.5981758930841974,2.2004719238857824,-3.222455066325618,-2.410129694365325,0.37713606943156186,Attack
2.264386594138515,tcp,ftp,REJ,1.4746492391654336,0.3817677376689922,1.1309182088224679,-0.8686772174184476,0.31581805518624617,-0.9721364430206251,Normal
0.9934614596552838,udp,ssh,SF,-1.634319060230704,2.964022099365021,3.866944361745834,3.9591652841877436,-0.7884141821515397,-0.8398756229440087,Normal
-0.1561237932499608,udp,ftp,RSTO,1.2080435096795883,0.22203083185436467,-2.0877098665865366,1.0119351808193642,-3.014777264913799,4.0212086170072485,Attack
1.0473435713479802,udp,dns,RSTR,0.3326936304500996,1.3411033639435213,0.6980738569307731,-1.695943970080864,-2.1662242557807163,0.5712110863717788,Normal
-1.4151663311300642,icmp,smtp,RSTR,-0.8705937796738417,-0.7282026754778066,-0.35257628741467917,0.1770473739662568,-2.6269744776945876,0.29422989698012836,Normal
-0.058039086210249495,tcp,ftp,SF,2.760047665386854,-2.336894850523387,0.6147101725891857,0.7722025852106981,-0.16119423181666825,1.1525249503749562,Normal
1.756628495822603,tcp,ssh,RSTR,2.623543447986183,0.28698582268573636,2.4179994294432072,-2.3434152976103295,-2.1545735734501035,-0.8524591362187189,Normal
1.5146160555848769,tcp,ftp,REJ,1.9573367296734747,2.1262675522786783,2.556585499754079,-2.168759869601735,-4.056371501533221,-1.8799408542513054,Normal
0.4446499980496756,icmp,dns,REJ,0.8695044134530375,-0.896054325277123,1.7740644718756742,1.1611782117263876,-0.7584026512254001,1.3179115891100546,Normal
-1.0330912977142301,tcp,http,RSTO,-1.3758521858101767,1.537477220014202,0.8129768166995321,-0.6164780497501388,-0.5276583430034341,2.451946980624048,Attack
-0.35189100525259837,udp,ssh,RSTR,0.25188158616002176,-0.17466320104446242,-0.07214425271640978,-2.3782104535771085,-3.2770700016984518,1.0120608651968857,Normal
1.2684948742001754,tcp,ftp,RSTR,1.9280661000836343,-0.8448006732986388,3.3071031826587007,2.041262653299124,2.8976607134662085,1.9045909795841882,Normal
2.285227701647639,tcp,ssh,S0,0.45913300537375024,2.2147420269951725,0.5659644412072699,1.2099841853059763,1.6253993947911543,-1.6240308197308502,Normal
3.5136617666710164,tcp,dns,SF,2.009312631763339,-0.8318632491352,2.1194941423523694,2.5194283172964074,1.7979705812917541,2.02642324528498,Normal
1.3805030698690586,tcp,smtp,S0,0.02169119399300845,2.6905847576817647,2.4297830955113797,-0.5034256804946479,-1.6266404565859292,-0.4242680361897123,Normal
2.036434097923549,icmp,dns,RSTR,2.4225445954679365,2.2455705774183765,1.685790337469172,-1.3297652968293965,-2.865205201966563,-4.356140029216568,Normal
-0.6183375160402975,tcp,ftp,RSTO,-0.4348394784697729,0.8265984492511418,1.4096267557290898,1.4731201948075807,0.3082253633636103,1.152247380054125,Normal
0.6847119225026812,udp,http,RSTR,2.1412094185411115,-1.992508830562564,1.3901108612882693,0.5973155890612412,0.004785903896731281,2.148275189934737,Normal
-0.9700968474549415,udp,ftp,REJ,0.21695972308525802,0.15153525356741437,1.0265001896584205,0.38091637391628064,-1.6233277812544125,2.373937255267638,Normal
1.2326853198661825,tcp,http,SF,-0.7062057223241616,0.14084666606399154,1.2673393151215342,0.22949379689911664,-1.5454174947082613,2.838722878523127,Attack
1.006342050438136,udp,ssh,RSTR,0.5052014058818208,-0.4689353646454735,3.3574203545973207,-2.740477666340831,-2.099163917291987,-0.22192179535266332,Normal
0.13147616709069013,icmp,http,RSTR,0.8803595316576622,3.7885649110345443,1.5451378078872224,-0.8501641907660002,-3.7319669065800967,2.1167134626639728,Attack
1.0462855342603261,tcp,ssh,S0,3.860365226367724,-3.8567549918110475,-1.007722286637942,-0.8612072152292647,-1.71065347515378,1.16109773629456,Normal
1.4717338262212516,icmp,ftp,REJ,3.2613519560321422,-1.9733891355843598,0.8066314641235002,2.1834316120901134,0.16711012064220365,0.9476428147606331,Normal
-0.3024583458121312,udp,smtp,S0,1.3882836236834346,-2.7132066718939987,-1.8066816897729394,-0.5796076287622622,-2.6078991816243615,1.38268667537425,Normal
1.5020253831299,tcp,http,RSTR,-1.3065094365331333,1.0014901904998776,1.720501199848361,2.0473847757666497,-2.817295225098989,0.4388877903255657,Normal
1.5388810990590924,udp,ftp,SF,1.9281304835796833,-0.015636010661217892,1.4833979241498016,-1.2729107454848334,-0.6467562641600835,1.8369563312148118,Normal
0.2227690836424733,udp,smtp,RSTO,1.276233400100709,-0.05349942431949106,1.645876308488928,-3.169747808791203,-4.630874121500987,-2.669895392894611,Normal
-2.794367189213095,icmp,ssh,RSTR,-2.69252505368602,2.114819476424025,2.978042232321089,0.5596375970069067,-0.364335629055762,1.1097762502759871,Normal
0.688334629953145,udp,dns,RSTR,-0.3503208561131168,-2.7730488280127847,0.05117897319318021,0.4223866183778122,-2.7468762943236484,1.1349668841920368,Attack
-1.9443512917820225,tcp,ftp,SF,0.2510496973669192,-1.801455584720685,-0.07567771109570187,-0.5797979362397676,3.381315928838677,-0.48022714725380555,Normal
-2.0653316300468885,icmp,ftp,SF,-1.6135207753386176,2.061233409333706,1.5831727840709022,0.2475245889064086,-2.0288761534975013,1.810976325616353,Normal
-6.24113029937909,udp,http,SF,-2.72163571375858,1.5043582473272679,-1.2703183162122076,-1.585861070891435,-1.5426058622524321,2.389390243798949,Normal
-2.3364215658604794,tcp,dns,RSTO,1.2508339153288162,-3.195278319218343,-1.0384397290654221,-0.9221382972238026,0.13120294911994934,-0.4763350099750463,Normal
2.2847554277512785,udp,smtp,REJ,1.5800781395846513,-1.2259094808532387,0.7720029232490263,1.9219541395695106,-1.183506364408909,0.7165831089905219,Normal
-1.8372738962934532,icmp,smtp,RSTR,-0.8458048453826381,0.2742832920171723,1.5854507860778333,0.7547172834255481,-2.288435886212226,0.7869148023551003,Normal
-2.5769363001992525,tcp,ftp,RSTO,0.9157248840880537,1.6207462331540017,-1.6503360839221788,-0.0058132395668901715,0.8964042814769244,4.32326915891219,Attack
1.5742051666181112,udp,dns,RSTO,2.315712126800918,1.8670267801984526,3.6082217456424717,-1.4938078678935793,-1.7779839619282907,-1.5906208549898948,Attack
0.1635991013660709,tcp,dns,REJ,1.4641126278408971,-0.9535054197435215,1.300809986679555,2.19351002649894,-1.9242286421525594,0.3639416067293557,Normal
0.45537193908779183,icmp,http,REJ,-0.010091755710708528,2.550834512062613,0.4099342577887477,-0.8876289676270914,-3.343645329936044,-2.362790374849769,Normal
-0.35026602632761056,tcp,smtp,RSTR,2.1073735209042734,-0.5528165072341711,1.7039264619205459,1.6114598380351965,2.346064782400868,1.345858506324708,Normal
-2.4201436879473044,tcp,ftp,SF,1.429110829605835,-2.1848629074659343,-0.92915259347833,-0.10992230490569366,-0.7008732189434718,0.941940479166732,Normal
2.050899293091473,icmp,ftp,REJ,0.8270826285705605,0.5338911690548066,0.9231960266296481,-0.8473312134912179,0.6255981525299741,-0.14309068248569756,Normal
5.948089081903649,udp,smtp,SF,1.1258764093746934,6.746746230347691,4.0747615480955695,1.4998036117027675,1.7716992996971457,-4.6705520618583325,Normal
-0.8634331458249735,tcp,ssh,RSTR,-1.1057455955104483,1.1306533657563769,1.843237739298317,1.286410490492596,-3.034099769713307,1.8395406336563132,Normal
0.15682868313409515,tcp,dns,RSTO,-0.3240425073565072,5.687092179099084,0.325532221340158,0.055352411268666524,-1.2652809329944845,-2.3267282406654464,Attack
1.316664419712012,tcp,smtp,RSTR,1.286810346298896,0.36829156914112193,2.924049478086837,2.3985773645431196,1.0350844729981197,1.829326076567256,Normal
1.1777162937451888,icmp,ssh,S0,-0.10918079638472689,-0.3176426003701722,-1.8607335221110373,0.5488360804392232,2.0458667715318564,-0.39621333102534617,Normal
2.425756598359153,udp,http,REJ,-0.05209302143883798,4.312407394392653,1.4433814312796514,1.4209662411672372,0.436573990959211,0.3516677342801846,Normal
5.066217600086233,icmp,http,REJ,3.8350049970739732,2.910400122971687,3.552779801914588,0.02030445420743976,1.438445292544762,-3.2909328225102956,Normal
0.6202698380822395,tcp,http,S0,1.1614076042342898,-0.8781067909819219,1.2096197546763041,1.3527339404777838,1.209150624153437,0.08540417144319057,Normal
-0.5014983361882339,udp,ftp,S0,-0.3288027283736842,-3.3346868222989943,3.3674796078029003,-3.338132121075191,-2.473969423317479,-3.45535543990903,Attack
1.2864921661542352,tcp,ssh,SF,1.8606260147323335,1.7543888599017898,1.4423260564569413,-1.0810218562211604,-2.470521466761679,-1.7406835961668343,Normal
-1.1800809662412555,icmp,ftp,RSTR,0.5852985539041483,-1.3620702745237914,-0.07038460971679594,-4.068708210493258,-5.59422570125665,-1.4931145313003649,Normal
2.9098339690416553,udp,dns,REJ,-1.132652569935309,0.663419575377512,-0.6838720053866607,0.6799940135323215,3.8946192750939614,-0.5733961937653393,Normal
0.6274380312466082,tcp,ftp,REJ,-1.0718158818267067,-1.9512078266919697,0.3435005492462253,-0.8376321776433758,-0.3294701732815445,1.8038938612963658,Attack
1.0674840623619013,udp,smtp,RSTR,1.1768383759449024,-1.5294415975901954,0.5206250961108254,1.2742342755254183,-2.058430468040922,1.5747629282576572,Normal
0.4077805962881294,icmp,ftp,RSTR,1.7020797299090122,-0.9957399927979282,2.4044491297311277,-2.476209004160192,-0.24207797284863952,0.7999684757661712,Attack
2.936427660303099,icmp,smtp,RSTR,1.0752070393046562,3.166783889218504,1.9128288736133863,0.2861104203823652,0.4109777443131144,-0.6542482863150922,Normal
-1.2499932396760274,udp,smtp,S0,-0.5204886141763643,-1.2901913735530561,-1.581334759518446,-1.4540993552347135,-1.8537903111840106,0.7871113702356245,Normal
2.4951846816899708,tcp,ssh,RSTR,2.894384284854109,1.233444859928679,2.4695249823244314,-4.204317648069666,-4.64544733011971,-1.4628372572088524,Normal
2.5557646495883843,icmp,ftp,S0,2.086066864536407,0.4927833097538381,3.1653810616172473,1.8342513018244875,0.764817644895931,3.0983556485840658,Normal
0.3867617004242628,udp,ftp,S0,-3.1486951008658415,-0.4107796667647048,1.8590348847469484,-3.451421991848303,-0.897254717089559,1.8959153014183485,Attack
3.379979246545567,icmp,smtp,RSTO,0.8637660585468329,0.5798207221825513,3.4056494235494705,3.5799656889064333,-2.1629767221277705,0.6240533345919589,Normal
-1.4265819432013733,icmp,ssh,REJ,-1.3034189445946698,6.916350514969705,-0.6797603353378778,0.21794966149348038,-0.33247855334773546,-1.74889797184046,Attack
-0.4043954017378236,icmp,smtp,REJ,-0.6543772052121959,3.3662546065834684,1.3529566076605635,-3.0464886876585973,-1.3316466022270128,-0.5076148508076093,Attack
-2.705338554086617,tcp,ssh,REJ,0.22283045052735417,-0.5855855104555301,-1.0979999544918764,-0.6580753950866223,-0.8722847899816141,-0.04662035071707371,Attack
1.5495753908096297,tcp,ftp,RSTR,1.405901773901374,0.3041977561310203,0.9842051545343414,-2.025260867302636,-1.5580299470663888,-0.959076733406721,Normal
0.4802074107604576,udp,http,REJ,-0.8754876288559676,0.7522860763093036,-0.22211290819380713,0.08497241124224097,-1.6828531922609118,2.780764254986657,Attack
2.1106180368607363,tcp,ssh,RSTO,1.0126717858280774,-1.092277623827069,0.7384392111753868,1.3308494192543745,-2.817499668833757,-0.766409570671647,Normal
-1.3250785850310696,icmp,ftp,SF,1.9878421760790785,-1.4999032363263234,0.6617288945765205,-0.7932349920035282,0.45171892528267166,2.9547769469274145,Normal
4.288121594439537,icmp,http,S0,4.1540707000075265,0.9813686674632703,2.6321952313653814,-1.5297281937846592,0.2206536432069537,-4.093215278989967,Normal
-1.9866686360225978,udp,dns,RSTR,-2.81258135659165,-0.6550241209520877,-2.684495941859862,-0.1494634472571501,-0.8639193281782742,1.9591792699676507,Normal
-1.0931329557663536,tcp,ftp,SF,0.5871978781130383,2.2299548973120054,-1.5270695379314407,2.292110566048664,0.0977891178653798,2.100597539018284,Attack
1.7995970830488976,tcp,ftp,S0,1.8789146495704139,-0.54743745951642,0.8279405042797361,1.9506714532107128,-1.1767502944415011,0.6841724745430023,Normal
0.8580065220514461,udp,http,RSTO,1.586913891116252,-2.128587024574145,-0.3823041737603199,0.4972243829222954,-3.5749394434932333,-0.12622603435708246,Normal
1.7452405453590791,udp,ftp,SF,1.6383832673547971,-0.19749591995097693,0.22622717655560698,0.48156008522804883,1.5867947587762337,-1.2234232461783028,Normal
-0.6058211530522226,icmp,ftp,REJ,1.3350527231976632,0.48130424590281273,-0.38287615507427986,0.42664746119486674,-0.3141456405433113,2.4930029835382106,Attack
1.1725476848691845,icmp,smtp,SF,1.1948453584152108,-0.8626161337032843,-0.6348725000855497,-0.7985791564998364,0.6981156477391359,0.7202958474879859,Normal
1.7674300081341006,icmp,dns,RSTO,1.7822440433269735,-0.6992137006618548,0.7515905098316967,1.4588051546988745,0.13096640329000797,1.7606783132381958,Normal
0.3326484634630787,udp,ftp,REJ,0.7901161298997186,-0.8227398613429244,2.7411792714269207,1.3752023472658437,1.1685198549376494,2.387656535690833,Normal
0.7775552304428198,tcp,ftp,REJ,0.665251184075097,0.2630678279702412,-0.560754331554429,-1.187353911905066,-1.2861694141691316,-1.0441420995935895,Normal
1.1541851865967303,icmp,ftp,S0,1.7868615738908094,-2.029204908321391,0.8457151093252425,0.02342453330463734,-2.6061915069868,0.874105035901689,Normal
5.914789247761551,udp,smtp,SF,3.614914134050232,4.112061346238131,4.1553322877431285,-0.9786070756035296,0.6998011813074494,-1.1326498246770516,Normal
1.2998337409364185,tcp,ssh,SF,2.0022202464956607,-2.0552347616913513,1.4152305972694355,-0.20683224977035652,0.8114377846431968,1.4991026839916184,Normal
0.28303951821970225,udp,ssh,REJ,0.10335297054633852,1.291219891443692,2.265007748025315,-2.0161294866248296,-1.6413219247999442,-1.3993167744990647,Attack
-0.9897298073875753,icmp,ftp,RSTO,-1.6228946899587555,-0.7462179733934651,-1.4547456730949566,0.7376383710909047,-0.05852888002578149,2.408256601845122,Attack
0.7376502952902124,tcp,ftp,S0,2.1561958200014066,-0.6651392074477849,0.8910496712635773,-2.838429991827401,-3.0278723526757068,-0.46548902112680224,Normal
-2.1439844925598943,udp,http,REJ,-0.9228244266140326,0.935972797736093,0.4559797547754083,2.2228312065250866,-1.4669128057695064,0.2636587373815913,Normal
2.0589764631749508,icmp,ftp,SF,-0.647659127213561,2.9863661903684173,2.7934936351502726,4.888821820390093,-1.3518446583004828,-1.301456026104487,Normal
-0.7985659109556554,icmp,ssh,REJ,-1.2000474213803103,-1.0452870167407728,-2.139333765069356,0.12318666263328959,0.23931572296186632,0.08732118315802984,Normal
1.488830729015175,udp,ftp,SF,1.3814423347676663,1.2647196408701065,1.4422683040948008,-0.4634969717318491,-0.9546769962412255,-1.3542154771662824,Normal
-1.1460331282591498,udp,ssh,SF,2.0244881613375187,-1.0254222209950805,0.20019147543711235,-0.15547482155990489,-3.030051313626466,-0.13109677877529102,Attack
0.904476702141377,udp,dns,SF,-1.3924535262617295,1.0271053043278875,2.0471702676667953,2.312225538796954,-1.7434527341584471,-1.2051062561614283,Normal
1.716140030889025,udp,http,RSTR,0.2607624688210941,2.176945861402488,1.5176126715283427,0.8219868336530043,-0.01902176532588462,-2.8429429112883717,Normal
-4.082834141187774,udp,ftp,RSTR,-2.999292097508177,1.8239860589109527,-0.09437372248394427,-1.046363455720869,-0.11774070244735457,0.5153875267296303,Attack
2.135682667974984,icmp,ssh,S0,2.486336081338651,-1.3665909432651095,2.3413581175290323,2.1067849065405087,1.388081818779721,1.3625082667407742,Normal
2.7056376169846237,udp,dns,RSTO,3.7236417587180983,-2.748985245938566,1.8206971129934515,1.771276452425474,0.7609231143120583,1.0288837784341394,Normal
0.8209513158729107,udp,smtp,RSTR,-3.8531990881859093,-0.32098150779004997,1.6164880337952015,-1.7230427917659368,-1.4776890685765731,1.6440772384880895,Attack
2.0879800089354386,tcp,dns,S0,2.8293252648643934,-3.229157264016513,0.3059928979576434,0.567578965994255,0.21338863418202858,2.165543353937988,Normal
0.5506380905339119,udp,smtp,REJ,0.10658688627183355,-1.0839824249645562,-0.43411335092781234,0.5870797381510073,-3.7750913199696186,0.9814618227064821,Normal
-1.274101047968122,udp,http,RSTR,1.5705687298683757,-0.18554944575402832,-2.619548766095635,2.9528044731389955,2.7496126433421924,2.052012279972487,Attack
-0.931997262982854,udp,http,RSTR,0.9138135382864068,1.790451518054067,-2.5129764719606245,0.642687001605547,-0.8601686200820794,2.608274958835638,Attack
0.5029445110545898,udp,ssh,REJ,0.5268655106884628,-2.4103814815432756,1.5814920276916196,-2.5062853817149247,-1.410659034756594,-0.8946885529817068,Attack
-3.3135870715390787,tcp,ssh,RSTR,1.0425273565484263,-2.84188545928697,-3.538818463811153,-1.754136024425529,-3.815024630528014,-0.3527965498629737,Normal
2.2723724394187004,icmp,dns,S0,1.1214046140192848,-0.3401727441999156,2.1132834444927795,1.992898611562778,-0.3139550217906195,2.547004654501555,Normal
1.7894177743290904,tcp,ftp,REJ,0.038080722246209286,0.957626124836712,2.2597321077785244,3.0916508141988177,-4.5417168318117,0.5868987576660283,Normal
-0.056405479709114074,tcp,ssh,SF,-0.19334681663440834,0.5297263304509647,0.20930171406044462,-0.8153311442878859,-1.7021638026035733,1.7729205373225851,Normal
0.7265424038844575,tcp,dns,SF,1.212413546176695,-0.3056086344196407,1.1111039706522925,0.6116863075255994,-1.0900865806806261,0.7349271092849936,Attack
0.6728431083591003,icmp,smtp,REJ,-0.23700020787249332,0.7522309452243586,-0.12252112126395387,0.5230363237096389,-0.01801226487085139,-3.199175349583832,Normal
-2.055738905574059,udp,ftp,RSTO,1.0423020533722833,-2.387421126968735,1.3260607783276597,0.8774291614829319,3.4900792303347457,2.417171596267351,Attack
-1.5846796601562083,tcp,ssh,RSTO,-0.5128134721324507,-0.3147594799468605,-0.8854025915942008,1.6340687565186784,-0.32746958984366303,-0.09326511717632147,Normal
-0.9976117008981321,icmp,http,REJ,0.4222021063741124,4.0134227029060465,0.22047788396074675,-0.8831007257439739,0.2768140583315226,0.4750838836680159,Attack
0.023584714509399748,udp,dns,RSTR,-0.010197772409923145,-1.1693118744898277,1.6851508049253812,0.647058018145594,-1.8079687977333685,1.4584673596359696,Normal
2.1365653908273217,tcp,ssh,REJ,2.2776770511434092,-2.7139100097174547,0.3271122551027932,1.3935970242170854,0.051063090980386416,1.836202974691825,Normal
-0.7366448304352067,icmp,smtp,REJ,0.8715975614133289,-2.0601111303601747,-0.1540694509401037,-2.6866094840762935,-2.9935314126489136,-1.9372262368068345,Normal
-2.719697610285102,udp,smtp,RSTO,0.6987408840422042,-1.9708310985806028,-0.09178289424959019,-1.2060700927651942,-1.459550966650042,1.5273008563054842,Normal
2.7793704609210717,tcp,ssh,SF,1.4391254257453814,1.9615304130498328,2.414686289899307,0.03721093165979883,0.4542221446507706,-2.3228190201979793,Normal
-0.6824112727107762,udp,ftp,RSTR,0.40286643201692884,-3.171524290050229,-1.2129166450033297,-1.9484319865203843,-0.5362462828805239,0.4567581206907574,Normal
-0.202571025615402,udp,ssh,RSTR,1.8230466470876072,-0.7355873051794479,1.5668022483871749,1.0145167327426456,-2.0041434541238057,2.662757206715199,Normal
1.2568633869044028,udp,http,RSTO,1.442820136977923,-1.396718694040327,0.10004506960120496,-3.5520891903267664,-2.4700313749412923,-1.9717523620042896,Normal
0.1663155256056905,udp,ftp,RSTO,0.3164983963917416,3.5502845605137736,2.496926167340413,-1.4564566363055564,-5.290872733938055,0.09182625825649482,Normal
0.6706892423350712,udp,ssh,S0,-0.21016967557849275,-0.7405142195036558,-1.4641289220508478,-0.12119374383239845,1.50086611449645,2.321875750375457,Normal
4.284759619922338,icmp,smtp,RSTR,2.4595118152463837,3.562579771885788,3.638087830236124,-0.6731902665021992,-0.9033574337239694,-4.556046230331225,Normal
-0.7624757347200358,tcp,smtp,SF,-0.06766358266706751,-0.11799290833404996,3.1439958173518447,1.0309790354521098,0.8327320562245479,1.9999326962948623,Normal
1.8412204393290268,udp,smtp,SF,2.348467757616579,-2.0280909034855643,1.5200681986844753,0.8254927257599817,-0.6209742469929167,1.8234698519562156,Normal
2.679538275510079,icmp,smtp,REJ,0.9188612354572144,4.563695606530334,3.37457108702506,0.2587420515052843,-1.5573181316284113,-1.3288159038980174,Normal
2.621459341008722,udp,dns,RSTO,1.844703802972711,1.7872514654842624,1.6491596414177823,-0.23700263823502765,0.0008113805478133784,-1.7439214727063928,Normal
0.1255297920499789,udp,ssh,RSTR,0.8652034391981147,0.04630352685766992,1.987561305249374,2.9612303336602825,-2.418582548741317,1.7711271678977711,Normal
2.512241392769919,udp,dns,S0,2.8386270750504803,-2.4910633721704407,1.2970436613024763,1.0356852151889828,-1.3004396623638779,1.694887109720952,Normal
0.4190411756105436,udp,ftp,RSTR,0.6680047993466309,-1.2856798102090554,0.4340280273464495,0.02720069760742272,0.38132749586425696,0.3588650033793427,Normal
0.1000598771090685,udp,dns,RSTR,3.4459864358722445,-2.9144487088601827,1.3273401148025967,0.7699190598852421,-0.04203334032733852,-0.10321599572474072,Normal
0.3977922092293781,tcp,ssh,RSTR,4.593104541924639,-4.672001619667668,2.101637654276829,-0.46838163341909356,2.2338748875592787,3.3361503963339363,Normal
-0.09569685089306666,icmp,smtp,RSTR,0.27344242275358743,-1.137463077274374,0.12675815422702674,0.11868272267947155,-0.35748551487251246,0.9051486666979317,Normal
-0.9319323602487849,icmp,dns,RSTO,1.4357315445296033,-1.6012843880420713,-0.38131166504483405,-0.12142847082251729,-0.8072139238952034,1.6825070694163227,Normal
0.9589346115484477,udp,dns,RSTO,-0.6935353906241035,-3.084671355877769,1.781693150445892,-0.6892608619696035,-0.3755598858321828,0.4065355427409293,Attack
-1.7317743369717264,icmp,ssh,RSTR,1.0823995705143992,0.8584878519818937,-1.4053091004396272,2.381591771798932,0.32990854691502136,2.777572023185317,Attack
-0.4065604465938598,udp,http,REJ,1.075665782089446,-1.6672529388609385,-1.849893961975288,-0.15459879916565722,-2.4444110247185726,0.2877394579290632,Normal
1.1817556414615136,udp,smtp,RSTR,0.43319984056188654,-0.7909152029263128,1.4289781140759177,0.7138404123315097,-1.6031074957153058,0.5018159221771461,Normal
-1.6288730213402318,icmp,dns,SF,-0.8727234794126584,-0.2624477839763055,-0.8635422247074533,-1.2684333174502438,-3.138852394362794,0.13593698008301547,Normal
4.879621422346868,tcp,ftp,S0,4.699585147221627,2.0136898530574423,4.386900007246531,-1.5113596179453581,-0.21058541163733824,-2.64676101059863,Normal
2.4246999731941212,udp,ftp,S0,0.8831230902613002,0.22378263775931284,3.2037585186371147,2.668841568482997,0.30893944596551526,1.813878382471728,Normal
0.17802091207626225,icmp,http,RSTR,-1.0589584393988494,-3.8648417443971224,1.4859738927852795,-2.2759082718951738,-3.7290217550758884,-1.185150796372974,Attack
-0.7866872907053447,udp,dns,REJ,1.4392526189746333,-2.5347566994651833,0.1831287225606758,-1.0989742776634297,-0.2947578139882896,3.3976174046248704,Normal
-1.015398050858383,tcp,dns,RSTR,1.7683927504843724,-1.628509401227371,0.2660011262275882,1.1447120418361265,-1.407935187994767,0.674191887476647,Normal
0.24433705024624455,udp,ftp,RSTR,2.1245223278411514,-2.291750376760416,1.43633058427382,-0.15791078997806207,-0.9625150255527337,1.5755719033390325,Normal
-0.011108322442090611,udp,dns,SF,-0.7636946280155834,0.14668594347482733,0.23777992866645714,1.6359025655840485,-1.9161985731897677,0.7991702335689295,Normal
-0.4267746026602451,udp,ftp,REJ,0.27504655350200036,2.6365281630020974,-0.3492125125689982,0.3713124842782356,0.38726207734358864,-1.0107630151334885,Attack
3.755751789087139,tcp,ssh,S0,2.766428322439576,2.4046495577677742,3.366414934134885,-2.105089313986002,-1.573220828959545,-0.40780308133881316,Normal
2.8000137011512605,icmp,smtp,RSTO,1.6557601084603706,-0.6425923205018069,2.1141325978838674,2.42146736831077,-0.9794338629399791,0.7158681652035537,Normal
2.779011212565719,icmp,ftp,RSTO,1.0135060028132057,-0.21919799805228923,2.611376939983198,2.984402678112085,0.17046762507288693,0.25036584579404797,Normal
-0.9659596116883855,tcp,ssh,SF,-0.9798402835701477,-0.7260560447410319,1.480150866569202,-1.9998949392995256,-1.0362824081286357,-0.6942210456030962,Attack
0.20233393093165575,tcp,http,RSTR,0.40929142212229197,-0.06007670272993837,1.6055713686476303,0.38357880133577427,-2.8110196249175816,1.010790703307618,Normal
2.830748913469954,udp,smtp,RSTO,1.7446353518243058,0.06593598049779126,2.506695025067595,4.215329730249085,-1.539747482390418,0.4519056770711827,Normal
1.7099616004952711,udp,ssh,REJ,0.922639995095603,2.4527158623706002,3.4543777541797986,-4.197869509627766,-4.60525468493437,-0.29584992714088476,Attack
2.4207620453603305,icmp,ftp,REJ,2.8103372698994185,2.994739662703431,3.434209356464633,-2.3530290103405846,-4.608426699439974,-4.591478185112572,Normal
-0.9430254612189598,icmp,ssh,SF,1.7899712122086895,-2.3088927613243015,-1.1811956420110734,0.9313219580391957,-2.661184435941566,0.522600001924985,Normal
3.315509543006662,udp,ftp,REJ,2.052805974540407,1.4973384842384436,1.6661656178256552,-1.0213311885670138,0.26675224973962086,-2.696880272119835,Normal
-0.6807958631915241,tcp,dns,SF,-2.300002857150485,1.0262541884673442,-1.9616344413079236,0.23709482130325,-0.7478692284276165,-0.30399807238512355,Normal
-1.8300609090869733,icmp,dns,RSTR,0.40895896266261567,-0.38912863131484243,-0.6318156395082937,1.5022952551844284,-0.5269879421269565,1.0085716920233856,Normal
2.488436771087852,udp,ssh,REJ,3.040633298557861,0.8605052901406169,2.8872563609272195,-1.5897160264024874,-1.1142677977477675,-0.6670370175104219,Normal
0.05616149970645674,udp,dns,RSTO,1.7450163945411359,0.4020540661486167,-0.8409798520131144,-0.5622040133227713,-0.7111803445265008,1.9835594258234228,Attack
4.026820692501063,icmp,ssh,RSTR,2.2723735806462297,1.751333619625612,2.7089134927915772,-1.1162828484762,0.5995007121711959,-2.4687443036356855,Normal
-0.045778879024181963,tcp,dns,REJ,0.21185055848239354,2.6502637778504616,1.4355657673442928,-0.9547333107126873,-3.0660816078484956,0.6312697430136194,Attack
-1.8277936092784577,tcp,http,SF,0.5461635916376044,0.5574703473803246,0.8704136503266214,2.162321408561401,-0.08996137541256155,-0.0115965497792756,Normal
-0.5465977294740513,icmp,smtp,SF,1.2395130105260823,-1.1624900281929826,0.9560599767741683,0.9574042746599167,-1.1415347716714486,0.10414553888715261,Normal
-1.3120530913903223,tcp,smtp,S0,-1.7031732955443122,-1.4502268080474954,-1.863207731935045,-1.1923169265319915,-0.9352549123693827,2.9164095243330395,Normal
0.041322642261050764,udp,smtp,REJ,0.6347524890750325,-1.6427182154450866,0.31241784208049994,-1.5026488855717783,-0.5853096622826162,1.9946675461701555,Normal
-0.8739145037684697,icmp,ftp,RSTO,2.148950129720117,-1.7280705036245023,1.3419748025417138,-0.663244990264098,-0.7628325136094091,2.3044200535757122,Normal
3.008375080658334,udp,dns,REJ,1.82235512572429,3.1100294076904884,3.284287820024554,0.008082827344364274,-0.34827965790714877,-2.199774383546174,Normal
2.4290877092250085,icmp,http,RSTO,2.8020952529446097,0.3709109546866841,1.8187992874747385,-1.7590328697162874,-1.2228491108556423,-2.5086420138591095,Normal
2.089902088669654,icmp,smtp,SF,1.182863232147489,-2.7238286295179015,0.18604723507676768,-0.529272562719517,-3.324274530897155,1.4362814064613723,Attack
0.8839213418136878,icmp,smtp,RSTO,1.0210682654131844,-0.2417506908361855,0.20078134106959278,-1.2277819062252235,-0.8341033377823331,0.24412271829576748,Normal
-1.071878961419954,tcp,dns,REJ,1.8307697834765908,-1.9908336974695513,0.5898360982673589,-0.2550543319860783,-0.7660987050582155,1.7977023512660284,Normal
0.9494020329945868,icmp,smtp,S0,0.45007172246165494,0.11710135322921067,1.7496593060595458,1.6405217267206076,-1.2101578843973502,1.4582660900833884,Normal
1.6013192481046508,tcp,ftp,RSTO,1.5861605592810704,1.4922465339893112,1.7158419337425346,-2.3569520763711758,-3.7331339406136776,-5.465324594372327,Normal
-0.19889481115946245,icmp,dns,RSTO,0.38960709838740715,-2.0247284904421665,0.5036258050580409,-2.4456553576175564,-4.163637784489751,0.6013052365355056,Attack
-1.0488190965084698,udp,smtp,REJ,0.7673465359856688,1.3289543259945769,-1.8659252812074865,0.2774458740187611,0.26263460857776555,1.9006406682732164,Attack
1.6629943241531147,udp,ssh,RSTR,3.1836955919463947,1.3764615404166782,2.6779025416593525,-2.4434735028177696,-3.8347651417047732,-1.1923803324399869,Normal
-2.1336892831714485,icmp,ftp,REJ,-1.1620138087401992,-0.12482823428492573,0.21552370084928685,0.12047440062065817,-2.4171375573994753,0.4937882625055775,Normal
3.073596119671119,udp,ftp,RSTO,3.275725038363163,0.6388666726098537,2.5350786587646996,-2.4007136949551544,-1.4817663531709455,-3.3812314935553403,Normal
-0.0044825186518584435,tcp,dns,RSTR,0.306545218626735,2.280962713093725,0.6799273859843695,0.32251782045449184,-2.748442373721317,-1.451110465780441,Normal
-2.007173826302293,udp,ssh,REJ,1.1379972987877485,-1.4278169638138396,-1.586020030321336,0.08182108272803368,-3.486465871905282,-0.603640597858196,Normal
0.23743533328218536,udp,http,RSTR,-1.7108451616435167,-1.3951134875075917,-0.6792514603457163,0.7153395980246768,-1.4597087738102348,2.9248588612009394,Attack
-0.2849535572806894,icmp,smtp,SF,1.8800161038523266,-2.2897906317297716,0.22325322373919576,-1.0232780152356082,-1.1982469807500198,1.5281502705390106,Normal
1.882363954212824,tcp,dns,SF,1.7220712068433346,-0.9757044235731103,-0.11171852748340583,-0.97372040240582,0.9140399559958199,-0.6166055722838353,Normal
1.2772342052654517,udp,dns,S0,1.7677166379140528,1.456804648389634,4.698304829611941,-0.7664651707676466,-1.3021655983108147,-0.9620437168081717,Attack
-0.7119852433716459,udp,dns,SF,-0.4476099506785516,0.08430033214791788,-0.5093729708045054,-1.1196723462927545,-2.4736844920609986,-0.19569399613016691,Normal
-0.7045158193125873,tcp,ftp,REJ,0.5362643994273772,1.567061635797491,2.250316334209489,-3.0764162163049082,-6.603982282159728,-1.1426300631905473,Normal
1.6155375095658009,tcp,dns,RSTO,2.8597418998619695,1.480961876203943,2.017419591764053,-1.0581354462974113,-2.0158910476852667,-0.7174789188853387,Normal
0.20086156058460639,tcp,smtp,SF,0.2535169908014311,0.666794656188703,0.3113854290983584,-1.845397943550453,-3.0057165399493697,-0.03651539852145491,Normal
3.7359962772963846,udp,http,REJ,2.2888477089138624,3.3451668534396837,2.883032244661565,0.1102126658817284,-0.09048579852201999,-1.841024683183428,Normal
0.5626062543848726,udp,smtp,SF,1.1458197140619941,0.264756057669992,1.4723810651822742,-2.250314057803013,-3.173482081251123,-3.0360476813895483,Normal
-1.7875373918553041,tcp,http,RSTO,1.1758697283215185,0.8027660525754439,-1.2418513241004705,0.31725467694006904,-0.9555037812465137,4.565613816945623,Attack
2.1697703705532283,tcp,smtp,SF,-0.479967792810972,3.4933983959186885,0.8668964894702237,1.5406218720345732,1.044676809320967,-1.1174295082934818,Normal
0.11403971139926221,icmp,smtp,S0,-0.4433026549527157,0.7395117159377057,-0.3007978402521565,0.07366307166832775,-0.6242595037677019,0.24650232182599563,Normal
2.8192215415205926,udp,smtp,RSTR,1.9089270772409852,1.4448925305234543,1.7747307632648477,-1.2836803142904112,-0.43339853124894046,-1.070176877781959,Normal
1.2946413398160033,tcp,ssh,RSTR,1.1158987887849987,0.3506824202022135,1.281944198017038,-1.6278772305079783,-1.4256306143201591,-0.13593131958698756,Attack
0.5906491158300693,udp,ssh,S0,-2.0135013394852344,-0.33539524405875787,2.967570576365329,-1.8529265127094168,-0.7576765151479508,-0.04428639877906537,Attack
-1.8642445451278544,icmp,ssh,SF,1.4521406980660472,-2.805148526167061,-0.5910283068372912,-1.3967499376966992,-1.6193196086540298,0.23404625778245625,Normal
2.548276036242139,icmp,dns,RSTO,1.1954889834301525,2.6563385576391196,2.082142058559371,-0.2733228146631821,-0.48750861569381876,-1.1669212184470836,Normal
3.6889760739502253,tcp,http,SF,3.2717845971744497,-1.2007415148358505,1.8121240905118456,2.5442979434077895,0.9982997921922345,0.14227119795578524,Normal
-0.5978130796127344,tcp,ssh,RSTR,0.9584510727402111,-1.6104640397933263,-0.3414469603366339,-0.0006122215444983592,-2.0580873268641313,-0.9111509987271753,Normal
4.256094882849991,udp,dns,S0,4.032796935362843,3.124036066096912,3.962050867610872,-2.9513743830369252,-3.0923112216744557,-1.0201960621730888,Normal
2.168747352787087,udp,dns,RSTO,3.4395221339248367,1.1665901986528637,2.620753166277991,-2.6668064667220603,-3.8677606538957177,-6.969258764934333,Normal
0.00381036272876524,udp,http,SF,1.1252178737016822,1.5963027931766316,-1.0479209524133086,-0.7615243826063827,-1.4950807352922861,1.4803929751621931,Attack
1.8858498988406467,tcp,ssh,SF,1.106094971330309,-0.05554935890727375,1.7430740877946085,-1.9261282758497331,-0.6566353479499352,-0.9312412009497868,Normal
-0.09781411322255233,icmp,smtp,RSTR,-0.9132192386502425,0.8022133527458883,-0.3101671565368269,-1.6396339096687602,-2.722453736301668,-0.6187413283620994,Normal
0.36878496206684236,icmp,smtp,RSTO,0.7617630676860007,-0.18621415454184276,1.310983605904248,2.363010736846419,-1.1215366270798814,0.30159064592652185,Normal
1.3151224638920296,icmp,ftp,SF,1.473436680376646,-0.7032968162239679,0.3831761691365062,-1.3577343055908253,-0.12492701077285662,-0.20940527416767474,Normal
2.7409744840695907,tcp,ftp,SF,2.748447980729064,0.6931429702918124,1.1618966689369516,-1.056838495987249,-0.10594035524009182,-2.3351313951599346,Normal
-1.5296234667667428,tcp,dns,RSTO,0.4668777427684144,-0.4563969060328553,0.20412904049040326,0.7635307980029893,-2.7039346213026407,0.4814560747321309,Normal
-1.5873671520422024,udp,ssh,RSTO,-2.344746135629914,2.145378765361709,1.5391051696699425,0.6426538440429108,-2.468527145060534,0.35161594359720416,Normal
3.7480263196425416,udp,ftp,RSTO,3.16949836713805,0.3285016524333646,1.1307119494014737,-0.0862677728653396,2.6754834376975936,0.7884219518846547,Normal
0.7506054270131441,tcp,ftp,SF,1.321106792669498,-0.1512897609690127,1.3744544324044714,-1.9570666098602618,-2.35444736090892,-1.6892188223560893,Normal
1.4700450966540155,tcp,ftp,RSTO,1.063328324118657,-0.7088588531807714,-0.05374301151344518,-1.2467391248386361,0.13804698248740133,-0.9446238010085091,Normal
0.5400689501802588,tcp,http,RSTR,2.5007989001177977,-2.1378666899510907,-0.8722017332752892,1.0839573405358829,0.27769412940165017,0.29442205726233195,Attack
2.4769900945971233,udp,ftp,SF,3.500453561614958,0.7923725459167363,3.223961932941405,-2.9012494524567343,-3.052948244563439,-3.2444194503549406,Normal
-0.12252821354842518,icmp,ftp,SF,1.9200126288265376,-0.7633858062884249,1.6316582839112965,-3.3174865907459576,-1.7799113071231474,3.6939896021176692,Attack
-0.8824763841651094,tcp,smtp,REJ,-1.9596861518785542,0.3609396759948109,1.5507209046678803,0.7892236487247615,-2.9138556766713197,1.6189807728510888,Normal
1.2950934440932271,tcp,smtp,S0,-0.231282985831343,1.6399029483877503,0.9079687379182942,-0.18202584679785017,-0.2700079922226526,-0.3723173041786584,Normal
0.02673252924505903,tcp,http,S0,0.3167452823639696,0.7444837389817817,0.3934400126050529,-1.9367921034949362,-3.277155519503391,0.30310085250003893,Normal
2.106020871010648,icmp,ftp,RSTR,1.5993808313182705,1.3249837888418665,1.1574655469294404,-0.017231527664715918,0.546028079464197,-0.2690941983712546,Normal
-0.678199604225416,icmp,dns,S0,0.7361091415782488,-0.6792422453251705,3.0052599112479443,0.817517253796406,-0.6123431672670414,2.3384709579382132,Normal
1.424803065789715,icmp,ftp,RSTR,-0.13461620801866414,1.609243959768805,1.3385055912197905,-0.6050567163171079,-0.5600507582991863,1.6271864515553172,Normal
-0.2861774477756274,udp,smtp,RSTO,-1.6663575729281495,4.2291887282458696,1.5236360901115402,-0.13698737779038916,-4.181629803757128,-0.8755334853264288,Normal
4.314883103600032,tcp,http,REJ,3.1500107909014696,-3.4030936656149366,1.3665233288884255,1.283297131909187,-0.1967120284060937,-0.7033065607328404,Normal
0.26967099857120214,icmp,ftp,SF,1.9705287145734163,-2.5811494732050906,2.2151548926534157,-0.22377105091403626,-0.6271920490930729,1.898336079110462,Normal
-0.2722764848339069,udp,ftp,SF,2.594944591548721,-3.1155965070329716,-0.15986501490766658,-0.8284970806340597,-0.4958060690213948,0.3249924064803229,Normal
0.6437506679527498,tcp,dns,S0,0.28355945535020644,-0.6790441048253057,1.642056960423302,0.8104285333618435,-2.9222243679662316,0.49344146846263337,Normal
-1.20112114201361,tcp,ssh,S0,0.6908492535559893,-0.275106941226097,-0.3458766353969178,0.671677536096545,-1.2442175384939294,1.1186033537999163,Normal
3.320918816998541,udp,ssh,S0,1.4802343285620942,-1.2356599453860968,1.3341027508955243,2.5679389469441043,-2.878150516450665,0.19487333933009732,Normal
0.524811969948967,udp,dns,RSTO,2.9774156033779646,-2.7795138912349406,-2.298137201953564,1.350150843408916,-2.7761338212785365,-0.5877765138139852,Normal
2.751313045924543,icmp,dns,SF,0.6269952265115444,1.8653598893718066,0.9001884609762844,0.15858839520353385,1.2916977190893948,-0.18503287779306554,Normal
0.7905790071071667,udp,http,RSTR,2.1306484177737377,-0.8563328256551757,0.6589240374214095,-0.3349193054520485,-3.4690282261996552,1.9983935751595991,Attack
-2.9242251423270527,icmp,dns,REJ,-1.0986698411251803,-0.6723240149961528,2.2231173708612286,0.8999758384464842,-1.1498160696008675,2.0764611692900345,Normal
3.763376464619361,icmp,ftp,SF,3.947074868849666,0.0675512791895605,2.7432082495273145,-2.4437548923563357,-0.39990177737424815,-1.8762233886986628,Normal
2.1043259342729708,udp,dns,RSTR,2.177351960703393,-1.4155615186826958,2.120776376808964,2.4015794798684196,-3.011703375203134,2.2957134485338377,Normal
-1.4522753466643572,icmp,ftp,SF,-2.8420864226351945,0.7221776614945945,-1.1740607168743833,0.8681703910922267,-2.519567830662913,2.6910014408117244,Attack
0.13893459974877448,icmp,smtp,SF,0.7141328464465677,-2.6676096290367948,-1.430341821534491,-1.4495523471667808,0.5844262017543886,2.574882275627662,Normal
0.8865312886665159,udp,ftp,SF,1.629655898441425,-0.8144532465791976,0.3250312703197308,-1.172663035993945,-0.08777574002144484,0.8577918048154549,Normal
0.9753543173180393,udp,ftp,SF,-0.30856633748005446,1.019164589304265,1.1311096901127227,2.485659275422042,-3.2410907726817615,0.5585798254326433,Normal
4.2425449953963055,tcp,smtp,RSTO,2.4403755997033305,2.4516170878069463,2.4235182260888033,0.09430690117321516,1.5039385647757815,-4.319374726979359,Normal
3.4831606423127988,icmp,dns,SF,1.8277322415813542,0.13982270576871247,3.5472299376965153,3.8582077197856353,0.2781911253611262,0.14192902574787325,Normal
-0.8573384965322149,icmp,ssh,REJ,1.088807065142976,-1.7766117211667316,-0.1730385339212499,-0.3026547578532477,-1.332093429910226,0.3630320139318639,Normal
2.9093307719718493,tcp,dns,RSTO,2.240394456934644,0.6978497374209716,1.3763025870670391,-1.178014446645435,0.07221481734577817,-4.403871200215305,Normal
-0.4443012678197929,tcp,http,S0,-0.8590642921633598,2.492355985174669,0.4805135651623822,0.5632506506495536,-2.1913993606750237,0.650092439402832,Normal
-0.1003558666746159,tcp,ssh,RSTR,0.23332161493151327,-0.6464861595525165,1.2520429927817296,-0.22926829281212147,-0.7672821723916059,1.4929028282696133,Normal
1.0804337543625722,udp,dns,SF,0.991693681172744,0.770645216474557,1.4772037156101065,-1.268251520074506,-1.6481704045173065,-0.6630117832997596,Normal
4.246465145583304,tcp,http,SF,2.38224549055254,4.4043955760476035,3.3093848127421563,-0.8047161641900158,-1.5309625837546545,-4.702803819338815,Normal
1.3922151997865801,tcp,dns,SF,2.07028841250625,-1.618998050836748,2.480302676514265,2.1417720881199527,-0.11349267710164945,1.3258768861249521,Normal
1.6170750193681551,udp,ssh,SF,1.1166937259399892,0.6372751836259806,0.5714005487304519,-0.5463037699487945,-0.2566400907629375,-1.2726946300140027,Normal
0.44520694775238223,tcp,http,RSTO,2.07622749696747,-1.4348518072467145,0.8581502829778807,-2.1431174201318353,0.6361051170275247,1.5118981661437614,Attack
-0.19423533287994718,tcp,ftp,RSTR,-0.46329482114352616,-0.6638972257483953,0.8076988087042468,0.3965141776741248,-2.453675009152935,1.3015940422710823,Normal
-0.1510735157637604,tcp,ftp,SF,0.4196735502177513,-2.8101180405150847,-0.8259378692168595,-2.8456813199632425,-1.2131158378643763,0.4551691120865766,Normal
0.24380764555993487,tcp,ssh,REJ,2.0149169612849924,0.11781298410507324,2.209899625691137,0.12691459679734085,-1.6611807345475895,2.601529825255552,Attack
0.4023484157066738,tcp,ssh,SF,0.6681359318188167,-1.5205406652655613,0.02133600006333425,0.23540762246320168,-1.5315515376057367,0.526340826651879,Normal
1.6364670342566565,tcp,smtp,S0,1.4093842382050612,-1.8864125849865103,-0.21132730144233047,0.10075399224057158,3.128303901852287,1.2477144311083186,Normal
3.1818875382280374,udp,smtp,SF,2.264863971155659,2.880761535103365,3.0518379635270576,-1.5107679804590113,-1.9555409248463869,-3.203571717325531,Normal
3.5127730500910723,icmp,smtp,RSTO,3.4810366582715178,-3.5418463604058097,-0.21425039875898966,0.5213320646348487,1.0187816899083382,0.013864635391445224,Normal
0.29310436487073327,tcp,http,REJ,0.752160282943359,-1.651940760770507,0.9388168733350161,-0.17555192283235788,-2.401430906500527,0.21366101112725022,Normal
1.862765569044988,tcp,ssh,RSTO,2.4497349913649855,-1.0899276091683099,0.468140389848563,2.2783648873891535,-1.4204546718298938,0.05038324485295187,Normal
-1.9503453182801458,tcp,ftp,RSTR,-1.247703783171322,0.31036850835222496,-0.642258174954901,-1.9051881494706573,-5.2626258847454706,-2.03699687891053,Normal
4.343518329704528,udp,smtp,RSTR,2.4653709283858816,1.0342087269966338,1.9318746048089865,0.2358422060634593,3.434916461987716,-0.1331470749319038,Normal
0.5110581439639951,icmp,http,S0,-2.7667247753333473,-2.003595365641178,4.390744277567286,-4.505174950140268,0.4161413369063409,-1.2817741232731072,Attack
0.21104928127502806,icmp,ssh,RSTO,0.33448263071245565,2.941417717483054,-0.2516996719376041,-2.3982336193498988,-2.9313971806382697,0.9666118509610826,Attack
0.7941089272535811,tcp,http,S0,1.1743108843012204,2.375419948771447,2.783706682742423,-3.4020513438019977,-6.512484444268273,-5.469804321993997,Normal
1.837157742010524,udp,http,SF,2.9337057660336257,-0.05185762271170047,1.712090979642468,-2.4279933327289074,-2.1667983996801015,1.567589707918947,Attack
-1.1567935384630776,tcp,http,S0,1.195158851342066,2.0379471479115683,-1.2942917501638087,0.5212882689981344,0.03149951823852293,2.2601338732414855,Attack
-2.621234922703255,udp,ssh,S0,2.0682493494441347,-3.448410011948053,-0.31555035304614143,-1.1239647113930813,0.3977578122766181,0.04276916603373371,Normal
0.8551106451991937,icmp,dns,SF,0.014892500036913336,-0.8838791725014428,1.3533951321607336,0.4759352988398372,-1.8890238726635409,0.6425797853083529,Normal
1.5232316602710545,udp,dns,S0,1.4271344295058235,-0.9689443693977832,3.3605894913376924,1.8215519550933688,-0.1130251950687915,1.9529837063711177,Normal
0.6795947328883678,icmp,ftp,REJ,1.0934553245122867,0.03505246755497726,0.998208341289211,-2.925625431130295,-3.7875103583323844,-3.328562953917141,Normal
1.225765101409508,tcp,dns,S0,0.1386656314114456,1.0937833576884939,2.3677197966373464,-3.593433512119489,-1.747454922476317,-2.96226251449021,Attack
3.277711209975847,tcp,ssh,RSTR,3.098541138127235,3.32183368048159,4.149653128703495,-0.6661303120620814,-1.8519758033319613,-3.04690520227451,Normal
0.7611923028521352,icmp,ftp,S0,-2.5647946003402837,-2.1524118938412373,2.119379130493865,-1.140935167932693,-0.670891369625189,1.5455036185201156,Attack
0.9183195887908757,icmp,ssh,S0,1.3718315913074672,-1.6640780859595556,2.6810654077673908,1.4564880175394448,1.7867454064609998,1.0240716876762228,Normal
-0.2470956691417294,tcp,ssh,RSTO,-0.6973189417494443,-0.06537440960541496,-0.3826460367038449,-1.8436966094112868,-2.3359738471086993,-1.8410432304312812,Normal
3.2096624366462696,tcp,http,SF,2.372779804725546,0.8117708527241025,2.4007764728665992,-1.0303061293044116,0.3999479682109659,-1.4466628602011176,Normal
0.652183228765198,tcp,smtp,RSTO,-3.094275414988505,-1.4334786372728472,2.295761024218304,-2.433766649708568,-1.355365925140346,-0.2766552192795153,Attack
-1.116734301347084,tcp,ssh,RSTR,0.9944178767407615,3.7578062655772193,-1.7839688870752348,3.6805257710605863,-0.41650328292126226,0.5276706176391035,Attack
-0.6180394438413499,icmp,http,S0,0.9539802238024421,-0.6113694951077695,-0.13918817340969647,-3.3836684164467252,-4.887453027558763,0.3571377848602566,Normal
-1.3506778477061077,icmp,ftp,S0,-0.21086098035240375,-1.51986273435775,3.0193761794924328,-2.1341169097704267,2.205670941690647,0.573826792139422,Attack
0.5121908578699605,udp,ssh,RSTR,-3.2044063963291016,0.5538133155025635,0.9489485846448402,0.7690637662867026,1.318583134991997,3.75099410059147,Attack
0.9740987660698383,udp,ftp,SF,-0.5404258262691912,-1.5036173821786796,2.6059980944846233,-0.8501190760885068,-1.6002405409926632,1.7026608105997232,Attack
-0.02083172124905702,udp,dns,SF,0.07517175423138478,-1.0741249431192172,-1.0784358251956427,-2.511509009954497,-2.170719353286791,0.6022680172655313,Normal
0.3815674183471318,icmp,smtp,SF,0.7893817044259208,-0.9199173958847592,1.6771482144815275,2.5737702048568654,1.2885739717993956,-1.0576491596965334,Normal
-1.5798670668254582,tcp,dns,RSTO,0.6962745475747799,3.2766024772185953,-2.3834181676834105,-0.871973727648702,-0.8047318068485363,2.7271172135127184,Attack
2.0019767843725065,icmp,http,REJ,1.8343775037831471,-5.104411529084706,-1.772534430136604,1.7370003275383015,-1.8606407546810608,3.780952719122361,Attack
2.7844211106122834,udp,http,S0,-0.4449755294929576,1.2502216714367345,3.8067671124183264,3.344976979202983,-0.5467301689036486,1.4263711926351816,Normal
-0.6349027363686685,tcp,dns,RSTR,-1.5407913433164953,0.5389393428276179,2.1769399920099715,0.44959588754021007,0.6262992505018203,-0.49820886378306106,Normal
-2.9373667334427402,udp,ftp,RSTO,0.09193564412262989,-1.4154138047107818,-1.2805342890767681,-1.4193381397496347,-5.536249793567491,2.0941642483725484,Normal
2.198508110422656,tcp,dns,REJ,1.8900902731947269,1.2155687775006927,1.833075063723117,-1.147014063215062,-1.0282449864895082,-0.6159038868103568,Normal
0.2054861098951785,icmp,dns,S0,0.8681346432703341,-0.5018548279223388,2.20958678285234,0.2342643500896583,-1.394728352332908,2.218928252808312,Normal
1.0892996018458347,tcp,ftp,RSTO,1.463197933918373,-0.5080009508047956,0.49183234144614985,-2.5053245167781677,-1.8799398791009776,0.8268155679338423,Normal
5.752690094383064,icmp,smtp,S0,2.5030823993933113,6.482960521398079,3.224647025973336,2.3357529670656354,2.352134494819849,-2.143082186092445,Normal
-0.7464876709898441,icmp,smtp,SF,-1.1037489817665866,0.5880917931710408,0.8476391283099799,1.7411519651597072,-5.548608833325372,0.0903064454425504,Normal
-0.6299710721787273,udp,ssh,REJ,3.0948417858211594,-2.940353972785954,0.3660832182214133,-0.030109711096232283,0.6787195791077407,1.7890075773344223,Normal
-1.3646173332559135,tcp,http,SF,0.2348026408233157,-0.6555922805892268,0.7288660043114834,-0.3441867382383894,0.3293083154986105,0.7447899430603171,Normal
0.5244649243548901,icmp,dns,RSTO,0.18401616157905554,-0.5392395523607576,-0.6021172462712054,-1.4025146716125103,-0.7812568836920836,0.3321277940252165,Normal
2.0014802763222552,tcp,ssh,S0,1.283337295381675,1.1819865089647736,0.5509527557419268,0.5336632559957606,1.2029597031761932,0.6319674463028921,Normal
1.8989150783952156,icmp,ssh,RSTR,0.3254143572142787,-2.3575500444673754,3.4028444889084235,-0.9367723053496798,-2.1842573358194475,0.09522848263621142,Attack
0.7964385515725144,udp,ftp,RSTO,0.5896820378391431,1.6212917880357383,0.9078594231977226,-1.267645320214384,-2.7397647167953645,-2.4330099157817635,Normal
1.9352073792630624,icmp,ftp,RSTO,4.203866690096989,-1.8899212585322434,1.794854505744487,-3.792634635566974,-2.5901828396064275,-1.6029074155519882,Normal
2.8641751729586944,icmp,http,S0,2.254112405756035,3.073031574217308,2.2445961739805305,-0.8523975729908879,-1.9317363508920162,-3.8564660379447555,Normal
-1.2325888321773892,udp,ftp,S0,-1.1012531164265913,-1.0211775648342867,-1.5406704051614328,-1.5974235424020315,-2.21784083529434,0.3711866130839503,Normal
-2.077588386473417,icmp,smtp,REJ,-5.708940835955224,1.2555743559836365,2.2335203423789034,-3.4549923786943153,-0.4888774053784932,-1.9329018486305496,Attack
-1.3510768902799302,icmp,http,S0,0.9933111373188095,-1.7237234326548907,1.0687452996593554,-1.0309529847698267,0.47357602170499646,2.986775689826687,Normal
1.2759493144973382,udp,ssh,RSTO,2.065760564386425,-0.7167073006027576,0.6353649491218507,-2.2879694138127196,-1.5912469179422337,-1.3457941093320887,Normal
0.8012263045783597,icmp,ftp,S0,-0.35975767362279254,3.225627204571425,2.260201635883817,-0.12364455673174979,-1.7720023533350484,-1.9408815744659997,Attack
0.4974230394858574,udp,http,RSTR,1.122578817890782,-1.9263804035055743,-0.6431441385940166,-1.8718399874270648,-0.4992957416467052,0.32645332965072793,Normal
1.2558995624772427,tcp,http,S0,0.3388069517196125,1.0184813231425471,1.0044495837033334,-2.5884104965790478,-2.8406437017337485,-0.1795971284905269,Normal
2.243038407155104,icmp,ssh,S0,1.5040101526811047,-0.7388367583357232,2.006549078587661,2.8749652820609057,-1.0184346143763887,0.4008536473201981,Normal
-0.17357307426344426,udp,http,S0,-1.5448333694555108,0.8447306663337613,-1.191331745588001,0.025045971886754836,-0.9330292440980614,-2.0570711847359497,Normal
-2.441630832063987,icmp,http,SF,-0.2372729783665788,-0.019606997515060454,0.9749820507468853,0.2240409727291165,-2.04507433914655,1.783458949474816,Normal
1.2432245350993865,tcp,smtp,RSTO,3.1228431323184926,-3.4684207429706726,0.6421867543630293,0.006088334051744582,-0.8935461986717197,1.1383427984343482,Normal
1.1972130448070706,udp,ssh,SF,3.218452534650836,-3.021659725169355,0.38260552462269926,-0.1507672939228626,-2.0673820552997273,1.50444221173777,Normal
-0.17143528464233776,tcp,dns,RSTR,-0.4898116423442831,0.2049004318319123,1.672413382489239,1.6302130305649851,-0.29352676202714767,1.838044662746833,Normal
1.7841447062935565,tcp,dns,RSTR,2.218527400739176,-2.1485185060570977,2.6359180796432895,0.8420791503665341,-0.12589855043158793,3.4012401366886302,Normal
2.079937057566021,icmp,http,S0,1.7540101403742818,-1.0632870589558818,1.4548877127177189,3.078182503486099,-3.9149591751575397,2.0491979168336574,Normal
-2.1863699890041297,tcp,ftp,RSTR,-1.0004255061548277,-1.0333064099867966,-0.9783435587963059,-2.350254440412466,-4.173627563631829,1.458784688427749,Normal
0.24092701268129288,tcp,smtp,REJ,0.8268989026280774,-0.16638982043643913,-0.23419220021330545,-0.18235327577384852,-0.30135442302597704,-0.023329520137673088,Normal
0.9877696749903636,icmp,smtp,S0,1.2006548022653485,2.4534362669571905,1.3204845584048646,-1.9720768249805893,-4.38852056793497,-3.668731019099741,Normal
-0.12773005112662755,udp,http,RSTO,-0.03442080254236579,0.5801484481270716,-0.5442659493204869,-1.4851698477070514,-0.31384902320372543,0.2814123482385288,Attack
0.7989293775823028,icmp,dns,REJ,0.11230729051352095,-2.6148460652388024,3.3327119686339506,0.12694585986441842,0.5500774487021558,0.1739207161878149,Attack
0.07948611652754359,tcp,dns,S0,0.7191903251225302,-0.26155981481617385,0.9559565364311571,1.5237843324552962,-0.8315968599071275,1.5173320496172058,Normal
4.697837840894567,udp,dns,RSTR,3.7186326208946077,2.008040932540198,3.6608238743865504,-0.8767581049554989,0.9029257674249938,-3.0774148673970556,Normal
-1.4533348188164945,tcp,http,S0,1.2011397520921996,-1.9042669827599683,1.1954885880699295,-2.0186794350808617,1.8614830622994667,1.6796075999177869,Attack
2.8956870100896723,udp,ftp,S0,0.1899294029178088,2.8741342707922617,0.4494410712896635,2.2252409170561687,3.260344319317743,1.8848864991379286,Normal
0.12835002848370772,tcp,http,S0,0.6355121406284674,-0.6088393573386424,-0.27327801963361975,-1.6471271092467274,-1.7764510610903796,0.5574236911064163,Normal
-1.9309045930624509,tcp,ftp,S0,-4.028951058142958,0.5846367882682568,1.4645093761597263,-2.2567557120200794,0.7630945941095209,-0.09361874831485895,Attack
3.0271942301197767,udp,smtp,RSTR,1.768348687924999,-0.3904700836692,3.573042374544817,2.9460346099599484,1.534671119765041,0.5891908950822415,Normal
0.17033452651277925,icmp,http,RSTR,-0.8842426517425148,1.0989252166491799,0.954798779241566,1.431557675393043,0.19349792878005045,0.37561452914968696,Normal
2.5034438933935457,icmp,ftp,REJ,2.9510896687481454,-2.511788376051695,0.6131669992237293,1.6094243759036728,-1.3301541984404859,-0.41281615698404717,Normal
-0.8390586146004725,icmp,ftp,S0,1.571082192880597,-1.6033566452867403,0.5647489078461254,-4.353723207653209,-5.528385016028037,-0.16319802451145138,Normal
1.614245494587895,udp,http,RSTO,2.0285333799513277,-2.1351099270298377,2.044176294660704,0.41483449742807366,-1.3511757005801146,1.8441393309776366,Normal
-0.32080164607125905,udp,dns,S0,-1.5564921934913856,1.554750449363775,-0.5733272015101436,0.8070459741254139,-0.8586039881329304,-3.461505603956541,Normal
2.1048292573586203,udp,http,RSTO,3.9823730053204707,-1.0871452465037703,2.1353571122041206,-2.613716634076675,-1.3809819591028867,1.1929387731627403,Normal
2.13527761250059,udp,http,RSTO,1.9757716225335817,1.7128767897576513,2.2962345036595995,-1.6221217992477954,-1.7246509772928853,0.598602698859718,Normal
-0.4685265705385735,tcp,ftp,RSTR,2.9404524796211122,-4.257191540169032,0.5514959483751166,-1.427650950504396,-1.0768800256193427,3.205332554086916,Normal
1.6483907397654025,tcp,dns,RSTO,2.916151669378232,-3.0194655417705474,0.5897082866077261,0.9410216440069996,0.8604618246023064,2.618571118626164,Normal
1.383459118457779,udp,http,S0,2.7417617620043604,-2.1448943857573877,-0.23717338149043954,1.1808359087122093,-2.4827854358054875,1.1845116180665294,Normal
0.749915534191461,udp,dns,RSTO,1.0211353397248024,-0.3953014222371152,-0.010027572865419998,-1.915134648045174,-1.4840422323577176,0.16607042280100948,Normal
0.8795704177430522,udp,ssh,REJ,0.07517666590797556,-0.8700555255370819,1.6888387405564562,1.7409367422737971,-2.933930377924364,-0.003007347774082403,Normal
-0.09567245267926879,icmp,smtp,RSTO,3.247821275762461,-3.486564976426671,-1.1945527925981558,-0.5046897612293093,-0.8432561985908205,1.7826927938069024,Normal
-3.353748516448276,tcp,smtp,RSTR,-0.9153260466352038,3.0547254666599164,-1.932094124835677,2.6119925717966357,0.8541907982091759,1.4710689861776922,Attack
1.4899819116101747,udp,http,RSTO,-0.6383553357689649,0.8543657050130966,-0.08083395671151505,0.3201269444017425,1.3421663970354536,-0.7578885643934894,Normal
-1.111580243862945,tcp,smtp,SF,2.3523933996913553,-2.349967425481066,0.6565040974393884,-0.512216920246422,-1.2818637385537448,2.655975324323578,Normal
-1.8885074377175979,udp,dns,S0,-0.6144063349855793,-0.3459404798732416,-0.9070265215209468,-0.7658028813236575,-0.38153952461934604,0.724239076783457,Normal
2.195523624561694,tcp,ssh,RSTR,0.8529183688559381,1.7402786869823514,1.079391394598461,-0.04762553989502283,0.3224914143478712,-2.5337348207406487,Normal
-2.8200845870560354,tcp,ftp,RSTR,1.0809307334908271,-1.3891832890956781,-0.3287343972573826,-0.9853904296471809,-1.0889528651582687,2.471736024425738,Normal
-1.0603876557773135,udp,smtp,RSTO,-0.13465496130152066,-0.4070290405740873,0.2699066977063377,1.6804900251447896,-4.49352641687879,0.6961047765810691,Normal
1.79173465898087,tcp,dns,REJ,0.2074381553203486,0.234419097948678,2.209105545979823,2.717599301129647,-0.5933628350637118,1.7698154450757664,Normal
-1.5994216711411187,tcp,dns,S0,-1.3220894747262175,-0.5527043050247802,-0.6673340797531511,-1.8262709260642438,-3.5190742854782306,-1.1566498358897954,Normal
-0.4992004826065179,icmp,smtp,RSTO,-0.7066977633128666,2.6885998121435772,2.082688365710683,-0.877082307522886,-4.0779515850568355,1.4222751058539918,Normal
0.768969638546754,icmp,ftp,REJ,0.9474577768247439,-2.2352002294220483,3.6330178708586756,-2.9664562393542795,-0.5404461573270598,-1.1614698772900538,Attack
-0.2769629513066816,udp,ssh,REJ,1.3186759137634931,-0.4205437439208817,0.3977394320578471,-2.7019540886535367,-4.10842603286695,-1.3899777905019541,Normal
2.8019350046126372,icmp,http,RSTR,2.5407180218630363,2.37362626046197,3.0880491962573777,-0.7730842127937558,-1.1104679015737862,-1.7699303423932835,Normal
2.1638578584492683,tcp,smtp,RSTR,1.961509376537285,2.3143619195947287,1.9334939555843864,-1.158714777453996,-2.072703447848073,-0.6913565249719812,Normal
4.631263242399903,udp,http,SF,3.5537269443411046,-1.7737476039994866,4.220781339742334,3.3236706611152402,-0.9881802602378938,1.5362977477388258,Normal
0.8634669203888115,tcp,dns,RSTR,1.101916960575627,-0.4860503828906828,3.1362234923567747,0.9758155599364623,0.8004454902431777,1.6079439005929985,Normal
2.254633672392758,tcp,smtp,RSTR,1.2304688727418884,3.151195866121444,2.1259036495641928,-0.030376821478182103,-1.221548035093328,-2.864506995732186,Normal
-1.310061950168242,icmp,http,RSTR,-2.7645124037591393,0.9194465921206372,-1.3666728648290372,0.09898138288034852,-1.4600660014526614,1.109640793671376,Normal
-0.6752694787913918,icmp,smtp,SF,-0.02237471503266919,-0.13586953491458154,0.04701410555236962,-2.2954450336371934,-3.506119576599413,0.1484034216009842,Normal
-0.12230168158630865,icmp,dns,REJ,0.48479900290728783,-1.4455320217032783,-0.40866187912179464,0.6103200989352712,-3.484116595608685,0.457069506456224,Normal
-1.5982200771418646,tcp,dns,REJ,-1.452362903222192,0.3276226982648238,-0.3592142754412533,-0.8810407505724831,-3.423627804635093,0.7576871663511351,Normal
-0.5054726462011321,udp,ftp,RSTO,-2.619162667712721,-0.4388955766081999,-0.01268230811233062,-2.062591036869775,0.3461480466289697,1.8280785213138186,Attack
0.11575444724965515,tcp,ssh,RSTO,-0.014564011602557603,-0.5287192839676118,-0.05125248132489135,0.12438546722252741,-2.040364399574793,0.6843107785192352,Normal
1.628448647120413,icmp,ftp,RSTR,1.1854841120911201,1.6640392865672586,3.435701707841909,-1.8916939465232687,-2.255230839141559,-2.030874014381352,Attack
0.10997874354525486,tcp,smtp,S0,-0.6138795791910685,1.878239957353697,-0.08423074792640484,0.7170717160732047,-0.9581870284490811,-0.9941538888747969,Normal
0.7319852015519227,udp,http,S0,0.3019855431531764,-3.772339815646665,2.014340974408748,-2.3401072336741393,0.4838879386356463,-0.3274716211279525,Attack
1.108209426387309,tcp,http,RSTR,1.2610701316798802,-1.8216817142009138,1.2141572776762724,1.1341807136988526,-0.8130060463377663,-0.34957263116529047,Normal
4.564726357857863,udp,http,RSTR,4.77976118071784,3.2831042727457005,4.100157913680224,-1.199640263425736,-1.4110945093473748,-4.877780479063288,Normal
-2.2003085387965795,tcp,smtp,RSTR,1.469682487775673,-2.0882130275340063,0.3860199800804148,-0.21664627679897364,1.8832280092406632,0.37512123332434955,Normal
0.9858857152544993,tcp,ssh,SF,0.2760581562485762,0.09364749176000342,0.31854656783871316,2.027536478807551,-0.9020257460646779,0.32373579137786357,Normal
-0.1262013305905344,tcp,smtp,RSTO,1.061312231333833,-0.7194808205510996,1.39871209564562,-3.330786139970177,-3.998668349438297,0.9931820974935548,Normal
0.7962940982764432,tcp,dns,SF,1.7029728506906245,-1.3012753681699287,-0.17238038365867747,-0.37393252553181666,0.9688340532004278,2.048497311517754,Normal
0.5731540692239058,icmp,dns,SF,-1.227634349706995,1.3419850261558166,0.28121550375986837,-0.15227962377514626,-0.44900834910621445,-0.13893970847159365,Normal
-2.5099238454625565,tcp,ssh,S0,0.950785730943153,-2.2702744424877466,0.5291101995323977,-1.6541254871588578,-1.8081630430086744,3.9471699472568194,Normal
1.0489866842278806,udp,ftp,RSTO,-0.19497600448318164,3.416279246290798,1.8428360630335772,-0.3441745559758469,-2.350313762871504,-0.8207396895062049,Normal
4.318515765857246,tcp,ssh,REJ,3.740540331458229,1.4160571842490022,2.4285439746132917,-0.2507094625827293,2.013311145668152,-1.0722189676670908,Normal
-3.074162200680434,tcp,smtp,SF,-2.478273627136778,-3.2683008595950485,-3.507939183024484,-2.9963074491995547,-2.9501317672591436,3.645790621483129,Normal
3.914106531487559,udp,dns,S0,2.716775258661224,2.6421426257278604,1.7452674203152874,0.730213159843287,2.1726123766429093,1.010088654658586,Normal
2.7380695022078623,icmp,dns,REJ,0.5392048740293234,0.5996560467728691,1.4377419437875254,4.181092271765245,-3.937367194272823,-0.25127186775692056,Normal
-0.1490201225253811,udp,smtp,RSTR,-0.43395503753957043,1.4522915174401811,4.1200982926856184,2.9844519613468456,0.8922006108289868,1.7678721972308287,Normal
-1.5340977538758243,tcp,http,RSTO,3.4289190040748383,-3.2947617546614687,0.10380663004017754,0.07599286294112095,-1.0111567067692415,2.092586764516956,Normal
-0.5963452815162786,udp,smtp,S0,1.2118041374693118,-2.2269708844940057,0.3771057673993983,-0.7942167035725609,-1.2410890399676509,1.1909129035799921,Normal
2.181367466030127,udp,ssh,SF,-0.08160226474090715,1.4070947740092024,-0.9473092277509672,1.789327862871862,3.6193909298715434,2.8226514912043275,Normal
1.6306106664211673,icmp,dns,SF,1.5775825594476907,2.051538866487758,1.0517343689047947,0.05022475724520459,-0.9343156408080613,-3.1511166858213335,Normal
-0.2564172290062577,tcp,dns,SF,1.0914705026214908,-1.502788450981221,-1.5208090044361984,0.5522372270632899,-1.1702488015911972,0.44516785412779514,Normal
1.8167541706225556,udp,ftp,S0,3.5720511287482166,-2.9363808360085204,2.091327534076423,0.9421864296757775,0.4698181112330375,1.6432253908743828,Normal
-0.5246168482399356,tcp,dns,RSTR,0.1195070181904001,-0.09287505984184286,2.5108556165254585,1.4800526596040093,-0.5048872188780849,1.0360417888838445,Normal
1.7762422612586424,icmp,ssh,SF,1.110438007499367,1.162779232282322,1.6408123974194098,-2.7185052186195016,-3.054310305317058,-2.439734238902753,Normal
0.10209861694496376,icmp,ftp,RSTO,-1.1057358160334048,-2.689367538193662,-1.1064169711247764,-0.1535772045021605,-1.1504709498251418,2.054872412641364,Attack
0.9165830333789722,tcp,ssh,REJ,-0.14054781961374152,1.1674202947605679,-0.643321964280414,0.38231938587596925,0.42669397152307686,-0.13763938188031932,Normal
1.0034196907041297,icmp,smtp,RSTO,-1.070441026220215,-1.4268004143668591,4.920517358966495,-1.8545870976060481,0.008851964062829731,-1.1575477634878135,Attack
1.0203495931094795,tcp,dns,RSTR,-2.715539776043679,-1.1448311097588613,4.151254419356862,-2.563917256152883,1.195073102472418,1.1837365282366432,Attack
1.955588968735683,tcp,http,RSTO,1.3694101423334053,0.6623924453365936,1.0681633520884855,-1.449116536449489,-1.2047615848482056,-2.547368987753764,Normal
-2.895253145505788,icmp,dns,RSTO,0.6991011464091526,-0.8366870705590772,0.6298879633784498,1.0254091957705997,1.9415382176931928,0.8355702748438925,Normal
1.8289812399056748,udp,ftp,REJ,1.4659128642240837,1.7177874714390642,2.2537678701784087,-2.5534073522546423,-3.501977649480242,-2.956993028553703,Normal
-0.7846316562148997,icmp,ftp,SF,-1.0066969745044854,-2.197756322519158,-2.200645000355963,-0.14172558473040497,1.1124875922324247,1.4362573348648806,Normal
1.0672562132459853,udp,dns,RSTR,0.5420840102251895,3.322932813537886,2.3530177214412804,-0.4285045755240974,-2.764338756925988,-0.7174233445142497,Normal
3.9576932768145445,udp,ssh,SF,1.1245075648106655,1.3574107295714164,0.24268319606236444,1.3145926170932847,4.445314548287848,-0.41789126025241863,Normal
-1.525564159622195,udp,ssh,S0,-0.3769903970416484,-1.867600317477268,-0.532636913547148,-3.7570533975261426,-4.738531934879013,-0.42176990990309127,Normal
0.14627510766009671,udp,smtp,S0,1.499732815227212,-1.7341343585282372,1.5736267749418775,-0.09561530259790252,-1.2689107214673077,1.1222420512935678,Normal
-1.9950058046106043,tcp,ftp,S0,-0.44111852615806346,-0.5786016590048693,-0.7383939200978407,-2.098952865252821,-4.586344397667192,-1.2701588003871842,Normal
1.338635666880686,icmp,smtp,SF,1.5724927390960761,-1.1499519901265716,0.01908958208034517,0.7379133617846716,-1.8098276402222377,0.5838888771273595,Normal
0.7141471172724384,icmp,smtp,REJ,-0.5709748342340764,-0.2494780371459675,2.156995208589062,-0.6547741729842687,-0.7412315748284016,1.5688692154954615,Attack
2.5094949001577294,icmp,ssh,S0,2.5313724845665373,1.1888614545443592,1.5949194310379984,-0.5615291775615523,-0.19990329637550597,-2.2061051183289173,Normal
0.1964508698293116,udp,ssh,S0,2.7830954641641448,-2.8780965679894117,-0.8423045864191232,0.9176219842032858,-2.3110552924119827,0.9103080041626701,Attack
2.90967072603885,udp,dns,RSTR,2.5458185670190683,-0.29190704458686967,1.208676575286621,-0.27786179917950404,2.2233875978404303,-0.22658517756118723,Normal
0.6202137740364303,icmp,dns,S0,2.2164207318327587,-0.599855732913045,1.1762607589401042,1.3825389666817505,-1.7004257523388584,1.1629576203176095,Normal
-0.4162615020791673,udp,ftp,S0,4.2731221779587365,-3.3161564688948615,-0.351051184743123,1.5354098500034143,-2.615188019455001,0.9500736941990625,Normal
2.175572568875423,udp,dns,S0,1.1234737210592198,0.30663629077519927,0.4123492276924333,1.1650572575389848,2.682059437767438,-1.924986933328919,Normal
2.108435942709194,icmp,http,RSTR,0.9297160483779856,0.5409063146609088,3.7847490276158484,2.3667348239682644,1.7922097639533656,2.0377231772634756,Normal
-0.29484656210204563,icmp,http,REJ,-0.3364999110744995,0.5827927730199245,0.27643427555945566,2.475632757957119,-2.5942141432499906,-0.5187679805717804,Normal
3.2457776168094457,tcp,http,RSTO,1.2172375903107073,-0.3699055916192312,2.5603222306824347,2.1410458729114796,-1.0934621835537304,0.6645183994479378,Normal
1.0978885898169117,icmp,http,RSTO,0.9423341093380397,-0.19184742640858965,1.3471616024031519,1.3508344824315779,-0.8424767132433468,1.3757450984396078,Normal
1.0414515989205164,icmp,smtp,S0,0.7699376738890611,2.4484401176545676,1.4693446607117941,-0.9054292326241142,-3.020164081764687,-3.4767839505947893,Normal
-1.2086059346321683,udp,ftp,S0,-0.31316017214760716,0.18211778760485187,0.5028134526782788,1.5018364960971013,-0.9836250154846,-0.30063167034289506,Normal
1.83069235016841,icmp,ssh,S0,0.3690056260081557,1.6374684121735348,-0.12423089145908528,-0.037949632524073795,0.10248576152527367,-2.625134829994004,Normal
-1.8292347700900549,udp,http,RSTO,2.4480771542180015,-2.6202133623161528,0.07506108345768092,-0.8017950189213405,-0.2625177443941731,2.8471682147651096,Normal
1.690915967639829,icmp,ssh,RSTR,1.584411075034056,-0.81578630267873,0.5355237779648148,0.13104497633835632,-0.3007146568671637,0.5385500052710943,Normal
0.49018277250666586,udp,ftp,RSTO,2.036375266552238,-2.2209959409486992,1.0327411850189474,-4.393667916956815,-3.639554909961591,-0.20878509446661064,Normal
3.3892950217849194,icmp,smtp,SF,3.244014297012897,0.5432557542651953,1.7083155866346833,-1.0564240107954341,0.7128587534260609,-2.3701954992437004,Normal
2.6906319292154173,udp,http,SF,0.9547417692037714,-4.49529207033836,2.906651418979348,-2.0789333190824104,-0.5127634043536224,0.2513496367382412,Attack
-2.5564924480962485,udp,http,SF,-2.0869444676236366,1.2656276784865477,2.239012925558247,-3.332290398449153,-0.9794663369752944,-1.7706335261729036,Attack
0.618221449436432,tcp,ssh,RSTO,-1.075896991304579,-0.5738000978748083,0.8370311599783697,-0.9687619956774663,-1.365522818076877,2.0968891767417346,Attack
1.784166242154597,icmp,ftp,SF,1.402390210171759,-0.11744048169239385,2.122128690009011,0.6160351662052577,-1.2688320208001742,1.0069524205620213,Normal
0.5011309152608477,udp,smtp,S0,1.1148601418759283,1.6144570309659088,-0.16986829643509793,-2.4673863543819836,-3.4329662906734844,1.442959775284973,Attack
-1.8216098239015097,tcp,dns,REJ,-0.3580969571591053,0.6491577591630362,0.363835289115909,0.9693107226773066,-1.3537676329307735,2.038198394349202,Normal
-0.9265734209977494,tcp,ssh,REJ,-0.3120207167609115,-0.4811010799347286,-0.6759376437327276,0.8729621907902566,-2.466757131494478,0.7014588266591543,Normal
0.6534873949976429,tcp,http,REJ,-2.146153503532304,-1.7899567783340062,2.72638090434737,-1.3768983403589927,-0.31806051046932615,1.4960705210739436,Attack
-6.815407626953818,udp,ftp,REJ,-0.26214745016912544,-2.4065641859270257,-1.5246948874515298,-4.40929447430495,-2.564398710567679,3.063846352422463,Normal
3.3762956266379405,tcp,ssh,SF,3.5027540947452347,0.7587202415048894,2.945460095084354,-3.2914507162765365,-2.004304652058765,-1.5464847445701941,Normal
0.15295137615668866,tcp,ssh,S0,-0.7471743166220239,1.427060896803975,0.13012711394565946,2.8388346131789968,-2.3290385239960347,1.1168335855996072,Normal
-0.813053801948959,tcp,smtp,SF,1.645174831247083,-1.1731543458174412,0.342219025771479,-0.26682235557141354,-1.3991185064549923,2.901156299696373,Normal
0.809011481007957,udp,ftp,RSTR,-0.2529660436109653,0.16107476727573,1.717638036753197,0.8437402280183007,-2.7016058118398893,2.317506997175192,Normal
2.426834597648598,udp,http,SF,1.0294820451343387,-0.4468445014004614,1.8887524208918136,2.137686457713839,-2.1662906537210893,0.7982420313729159,Normal
-1.1318404769488744,tcp,ssh,S0,-1.6085921447172509,0.5490121312841314,1.2146946691404195,0.7456429348075049,-1.9030724575569242,1.8550479501223736,Normal
1.1030375357136084,udp,dns,S0,0.9137126416215229,0.22311526649635915,0.9577420952341982,1.5099223569627862,-2.0413451661909434,1.4580034982269188,Normal
1.5276265039474763,udp,smtp,SF,3.784794207657117,-2.4610007525769175,-0.1930701670363042,1.5778475280600857,-0.6516303525884348,0.5599287337349599,Normal
0.7983895988508825,tcp,ssh,S0,-0.7186780928481149,1.4395488954334583,2.754944321108533,2.2514080983949523,0.3212694303372774,-0.1829675051884394,Normal
2.266902446311931,tcp,dns,RSTO,0.2214851146786444,1.733351651713362,0.4894241186903302,1.2224976153948859,2.2748769134036793,0.19792183392711116,Normal
1.457550335792673,icmp,smtp,REJ,1.0415495677267006,0.5837479115512485,-0.2921084197865518,-0.33354270127044117,-0.0041754894479819615,-1.5790047883752596,Normal
0.007842424645141196,icmp,ftp,S0,-0.16612709707256945,-1.0691663745015596,-0.9625294257191268,-1.0084721348536003,-0.5110440904245408,0.4975535734857468,Normal
-0.8451532648242294,tcp,smtp,SF,-0.03500392058253121,-1.1916118344990965,-0.6154379820169722,-0.8311506834084557,-1.7316072902730462,-0.5967886335727648,Normal
0.2814448303551989,icmp,http,SF,-0.15979625224932192,0.42217913878996405,0.38112520875359834,1.4306148261310487,0.5589065123069767,-0.7573511191432367,Normal
0.34501039702988257,icmp,dns,REJ,-0.9374302579018006,1.8004115980811584,2.4608900756185887,4.246495492401537,-1.5786179212649447,0.7820356428045023,Normal
1.1329011210122242,icmp,dns,SF,0.07430852276429478,4.555131473138237,-0.372580666884782,-0.2489497998111322,-3.1406783918626706,-1.9470853052387893,Attack
0.897175592842396,udp,ftp,REJ,3.4527465382536793,-4.382252363438049,3.5349220628684934,-1.4550359552060308,-1.1020690867877379,2.6275655874362416,Attack
-3.135676050107043,tcp,dns,RSTR,2.6374981441441667,-4.156366706865633,-1.3450892313723362,-2.5635209539625388,0.9901949064363438,1.0803542057003384,Normal
-1.7399335005680971,icmp,http,RSTR,-0.3547356035575888,-1.4483813499077676,0.44630996453735383,-3.305880401383851,-3.5978984055984693,-1.487705335038961,Attack
-0.6694523363636588,udp,smtp,SF,-0.08371989341130581,-1.3621647918118858,-2.198589479894121,0.5154379922789505,-1.4290573692783113,3.1699601081318014,Attack
3.4326962328075097,icmp,smtp,SF,1.4326980899061492,-1.3517170536382022,2.797374410459275,1.4939698525873455,1.286853741673602,1.0970404263685674,Normal
0.7126538904278631,tcp,dns,RSTO,1.028007141639114,-0.04923490277923914,-0.006008646457497102,-0.9772447173083617,-1.014798470870444,-0.01814550517361957,Normal
0.7641320055141103,icmp,smtp,RSTR,2.9273471732776732,-1.755978921694259,0.8583326318072241,0.7030925683643501,1.3352215536856225,2.1802741890337605,Normal
0.4024032649922881,tcp,http,REJ,1.7318081648232568,1.3042025033087292,2.0145761915725147,-2.346556037572194,-1.8489689493511237,1.8734809743740048,Attack
1.3948930497055154,icmp,http,S0,0.8713750287409401,1.0408351827810653,0.47278403579068207,-0.7259852663397125,-0.4366834514756167,1.3977179949884144,Normal
2.3678719788517024,tcp,http,S0,1.799019440361051,-1.88938805190776,1.6409519487168522,1.3066662011791108,-2.234507564461942,0.9166189804650546,Normal
-0.5993938099882046,icmp,smtp,RSTR,1.5223351716838227,-1.4358893586271146,0.20168854053373297,-3.033721468746413,-3.963039981357292,0.01732795192233394,Normal
-0.9119599628975059,icmp,dns,S0,2.9960950382662217,-2.780698856813471,0.24495340941485966,-0.2335718959690598,0.10001079742274888,2.7060311512971236,Normal
1.9834456516279788,tcp,smtp,SF,1.7491971901846055,-0.9816295214546122,1.2043469860010039,2.7726550694344523,-1.20701747655932,0.46271757020070803,Normal
-0.26283405664388304,udp,dns,SF,0.5586804509020367,-1.847409733113886,-0.5708740967334538,-3.16008851420771,-2.8612773983936783,-0.003075114663664502,Normal
-1.4599470762751725,icmp,smtp,S0,0.18623839492132654,-1.0830551543282256,1.3181287142693772,-0.26011709525234683,-2.2930276434353187,2.015410892395586,Normal
-1.0074232912342682,udp,ftp,SF,0.6694527087133426,-1.1627462778766402,0.6391230560810747,0.778778331955186,-0.3549252320121673,1.0599328710319278,Normal
3.57734260822796,udp,http,SF,3.3616952920774015,1.147541622847446,1.8840065042604361,-0.8698706170354176,0.7858171147250363,-1.4347744695969196,Normal
-2.6428646158589575,udp,http,REJ,-1.776817589020253,0.043566095680612094,-0.48521193558963516,-0.7003028867383265,-3.3840914898890597,-0.6575120262128014,Attack
2.1797420358262145,udp,smtp,SF,1.4057854081290015,1.2299220049855368,2.5959167898986157,-2.2485567262553863,-5.890743249078717,0.5698661541003118,Attack
0.4052403352764503,icmp,smtp,S0,0.8608671135802798,4.215920454827958,1.0586074708763649,-3.055685640667327,-3.247870674546164,0.803118145208916,Attack
-1.5918163804662584,tcp,http,S0,-0.8664553633032055,-0.4897967830712707,1.207569879094902,-1.3889676308779917,-0.9407987239472946,-0.7313893610978546,Normal
-1.512685419383041,udp,smtp,REJ,-1.7222450927954096,0.1856950957714243,-1.5045649985023033,-0.5039419233406949,-2.233479225806142,0.30658730140349055,Normal
0.9872164018708286,udp,http,RSTO,-0.06981515789438286,-0.6425186135635685,1.1915704317342015,1.3322960175279535,0.1027727820872415,-0.24238914832171132,Normal
-0.1326982294798051,tcp,ftp,RSTR,2.15439643871475,-0.940152573656851,2.3555553453433324,2.4239876835829355,0.10816433954521609,1.7587215326941368,Normal
3.8639318295060776,icmp,http,RSTR,1.6431430209879871,-0.9958462585731304,0.3276147975214604,1.835897115564662,-3.1353551150738674,0.9343130725687018,Normal
1.5111155828168197,icmp,ssh,RSTO,-0.8266742915210208,1.2392706372524334,3.2392037846682142,2.6851201937240083,-2.7661373220707555,1.6038839032515622,Normal
-1.06870030923657,udp,http,S0,1.599991256877864,-1.2283825006772844,0.9196375977632764,0.1656918071752288,0.2313949604669614,1.7087273604508988,Normal
2.9613989763956687,icmp,smtp,S0,2.36750549338061,2.4389202341197485,1.6893401185638108,-1.5598165739608127,-1.7840647127735987,-1.047465814577221,Normal
-0.047357371262346154,icmp,http,REJ,0.6792880152933269,-0.6110923330388234,-0.22334354397980682,0.2851427905258235,-1.8677796887866722,2.009171923319303,Normal
0.025878725809251272,udp,http,RSTR,0.6973658443148976,-1.3796682353543386,0.2628544633333517,-0.2681645761586744,-2.013467977096235,0.5112184778694413,Normal
-0.7616357795000044,icmp,ssh,S0,0.5548173115110167,1.4708512499497561,1.7768066635861146,-1.3623089389943155,-0.7171489938030952,0.7535850761805629,Attack
3.8624264720007693,icmp,http,REJ,2.3378543259289684,-1.6272134473320046,3.1325370628595004,2.5260948175641724,2.8492756587210137,1.5684453827910279,Normal
-1.999274768334917,udp,smtp,REJ,-2.20430019491573,2.1958918761546893,1.2380865823324316,1.7382980928489724,-1.3450815642857106,0.32119806865025113,Normal
-1.1567111091169078,tcp,dns,REJ,-0.012128653240494058,-0.783293990729818,1.416333684248734,-0.13206361370930675,-1.470818525833257,1.9063753405572368,Normal
1.6907860946021414,udp,smtp,SF,1.087244015853683,1.8625805751388185,1.076847624519801,-0.3943655105918922,-1.1913849891623884,-2.6995008094983364,Normal
2.437248543955057,tcp,ssh,RSTO,1.52467607842554,2.3460229442184026,2.9652372320398896,-2.5829682739509208,-3.1765856516304045,-0.6699433675395167,Normal
-2.1157226285528177,udp,ftp,RSTR,-0.9650138628143314,0.966337025446409,0.01040635857636496,0.5174107391158989,-1.126507746145463,0.28556789129341753,Normal
0.6107099200745284,tcp,smtp,REJ,-1.6272573384683469,1.6203677215880412,0.466627486503558,2.1821871875513894,-1.6141554023481097,0.03809190163885723,Normal
-3.0594052457872243,icmp,ssh,RSTO,-3.227372489818956,0.9795725331628018,2.6971806429549305,-2.474795499973407,0.3566345390144787,-1.8957154741043998,Attack
0.6975469676501027,icmp,ftp,SF,1.971890116213849,-2.140395735860843,-0.5246340980707489,0.6365500326674243,-0.8047660852607184,1.0908027266230087,Normal
-1.7549750176905576,icmp,ftp,S0,-1.4406603754819027,-1.8009853360420656,-1.562107232523538,-2.0543621740809495,-2.6191772017149635,-0.08729187440521602,Normal
-0.4795278844712774,icmp,http,RSTO,0.4959927923741402,-0.12983850036738276,-0.5617655672452864,1.0867154046617062,-4.111212277021949,1.5019135964664874,Normal
0.132269819947998,udp,http,SF,-0.8443746968444727,-0.3005448986864352,-1.6815474334017564,-0.4068596144038722,-0.06650007889276155,-0.9529882601739886,Normal
1.8790833104548814,icmp,http,REJ,2.615555001044191,1.0240877251226632,2.590358601022327,-3.641430934401793,-4.4707389651964355,-1.4520498556832282,Normal
-0.1869927340630232,icmp,ftp,SF,0.0029599171811212077,-0.7197554899317276,-0.37644791828752977,-2.210414111154787,-2.607579677458058,-1.073947312122861,Normal
0.6083981179228612,icmp,http,RSTO,-0.9704489628344076,-1.0619838519340685,0.8968590398666867,-2.2099112588793806,-0.11108699873832062,1.4959064286864943,Attack
-0.1780103613771456,tcp,http,RSTO,0.16147450082301484,-0.46572383478153145,1.0555961459096082,-0.2615818148337763,-0.656734430714695,2.2629693135815927,Normal
2.983401576760228,udp,smtp,RSTO,3.3574750125394512,-0.7553493547314984,1.4321761961231165,-1.6411465697903367,-3.19738371304501,0.5565332375330736,Attack
3.5339166185687403,icmp,dns,RSTR,4.04593226434225,-2.4042371783043945,0.5235662671029333,2.879547986100836,-2.571121728240797,0.9777449320740957,Normal
1.5491979999547199,icmp,ssh,REJ,0.5914323256141609,-0.387936929334172,1.9517767186703003,2.3378878768937232,-0.23667072091678087,-0.47285579958347257,Normal
1.2194483427084284,udp,ssh,RSTO,0.47248213236737047,1.2526122207864527,1.2330664199330288,-2.85141033449817,-3.610382153744107,-0.6112928970143037,Normal
2.788949532923732,tcp,dns,RSTR,1.8057032040189704,-0.17321907092487399,0.3528127034717913,-2.0305351467628556,0.05513547703217636,-1.7023465870202605,Normal
3.1663930501064996,udp,ftp,S0,1.5480193537859042,-0.7499148499639071,1.8145458219980635,2.615908607768059,-0.542728893914334,0.20778381465873308,Normal
1.0604469176013769,tcp,smtp,REJ,-0.250208490609378,0.5161754126057636,1.9715340437949478,1.8231931174289688,0.11980581616629382,-0.6543037363476727,Normal
1.9784251190603779,icmp,smtp,RSTO,1.1404750930210417,-1.2998386045964487,0.5398193241422486,1.4938721618192137,-1.9603062586578184,1.7800904772832742,Normal
1.4593745858704226,udp,http,RSTO,1.776742441168961,-0.0808625985729956,0.3957707530564516,-1.586474706393123,-1.0621005804798844,-0.8221290769389382,Normal
0.003665444564192714,icmp,http,RSTR,1.8003267206351934,-1.7875135337019863,-0.6521360339837725,-0.2673438345819865,-3.2356012408238812,1.3047250845901444,Normal
-0.33450054592294765,icmp,smtp,REJ,-0.6322993806419321,0.14131548051337595,0.1526424683490648,-1.3364682183838656,-2.302143286944779,-2.4967560038863477,Normal
2.776410095867006,tcp,ftp,RSTO,1.74344416425595,-0.8096631058769366,2.969537855099401,2.6130620854105717,-0.9162377993721906,0.2530873625768101,Normal
3.290829215878678,udp,http,S0,1.2947101920808977,-0.6771642342676104,-0.13143690890784998,2.4674066970559485,-1.3003843430581563,0.046498457432464946,Normal
-1.1703055606623511,tcp,ftp,RSTR,0.846614347502135,-2.0252797938720617,0.3114924657101755,-1.1353897156313426,1.2308773218264628,2.1599097637709592,Normal
1.4722348136826116,icmp,http,RSTR,2.450742286813523,-0.8489820585747532,0.8536761363039047,-2.239662737683403,-1.3811906300394308,1.120134867517141,Normal
1.2658168513423502,icmp,http,SF,1.0780409196288954,-0.02472438030900226,0.7331889453567817,2.0922206193692254,-3.0259538062966613,0.11859392730652518,Normal
0.4442322542762751,icmp,ssh,RSTO,1.6102490765060864,1.4964254688619416,0.6238524025393402,-0.28455127529232505,-2.316011042086651,1.7080233472369835,Attack
0.20189504811738085,tcp,dns,REJ,0.10335350401409649,-0.6119156131331642,1.7522761011500974,-0.8201188044470613,-2.0725064092917527,0.04910784834231818,Attack
0.737509951866868,udp,http,RSTR,-0.6032329252359905,0.20733410448083522,2.4984995159020014,2.2088113132531237,-0.43633207994059753,0.17873657428354883,Normal
-0.11283790075272476,icmp,ftp,SF,0.590714676826454,-0.8549299260969732,0.9204587005227908,0.657522089741625,0.32199892388174844,-0.7702749318012001,Attack
-1.4412542127883272,icmp,http,S0,-0.08879090986433125,-1.689570910461152,-0.5161534567375623,-1.0953643701038687,-1.5685174711026124,-0.13523095547107822,Attack
3.4033589483375093,icmp,http,S0,3.1652355847428564,-2.7013787208933095,1.5686037698194446,0.6369357478039299,2.374497309768615,-0.06386214541137503,Normal
0.9732669646645762,udp,dns,SF,0.595971963489068,-0.6536726392842587,2.5970161903443394,2.0981263048193592,1.6492667052422414,0.8257205622724507,Normal
0.521234146337904,tcp,http,S0,1.41686207118073,1.1101922099850547,1.66328407513946,3.9090562050560425,-1.2901538829380197,1.272905899079021,Normal
-2.039009006454769,icmp,http,REJ,-1.64660872163563,-0.4876538312989753,-1.2022071877139302,-2.2839089323761534,-4.498848477522078,-1.0162753970046872,Normal
1.8773112265100171,udp,dns,RSTR,1.2776255214158614,1.2185197535688466,0.2951829251640079,0.547206468011203,1.069585049238881,-1.8235871345041617,Normal
0.20648098106742857,tcp,smtp,SF,-0.012356778091936027,1.5087007861380344,0.9132608709029817,2.406865782474216,-0.06729645258100936,-0.8345915594978668,Normal
4.964306559520008,tcp,smtp,RSTR,3.14883643686015,3.6679205944685727,4.423323184605566,-0.31296814739881873,0.5602771689017745,-1.9851174810300098,Normal
2.763757504186479,udp,smtp,RSTR,2.0360209503655193,1.704803062572315,2.6454629577120263,-0.7263849568965901,-5.305482835448613,-0.4643976478745331,Attack
-2.2821205561724525,icmp,http,REJ,0.6687093516427323,-1.069578932737064,0.4898535341676311,-1.0113824259695705,2.361751311931753,1.4328545939862405,Normal
1.0171461006181297,udp,ssh,REJ,1.8687349235137514,-1.333433136207604,-0.9405337111759193,1.5407158541500996,-2.11942678803408,0.8291023763484954,Normal
1.290340331871784,icmp,dns,S0,2.135718816850658,0.6058097377631622,2.42118235243164,-2.8594120587361234,-3.2229768215985297,1.2550094614500265,Normal
1.099885437087914,icmp,dns,RSTR,-1.176979854067148,1.9737833617540617,-0.835328429219804,1.3742057890081836,1.326836438897259,-0.9364181764783849,Normal
-2.85662592836385,udp,smtp,REJ,-0.38382343735067503,3.7414246623402208,-0.19157894804084563,2.6610689403517105,2.3454711289229464,-0.42314304047636075,Attack
-0.6391149031306823,udp,dns,REJ,-0.2583575807113996,0.46274753850960715,-0.5735969037548114,-2.107802215437747,-3.640166060239084,0.6737541115430346,Normal
-0.723031198165116,icmp,smtp,RSTR,-1.634168262720026,-0.6675328243151335,1.3730299811918587,-2.583618796854652,1.07989828289891,-0.17781081217605021,Attack
-0.977426142999609,udp,http,RSTO,0.26130497005883613,-1.0000995506334471,-0.7898867981502269,0.07565798333275064,-1.356395124926879,0.5833560731999382,Attack
-2.596935514980333,tcp,ftp,REJ,-1.1290248001068703,1.6229587270980241,-1.913959905033062,-0.18276647415707925,-0.5963893702564976,3.2350798339064695,Attack
2.6369004456322154,icmp,smtp,RSTR,1.1630231749500932,1.384260395218047,1.182454114115043,-1.1103720387268048,0.2485340646266856,0.23172694266384264,Normal
-0.28544075804709895,tcp,ftp,SF,0.0877024784949596,4.232275481683062,1.6830958753473482,-0.08618148891398847,-0.6556739969812773,-1.4135520931218037,Attack
-3.321663134593553,icmp,smtp,S0,-1.9639150486802182,1.955902927658033,-0.21622544951652278,1.9442754925364438,-3.1503550408246115,0.386749782070967,Normal
-2.794219970644704,tcp,http,SF,-0.3010150525368842,2.174397689897891,0.816873920171194,-0.31700404155846507,0.1463970217127606,3.0810861230599276,Attack
-0.04948898963311167,icmp,smtp,REJ,1.5005777867050654,1.4664986913198381,1.1324471357907098,-0.4607113115405258,0.6575995136497321,0.7712886538821311,Attack
4.725010830766824,tcp,ftp,RSTO,2.430496504242755,2.537976727542691,1.9677065050105298,0.7669741039552889,2.746692997691616,-2.588063105428456,Normal
0.36258330238324044,icmp,dns,RSTR,-0.9984551591508113,-0.6514797651327398,0.9700720316162642,-0.02775851493577486,0.08942750172614922,1.6651085898632885,Attack
3.536176053669262,udp,ssh,S0,1.7142529905406145,3.1495254199665963,1.743765222130021,0.5999260650187197,1.0118004562827059,-1.0429440940406143,Normal
0.2551684763366794,icmp,smtp,REJ,-0.21393937223160164,0.8324631742332926,0.14606766216362665,-1.3889772757154584,-2.469332413104251,-2.0354681758003794,Normal
-3.0381648670445816,tcp,ftp,RSTO,-0.7220445486141609,-0.9300028763589103,-1.500934088550188,-2.6446289182403144,-3.9194891772777214,0.8643884543631837,Normal
-1.7473800846924643,icmp,ftp,SF,-3.1519161177513415,0.6346746963742711,2.1301055223379697,-3.8646986378927077,-3.0212008661010614,-2.5240933879904146,Attack
0.8112014488408089,tcp,http,S0,2.3500381320641432,0.5844206801788059,2.3400522027871586,-3.7408802754066395,-5.673554036851145,-3.110892924418284,Normal
1.2226719529421146,udp,ftp,RSTR,2.5245689753196388,1.606003430421549,3.5073827371352277,-2.909699448283953,-5.133381764642212,-3.259072224721142,Normal
-1.232693270205051,udp,http,SF,1.6748695505736442,-2.166022412035992,-1.8801460786163546,-0.5837777732359914,-3.9110323400149394,0.0715954039310559,Normal
-2.6559750006225813,tcp,ssh,SF,-3.828946785482427,1.4637413302343336,-1.5832885997752033,0.4862928810477605,-2.634987862150557,1.2334859643424445,Normal
1.7576284641661832,tcp,ftp,RSTO,1.6334373918311722,0.3779803790282473,0.7809785671584744,-0.353978243806088,0.14750985212680057,-1.3832725900902254,Normal
-1.261632373495073,icmp,ftp,SF,-0.7516189167216603,5.062248444973092,-2.9313448204019132,-0.8806669382305821,-2.391132757475895,2.9193261123704657,Attack
0.000528306728625534,icmp,smtp,S0,0.7839533412335385,-0.5332091996011568,0.9712493102838756,1.005354409691805,-1.0464533128300835,0.03365344344491639,Normal
1.25977738461214,icmp,ftp,REJ,0.31966815196545684,2.671897343082931,2.011421878088346,-1.2320032635393958,-2.7950078612003457,-0.8181146424161573,Normal
1.3021970366813074,udp,ftp,SF,2.773926456393569,-3.349333305858008,0.13576414921587043,0.7241186848123298,-1.660985929993496,-0.49869485403574143,Normal
3.3469380957226185,tcp,ftp,SF,-0.06378745900338778,3.8873850299421884,0.9833151681859043,3.902559355456246,4.378199483853566,-2.9142240475679193,Normal
-0.8214354365678083,tcp,ftp,RSTO,-0.5934773686853254,-1.6657776818562244,-0.7558015675972247,1.0262552157636848,-1.141809869325109,-2.254812032540296,Normal
-0.08053178007950969,tcp,ssh,RSTR,1.0202327780079647,-0.4572658210589997,0.12290525383915363,-2.046996877602332,-2.9174154520074858,-1.9454583079180647,Normal
4.533693403460939,tcp,ftp,RSTO,1.8219261432262597,4.671704527821446,2.3536122997475966,1.8778249887876686,2.225679757973454,-3.116839761293373,Normal
2.170940326192771,icmp,http,REJ,0.7297212866879137,-0.727966391743434,3.583635269423856,0.8012374166988636,1.794625240961932,3.154395419617475,Normal
0.4041619310726998,tcp,smtp,SF,-0.43333263913305164,0.3318679540725664,-0.2887399562237638,-0.09465476542473239,-0.15221725186499746,-0.49246489141042005,Normal
-0.5907132154124165,udp,smtp,RSTR,-0.7968384381135625,0.5836159702154551,0.13250565595008812,-2.639198955782785,-4.129429795662515,-0.44445740472826145,Normal
2.017949127475426,tcp,smtp,RSTO,2.440476874768753,0.7752983145558265,1.679402431633358,-1.7485223917417398,-1.9015238418644203,-4.897830071649592,Normal
1.8580581770906506,tcp,smtp,REJ,0.8219507203980826,-1.2205566448703737,2.16389460306768,0.9065794648287103,0.10003904694136634,1.0611764756797333,Normal
5.080552890139344,udp,smtp,SF,4.553690737203937,2.286943393278532,4.1310709407908135,-2.2748044321761167,-1.0268993939249935,-3.7421526694245792,Normal
-0.03439388620897846,tcp,http,RSTO,0.32381468430693416,-0.8537455518646035,1.0578056207989088,1.941175480773895,-3.0563687034123364,0.020435427252171845,Normal
0.25945730132858896,icmp,http,RSTO,3.5290100038991072,-0.06487555423036473,1.0919991089342524,1.0454250020784968,0.31859768432207813,2.3482985172700452,Attack
-0.4658891182065826,icmp,http,SF,0.9582789349493018,-1.307489913054083,-1.4292482240690827,-0.5321476707774973,-2.3815802629856737,2.0101047132212475,Normal
-0.003228721138242312,tcp,http,SF,0.5255437060656343,1.9696154240560961,2.0832789557489644,-1.5297724192632134,0.04281275373919047,-0.536037590155791,Attack
-0.8724517438109182,udp,ftp,RSTR,1.6412269593118738,-1.990441629992207,-0.17556255828234524,-0.45041579632752526,-0.4776052850194408,1.1961535488595447,Normal
2.1619680851451037,tcp,http,RSTO,2.9223771284181197,-2.8078034107326504,0.7881606425417855,1.2760214527116887,-0.15647594295464362,-0.9462526341253101,Normal
-0.05935372444375164,udp,ftp,SF,0.7019802619339195,-1.1281674833039426,0.02114283499363656,-0.9219369247043392,-0.7966424687607515,1.162045366998913,Normal
-0.17450988247353044,udp,dns,REJ,0.6233334021508248,-0.6345098611764384,1.8563507264260968,-1.2064659903869446,0.2528634688265472,-0.8779666223726679,Attack
2.1282901500583105,tcp,http,RSTO,2.1754836364296315,-0.10957609447440109,0.9220340450108002,-0.7859396972987998,0.7285416315616609,-0.13040757130915082,Normal
0.9977229691721003,icmp,ftp,RSTR,0.729730898414376,1.23237825592588,1.1673129675585994,0.35708886644754645,0.23727920648333978,1.0959960998531502,Normal
1.1893282393184073,tcp,smtp,REJ,-1.3988541806501358,1.8993356926565195,3.015339870067834,4.067639959313609,-2.082840490818021,1.6289372828468462,Normal
0.22527704222032488,udp,ssh,RSTO,-0.7100844029840059,0.8966912900361792,2.737728841163922,2.2521132725870774,0.6387492371726047,0.8977920956821107,Normal
0.7333118091887494,tcp,dns,RSTR,0.1605953743460603,0.5125587185223633,0.05269467447737186,-0.42225656561132596,-0.42881019190707104,0.7906331663901391,Normal
4.548326770704315,icmp,ssh,S0,3.5834421406938155,1.5597513905920928,1.628935339374153,-0.25486915065077087,2.3598443501249124,-0.7102171392835888,Normal
-1.9128922728919997,icmp,dns,S0,-1.521394264407371,0.7721914612452887,-0.5502700125750151,-0.9573165469338457,-3.6277449861819235,1.963429806282547,Normal
0.7672030468311871,tcp,http,REJ,0.45723477866083373,-0.31653113137331845,1.7844997776732432,0.9272266266058611,-1.2237041726685725,1.5116379029776654,Normal
2.602675789337943,udp,smtp,REJ,1.7612659722044732,2.247702474808743,2.0044500941935683,-0.2683293029319822,-0.20465031580095439,-0.3392881574097325,Normal
3.761227270850511,icmp,dns,REJ,2.9547057545695177,-2.321772237468787,2.413835022129536,2.763092108401592,-0.31655449670834546,-1.3069334967112267,Normal
5.149743167813153,udp,ftp,RSTO,4.065466501692051,4.251956319866089,4.046812541210606,-0.3171595643660321,-0.4184592661286629,-4.6117284170853985,Normal
3.3668194868482484,icmp,smtp,SF,2.7316372264960274,-2.3323903180612975,2.862328012687533,1.8484172238524972,1.33554329549558,1.309529363330872,Normal
-1.1121577628340233,tcp,smtp,REJ,0.0020691128070238207,-1.6864034779698502,-0.6984291702148557,-0.12874297009885993,-0.5974056908028844,0.3380504356169335,Attack
-0.12088707039288499,udp,ssh,RSTO,-1.3163214501733278,0.7074658321950495,-0.7578797098462278,-0.08687925356095749,-0.21351783301882277,3.026979271947674,Normal
0.2341937985379248,udp,smtp,RSTO,0.25654959247334697,-0.13318648386552712,1.1271727912623328,1.2345602742498762,1.2852152995271648,1.5282828575118208,Normal
-2.1076562086923993,udp,dns,REJ,0.19048382250369422,-0.43142048014125556,0.7575028705012652,0.05734544406205533,-1.7673602651065596,2.0274603771990543,Normal
-2.2856400413629805,tcp,dns,RSTR,2.0738033438907184,-2.7928383482809878,-1.931967995407113,-2.481349034642162,-1.558719108190412,1.6663892444358948,Normal
-1.1871515901104845,icmp,ssh,RSTR,0.5387370000702345,-1.0963843471522856,0.6603909053170882,-0.2328052630241615,1.7840074802541772,1.3818409488045789,Normal
1.5269444192072845,udp,smtp,RSTR,1.4400886428530384,-1.4976193528536763,-0.945052565635909,-0.9732221219820326,1.0380447618158555,-0.581771100215249,Normal
-1.2588320760428497,tcp,ftp,REJ,-0.7944200563616479,-0.8432733846696294,-1.2193376279031134,-0.4151645172012538,-1.0064589988238322,2.0956277648815553,Normal
3.753232611498274,udp,ftp,RSTO,2.431020347296296,3.090600802149328,2.6120344886691926,-0.3575919167058065,-0.3281163989113334,-3.008099887664728,Normal
1.5306585522763467,udp,http,RSTR,1.7896506583486664,-0.8486933741827158,-0.44007887990132755,-0.9724220370317386,0.4208197649018792,-0.363313231623558,Normal
