duration,protocol_type,service,flag,src_bytes,dst_bytes,land,wrong_fragment,urgent,count,class
-3.3037204767648287,udp,ssh,RSTR,-0.9780087744361187,6.623304965173841,-2.825650585467971,0.1908780418136257,1.6727048012981038,-2.0844650043423565,Probe
2.8056117170034445,icmp,dns,SF,-1.6891817901481385,-4.068710579178264,2.1617223010641653,2.2304054855825424,-1.9261557661073865,0.9663967148752486,Probe
-1.5817481594607545,udp,ftp,RSTO,0.28369429976552596,-0.4907601660999875,0.34312311965193,1.2189968452651305,-0.5740297116007905,0.16583835063407482,R2L
-0.48037076991284045,tcp,dns,RSTR,-1.5940059593721696,-4.814793602859618,3.866415513487859,-2.486468901743645,0.36204092882139594,2.8174033920640738,DOS
5.936989031939005,tcp,smtp,S0,0.28824787458714685,-5.822003880071901,4.141825821846248,-1.897280681915616,-4.346066271063684,1.775389280067027,Probe
-1.6651533235711615,tcp,smtp,RSTO,-2.0737537341081835,1.094200933683668,0.9205556025680692,1.3572305585180644,-1.8439517785775108,-0.3439576256385797,DOS
1.9560316430901934,udp,dns,RSTR,2.156696644230205,-0.07921412881009321,1.9580775169249138,-1.5349365019596681,-1.8949157808237187,-3.6964170617111614,Probe
-2.6453719897260397,tcp,http,RSTR,0.8724314135898954,1.3595426195364761,1.2708104704246086,-5.551132651538818,1.0800481720464765,0.4841468869252604,R2L
-1.3099464973187085,udp,ftp,S0,1.7528921003100395,-4.356241575246786,2.156064882734908,-0.18154823884135196,-1.8420530998473827,2.6840216720059384,R2L
-0.18530011764739251,tcp,smtp,S0,-1.1697604386076212,-0.36745625442407753,0.4447233802660251,3.220623482362799,-1.1667938018074844,-0.7812827331332854,Normal
3.1151418908840762,udp,http,REJ,-0.3653895637578314,-0.37636765969586344,-3.010153157961155,2.995698357748576,1.6945010725150385,0.6339118723943786,R2L
1.024814692186148,tcp,ftp,RSTO,1.479991687583635,1.92587282117165,-2.169438482512967,-0.0034088875479524176,-1.5776677545669504,0.264915607975417,Normal
2.537418677300453,icmp,http,S0,0.28837701624323075,2.3200588499428596,-2.5346089523252244,1.4509814489865578,-1.3049695089252626,-1.1572578423745337,Normal
-3.3446056979764567,icmp,smtp,S0,-0.7320183528557906,5.692574324071358,-1.884835915521362,0.2338774975693248,2.8224369287074484,-3.146788906896889,DOS
4.8388469684110635,icmp,smtp,REJ,-3.126294393101243,-1.1844849636559147,-2.6091561121753197,7.119019769103249,-2.2554848637845035,1.4332616987662172,Normal
-0.5064354975065253,udp,smtp,SF,0.22493090322868714,-3.8050323996802304,1.3710493376094706,1.4271861030576483,-0.4407214897592229,0.6050811827553997,Probe
-0.04746125681577973,icmp,dns,REJ,-0.8747210938980141,4.41870750064083,-0.1438403034219865,-3.612949456138232,2.6403247098240397,-1.8528962845846988,DOS
2.248013747787456,icmp,smtp,SF,3.082763110843774,1.1245354894902508,-3.6684406558246327,2.042041063990844,2.663063058566088,-2.168681543086927,DOS
1.4438438095782806,udp,ftp,S0,0.46457029534854755,2.2807976385625737,-2.375173581891437,0.06856471121273282,1.1114354944897369,-0.637543722888283,R2L
0.0705936953224846,icmp,http,SF,-2.4400846504302938,-1.9850350507387846,1.9747133210611414,-3.5535307234810136,1.8562509101374176,2.4985621015790027,DOS
-2.4610600443859205,icmp,http,S0,2.287310785836534,-5.756340923686237,-0.30160356293232904,3.4541318689972837,-0.8494680520604028,4.071848645709535,Probe
0.07531164117703826,tcp,smtp,RSTR,-0.08361314715856172,2.721621500592529,-1.5074118675934502,1.4476729906860717,-3.2465030586109873,0.7030323692159053,R2L
-0.5330653592011774,icmp,dns,RSTO,-2.5280594506448515,1.913021828249137,-0.14392351896161792,-0.37899160886503863,0.09373176932356952,0.6380076321344418,DOS
1.0484921201059332,tcp,smtp,RSTO,1.2878635753479606,2.249646322405893,0.10256790811353145,-3.9250183537740697,2.6973772142249244,-2.4017319252645324,Probe
-1.494420100948041,tcp,ftp,REJ,1.136144108255372,-4.764501139628352,1.9832723191454118,-1.3554621504030129,0.8304331411707961,2.6284671471213072,R2L
1.2344376696270416,tcp,smtp,RSTO,0.3491806301245032,-2.963934686745545,1.382307844361473,2.4597167928125594,-1.2439112827186558,0.4958007597006462,R2L
-1.1791317012250313,udp,ftp,RSTO,-0.4269230452744952,-3.700604684876695,0.8626219520307846,0.0923860798008782,0.25247728669772207,2.675892778182636,Probe
-0.9718195102188407,icmp,dns,SF,-2.9560955689633266,2.815071932598642,-2.7635146094845346,2.317436619811257,-3.468020463925914e-05,0.04812828716912976,Normal
-0.17365615100088372,tcp,ftp,SF,1.1807748979331611,0.6454763674904828,1.244796823286274,-6.452734947778806,-0.685776214236749,1.3153414830530865,R2L
0.1587149023650456,udp,ssh,RSTO,2.3835445777155115,-2.1066772848657895,1.0286804259495606,4.21104475502594,0.878299084128561,-3.339849050119857,DOS
-2.187577672961552,icmp,http,SF,1.1669200577768386,-1.2785942243046764,-1.5035530520291536,-3.5034179778792063,3.8855892095441784,3.257612025516756,R2L
-1.3294675956156972,icmp,smtp,RSTR,-0.8319647291336292,-0.4909221740786657,-0.37212700252745945,1.6424902510441062,-0.43237452196918125,0.21622251708799645,Normal
-1.0260157629378883,udp,smtp,RSTR,2.0713059831954235,-3.2157726604100234,1.1837761556831206,-1.901513035093918,1.0902475630756283,1.2809504053351461,Probe
2.897812190037217,icmp,http,RSTO,-0.7683573449738468,-2.4185354474840994,3.7897628120177895,-2.626831261074225,-3.2465617807354623,0.9385004468766047,Probe
0.0772022332841783,udp,smtp,RSTO,2.9565508841155403,0.4368197866790857,-0.227638251331588,-4.1121787348381185,1.1742367734060126,-0.16781928128146917,Normal
0.7942881466496716,tcp,http,SF,1.0753641649686307,0.44750179916879196,0.33511762012142987,-1.7268787255401639,-1.8779523277958736,0.8163746583510912,Normal
1.3777213613822612,udp,ssh,S0,-1.233128039103327,-0.1376478462859867,0.9223102345912235,1.0940079777554852,-1.6777937594670986,-0.7561515233741479,Probe
0.9042578417599787,tcp,dns,S0,-0.8795609505982288,1.2289699194479942,-1.9702626407813502,1.5418994225097433,-0.1623641224837704,0.6074485679858606,Normal
-4.215634663759557,tcp,smtp,RSTO,-1.5318215886845674,-3.017715404685149,1.5038198863139192,-0.6659173526916025,2.3673462223473924,1.8158851739796433,R2L
-0.602785362509966,udp,smtp,RSTO,-1.0858416006040161,-1.4215230870545492,0.6408735716874667,0.834106087651102,-1.0456904970128262,1.0826604835260114,DOS
2.373766150084137,icmp,dns,SF,-0.3959169318219926,-1.1175199496483448,1.4230282235879583,1.2242749402128448,-2.2189443592019638,-1.3899427027587812,Probe
2.0652186810589788,icmp,ssh,RSTR,0.7796160670907497,5.240902457664621,-3.2563144812148406,-4.927689479586671,2.1166512774350905,0.10416675613751991,DOS
-1.9093560346447283,tcp,smtp,RSTR,-0.8717293977577243,1.6527158812500278,0.6385343585634244,-0.12375167688580631,1.750082299439337,-1.6702512644028848,DOS
2.7871483305367613,icmp,ssh,REJ,0.07986754408173513,2.538329719159217,-1.3006878140413949,2.278035050646498,-1.0614928967405335,-4.117784546402322,Normal
-1.2850865781634617,icmp,ssh,RSTO,0.9751907174219293,2.918423477505048,-0.23907213492436985,-5.283936766986324,3.104804014666104,-1.6076944122157544,Probe
0.8344408962932279,icmp,dns,RSTR,-2.0889228345904245,-4.911745404175863,2.1840236996160414,-2.5053347453597454,1.2019440421123795,4.158890647849949,DOS
-0.21986487061863103,icmp,ssh,RSTR,2.5369247214558457,1.3982901203147273,-1.1833707215572613,-0.20542118472302806,3.0460132998486964,-2.376625239099493,DOS
1.4559802768352306,icmp,dns,SF,-1.233635584586776,-0.19309249034416656,0.1628107687450765,2.6438840275019126,-1.0586260417055933,-1.4218816905821936,Probe
2.368551026690665,icmp,dns,RSTR,5.505464287807079,-3.8959313411926404,-0.6552375558769645,0.34655524039307284,2.8446757790663,-0.7935177881431713,DOS
1.4237427471371364,tcp,ftp,S0,3.384639260148063,-4.9454803746915905,1.1117306936469782,-1.0142568141432131,0.16065813778070348,1.7847299885448846,R2L
-1.5287037114881667,udp,http,SF,1.7638182492698338,-2.84278202678877,0.8696425158678004,-3.18562614028275,1.389440668756808,2.5158655543949044,Probe
4.175613930806952,tcp,ftp,RSTR,-1.1685450317567976,-1.023073020844674,-0.4404663390488619,1.1641244629570973,-2.132788406047492,1.4263883669001278,Probe
1.3624765694716432,udp,smtp,S0,-1.4926976836243717,1.3061173623890212,-2.0363620719612836,2.0698038848516958,0.14796218142249895,0.2758994155486193,Normal
-2.9740740268474406,tcp,ftp,S0,0.6140454879091091,-1.791649487277323,0.11157156971869397,-3.004753001111795,2.2003413809385264,2.6037922414281063,R2L
-2.7869499029655347,tcp,ssh,SF,1.3963259261321581,-3.3835710589725614,1.3375077955800552,6.783686135887554,-4.9748633577319605,-1.0911649928785123,DOS
1.9598591955630211,udp,dns,RSTO,-0.26344372408105254,-1.2942479769910475,2.9592763428778373,-0.6489913204755333,-3.503337989417927,-0.7923772366945543,Probe
-2.0293976504104347,tcp,ftp,RSTO,0.11148175245575953,1.1631493800627712,-0.02043581546558393,1.6227498062502357,-1.073760604465571,-0.39301184116841914,R2L
0.9658946548059377,udp,ftp,RSTR,-1.2212437334845374,5.8271385452590545,-1.0322346055001013,-3.6146599527435064,-0.5378256387243772,-0.6525351269967264,DOS
0.032469682170105596,tcp,http,SF,0.2622550909643798,-0.09283829029239551,-0.025703057994576728,2.5727857111927097,-3.9633008192532584,0.4857745937415908,R2L
0.8723632016973585,tcp,dns,REJ,-0.29110671304898506,1.9518238135242323,0.08050628770041235,-2.41634695784201,0.1081640121955767,0.010501768474509565,Normal
-2.431915375273986,udp,smtp,S0,1.2821724407364732,2.235421577461968,-1.8134074179437203,-2.623209619398189,0.2379509303445686,1.719473209569187,Probe
-0.961930553751218,udp,dns,S0,0.4233588045676713,-1.5711263398888191,1.2551513354395514,0.8307058601328674,-1.7118838199894832,1.677863411956193,DOS
-0.44787131588182705,icmp,http,RSTR,0.1855259496318209,-3.5834304231214205,1.8042132169335718,0.11688463427007445,0.7015490562803681,0.5366838113536372,Probe
-1.9286101056181995,udp,http,SF,0.5429776223980209,-0.13123425377104966,-1.201727654668505,2.8655703846178877,-1.2577747465664215,1.4835032312098204,Normal
0.04362228189651629,udp,smtp,SF,-1.0375258373288476,-0.43639857436270735,2.770379074071452,-1.3222778831807498,-0.8118807183121323,-1.120565557643251,Probe
-0.9543875868208422,icmp,smtp,RSTR,-2.544543584759054,-5.571422696304497,4.964039552281241,0.17099329857976878,-1.592202941916415,1.4496124567783264,R2L
-1.932262754389168,tcp,ftp,S0,1.8411897618781792,-0.06803218928569041,-1.147060356532556,0.35020237630325735,-1.3879424689524096,1.9894119386668887,Normal
-1.1386828564861782,udp,dns,REJ,1.109657443948255,-0.7083139477015118,1.778468869766195,-0.7137164919459713,-1.815058924710073,-0.017884971695711016,R2L
1.370895354305774,icmp,http,RSTO,3.428667231599005,-0.46162269488595625,-1.3713791499519687,-2.493623279582,-0.8361938156853923,1.78342363425178,R2L
0.22949100092735608,udp,smtp,RSTO,-2.707833624919944,1.842616460292485,0.2802697902734239,1.3548599821519114,-1.4146860634339478,-1.1734208138572773,Normal
-2.479929953659126,udp,http,S0,1.8898453785895901,-0.7012838052888,0.18573428538161174,0.8902331485979328,-1.965472123375758,1.7751160195470779,R2L
-1.9189734844719029,udp,dns,SF,-0.9935970336677763,0.6161062005929455,0.04079539950733069,2.1812028709803277,-1.7677061011326018,0.09599164838749752,Normal
5.873846941181043,icmp,smtp,RSTR,0.027135079562798148,-2.6648504422549135,-0.22936935967193872,2.3219183807363906,-3.0679574283477087,1.4838936135470164,Normal
-2.2044518002390343,icmp,ftp,RSTO,-1.3250528167488675,0.9928430828118365,0.14633064509991622,1.6786141685252127,-1.6535812325650796,-0.9133621004960377,Normal
-3.267805790786383,udp,http,RSTO,-1.8689128526742056,5.3339575383450875,-1.036805780084208,-1.0988206311453246,1.5466995479333328,-1.205156496016961,Probe
-0.6035841023223989,icmp,ssh,SF,-1.0655941490202596,0.6723020536231937,-0.6805201575850691,1.3638709396866084,1.9396712529896363,-1.052144720055478,DOS
-1.1003998661197834,udp,ftp,RSTR,-0.2818973253527839,0.8175832126528841,-2.67755548014394,0.8271696513424465,-0.022128864522200642,3.0356046188504626,Normal
-1.3885366001170412,icmp,http,RSTR,-1.5104265582836165,-3.8798460247222204,2.8740386276988183,0.5347928966541126,-1.1040013858128253,2.428606550638551,DOS
-1.637071214773199,udp,ssh,RSTO,-0.964555534410251,4.918912730436948,-1.2321958956804049,-0.3108066712774242,0.520676996499631,-2.1218532241199695,Probe
-4.163106082103156,icmp,ftp,S0,-1.8024695276851026,-3.2881879354491907,2.069947786702291,6.349723110155495,-1.443638192350292,-0.38878937408824843,Normal
0.282442121554493,icmp,dns,SF,0.9166958130090312,-3.4023891889998525,1.8939995339306663,4.599484141528796,-1.8607257295590562,-1.3064242402939024,R2L
2.490581770352972,udp,ssh,RSTR,-1.1634127536139383,0.2666201724806046,-0.5953665520631437,3.535412738257819,0.09627433708857713,-2.0050563393263956,R2L
-0.3445245063545357,icmp,smtp,RSTR,-1.7569798721372343,1.3422516208859647,-0.2669431253346771,2.1397459252879836,0.5659104419694021,-1.5233467887406362,DOS
-0.05597310116666987,icmp,ftp,S0,0.13039181648076115,1.4338841235242386,-0.2543230126803572,1.8928982285580072,-2.1158804013862076,-0.9436242164178184,Normal
-5.207898180623497,udp,ftp,RSTO,-0.5443443671221522,-1.1636640754549938,0.12444317877503097,-1.1733123512468766,3.490282091252498,2.0996876388432417,R2L
2.9246281245955164,udp,dns,RSTR,1.6853026232292527,-2.948518987576771,-1.064363491003433,1.504964980287266,-1.8207428235951584,2.6409795735652715,Normal
0.7453576450572559,udp,dns,REJ,-0.6313321525589384,1.507402396058805,0.00728812777616028,-1.04469323852478,0.43419172094371516,-0.899235542948804,Probe
0.41948663764747574,tcp,http,RSTR,0.8971614860349976,2.88467216105159,-1.3157201825099776,-0.29701686498887264,0.36977916326933524,-1.4827588171209856,DOS
-1.0941737031998269,icmp,ftp,RSTR,-0.5030069293759578,1.5705794333158376,1.3832113329863254,0.3795865918673869,-0.8091531146920888,-2.9913433680943085,Probe
-1.6190634022209165,udp,ftp,REJ,1.4363312528080217,2.8661142909047026,-1.2608735320202467,-3.615308820153197,0.9122603650553682,0.6904629049171597,Probe
-0.22265290856419873,icmp,ftp,RSTR,-1.8423609685008062,-0.5109812941044062,0.7624053643258059,2.000527647448983,0.6137525768721164,-1.008784226866124,R2L
-0.9304539138747212,udp,ftp,RSTR,-0.5146151941197132,3.690434284973908,-0.03528137305997081,-1.5446561749229062,0.16026052087838916,-2.2841480181094456,Probe
-3.164684285570295,tcp,dns,SF,-0.0610915731026247,-5.284700518051798,4.876893815079509,2.0997746652945057,-2.4649234575916283,0.7059391299053831,DOS
-1.1560836252266573,tcp,http,S0,2.1935936581181767,0.08288828530875712,0.3018187624779062,0.643104352286426,-0.5397084838483861,-1.6813588712921215,R2L
-1.3754103844545593,tcp,smtp,RSTR,0.18658180990839557,0.7463981369407215,-0.5593532752487581,1.1320326133736665,-1.6173137231131334,0.7468980957761845,Normal
0.6636297770758224,udp,http,RSTR,1.133194402753381,-3.1001947912913557,1.2325165646608969,-3.242071515098895,2.069164680787197,1.2560695859459041,R2L
2.4587869565931983,icmp,http,S0,0.48341839617379057,-7.849316441905362,5.464080765699042,-5.335065535788899,2.888076129985757,1.337680565519329,Probe
0.4456596686701939,icmp,smtp,REJ,-2.6566895425875803,2.270935322796483,-0.10534261697747205,2.482279212872975,-1.4791675480967732,-2.0990685557169986,Normal
3.0276782838845278,icmp,ssh,RSTR,1.8562399763632889,-0.2890216197765214,0.672185296184665,-2.444378311381698,0.7218131071594762,-0.5173059317377422,DOS
1.6015108707003547,icmp,http,RSTO,-0.9142604025662608,-0.861792496025914,1.3533700870552123,-1.285927912564914,0.23740083500139875,-0.0512924379589792,Probe
-0.1504058970368316,udp,ftp,REJ,-3.733298273850924,1.1824982171320924,-0.6281097990396944,2.077617454977759,-0.281497020805499,0.7366247587438376,Normal
0.06749317960208434,udp,smtp,RSTR,-3.058737990231459,1.4450432616689979,-1.9997476443057827,2.421026186699551,0.28215072734113567,0.7832548443957331,Normal
-0.8962288472973899,udp,ftp,S0,1.6540846386277765,2.2187355125755452,-2.39872815139754,1.7198345754613564,-1.8926444610729973,0.6159882546799984,Normal
1.096126907806707,udp,smtp,RSTO,-0.8502465470964473,-4.852602948107361,2.811220286912304,0.6649289778017178,0.4539979655919909,0.30266111597137635,Probe
-1.2380373649838199,udp,ssh,RSTO,-2.0537165405251603,2.5888246915684476,0.12536817518221,0.3768152077976004,-2.2590399331665636,-0.06632420445026921,Normal
-2.889156200544835,udp,smtp,RSTO,2.6578869053526124,-1.433386666851514,-0.4721701304476438,0.13986869692689388,-0.04307703968378984,1.1882530113369838,Probe
3.1012504585308793,icmp,http,S0,0.9946927116775168,-0.07593481678737318,-0.8937122720054014,-4.245732052274989,4.460022235095574,0.2955824872759336,DOS
-1.291882628482754,icmp,ssh,RSTO,-1.508225628941199,-1.0084096347798122,0.993260266890859,1.8360700340418923,-2.8768172931702463,2.0042168848472626,R2L
0.5031968434796195,udp,ftp,S0,-1.7524099664360817,-0.7569996227388724,0.16111294404446352,-1.9468288766169726,0.8623967872667351,2.437853077534923,DOS
-1.45697465267184,udp,http,RSTO,3.7529270989237453,-5.8341145976898,2.659199541444866,-0.7002260792478077,-0.11140674302132281,2.2303156791140153,R2L
-3.292880685336922,tcp,dns,S0,0.04564554498292406,-0.39378480042920494,1.0407004107367914,4.2242194208555075,-3.18160193531316,-1.202118615519939,DOS
-2.5693320157523996,icmp,smtp,SF,0.5020571030683705,-3.8563866502634636,2.8555550864466372,1.4290063922220135,-1.3427758922652417,0.2686972259256952,DOS
-0.07021753168749456,tcp,http,S0,-3.662766901137702,0.2835415321249101,1.4922748287146306,-2.9444649930008544,1.1046096030894774,2.530529305878071,DOS
-3.6396565631071582,icmp,ssh,REJ,-0.9257309311295259,-2.086348122967104,0.038622018760406274,1.0246520698901636,-0.22500372238796484,3.129485804664185,Normal
-0.12406561474391298,tcp,smtp,S0,1.7831981155003702,0.7508637868393956,-0.27062325684422506,0.8865477889688772,-1.8645439810370545,0.24336894427158617,R2L
-0.20199560089534285,udp,http,RSTO,-0.20634268307588166,-2.9529366892643156,1.7140574869739242,-1.5635449996406943,0.2305467017249916,1.4062679756688916,Probe
0.010972836012880016,tcp,ssh,RSTR,-0.6180213234136946,-0.023162680080075933,-1.2081621095100568,0.8159080690642134,-0.5771565744459004,1.7801784505573384,Probe
3.333453199695928,icmp,ftp,SF,-0.683968975027103,-1.2250874569790533,0.6758417077654367,2.055389485043674,-3.6932636261780702,0.02411834686967418,Probe
0.40455441620518695,tcp,dns,RSTO,-2.33585914917267,0.6214955790583286,0.8364418857543627,1.849560010314306,-1.6850196054340838,-0.36734289911897766,Probe
-0.4438725365245959,icmp,ssh,S0,1.5632802248439743,3.690718390653534,-0.1877301649003167,-10.3738161759899,5.158842310339608,-0.7307052296586147,Probe
2.8169983319960066,tcp,http,RSTR,2.8694909797351555,-1.2881636442486175,-2.487134367480822,1.6000662527942053,-2.7789956008559624,1.825560535280116,Normal
-1.9556479512837717,icmp,ftp,RSTO,2.741531216038111,-5.056098269722146,3.1569796389229077,-2.208277168712343,1.4621276285647702,1.6836018273683373,R2L
-0.08269948226176083,tcp,smtp,RSTO,-0.9579326460407336,-1.1657309933667124,0.8308438876476212,-2.0150505523819713,0.4851930548553677,1.418438974594798,Probe
4.1427704217072225,icmp,ftp,RSTR,-3.9732510674064043,5.0151915575803,-5.134229225892012,0.8841363519607673,1.6497081360585266,0.5874391809663447,Normal
-1.1932474528160877,tcp,dns,REJ,2.310551371649307,-1.9496602706282735,0.842963550247647,-0.5852962257292043,-1.7026334483735885,1.6069470331369613,R2L
1.0128788496140761,tcp,ftp,REJ,-2.5881249713188916,-5.350645130956736,2.844878287534576,-4.851978265703289,2.9458430341821304,5.888259497347915,DOS
-0.607644659295947,udp,ftp,S0,0.9195973957187474,-2.5115899502452983,1.6569637162949902,0.036412839780061344,-0.032617679810704736,1.1426291684606862,R2L
0.4163908047623439,icmp,dns,RSTO,-0.16236657086159967,0.24722094538517456,2.450634037013284,-0.9691623759891776,-1.1982262671997699,-2.7025455584055305,Probe
-2.4718687308724805,tcp,ftp,SF,0.44130452647295737,-1.22376503660468,1.6155083534666652,-2.176137436824168,0.4680318478779866,1.9285243969358792,R2L
-0.04999112297608854,icmp,dns,RSTO,-1.7222942807085562,3.4629532133954353,-1.1785907127721549,0.22358961516089368,-1.8009002113064905,-0.0686814828947051,Normal
-2.220069221246738,icmp,http,SF,1.186763971525757,-3.7415226584869714,1.3610757684362778,-0.5814932109288977,-1.1620419467422616,4.084152213571782,R2L
-0.9639271367270376,icmp,dns,RSTR,2.83855194457479,2.638844885561571,-0.9186543460085476,-1.1092225159187867,-3.0961073480718873,-0.24618273617586928,DOS
-1.4397186514892422,udp,http,REJ,2.255982102341968,0.09532736034129,-0.12223465636690123,-0.5312623794684708,-1.9010100211481187,1.1800083260849081,R2L
-0.788737554933042,icmp,ftp,S0,-1.917995015649593,1.9257035151734543,-0.40992991775472576,2.579431194206733,-2.9200628466056484,0.6347948377830608,R2L
0.13994063705261528,tcp,dns,REJ,-1.1189312892453407,-3.2337466181711223,1.885314881456909,2.78766851948317,-0.5102803458836325,0.21391076444521917,R2L
2.7876878380708665,udp,ftp,S0,0.19195091009168297,-1.2261968752483365,1.9432457045285916,-1.21258431381336,-1.0177684804015925,-1.5205938310585805,Probe
-1.1877368593697613,icmp,smtp,RSTR,-0.6511580725027666,0.8477821505739686,-1.4249409837978924,2.381833831803418,-0.8544088852377668,0.48087619439869755,Normal
0.3808988642944333,icmp,dns,SF,-0.07609823298687113,4.459822801704893,-1.2892875835652435,-3.2842048698990807,0.7159327551552102,-1.1240533243978614,Probe
-1.190281056661774,udp,smtp,REJ,1.3168828652567877,-2.9123732841267023,1.0057106623803327,-0.34101815603460983,3.229323333243192,0.5372404588647576,R2L
1.4613774121430625,icmp,dns,SF,-0.4588224445799609,-0.32938046917657177,0.6145133308959964,-0.4420528397657794,0.27744299640326164,-0.6054383109904049,Probe
0.49477477817062676,tcp,http,RSTO,0.05237850458004445,1.1451681405411172,-0.7665645177780899,-0.5538098432123879,-1.6158120496091342,0.6440231827951497,Normal
-0.4405726289698024,icmp,http,RSTR,-0.9903815117818618,-3.80389132539021,2.120879764592675,-1.996033168497863,1.3921031828418315,3.134604539011394,DOS
-5.2746981121512535,udp,ssh,SF,0.07511608112875212,1.3002883970235446,0.8198717404526136,2.707598124676066,-4.271826173076227,2.137621008048017,R2L
1.1413706715819845,tcp,ftp,SF,0.4454018208507916,1.7932388784764794,-0.8084809217943758,0.06077963965458797,-1.5224469858482617,0.3240729797102303,R2L
0.18672507385214732,udp,http,REJ,4.167750671789405,-1.4169170348595663,0.30493265690577576,-0.5063039792945552,1.1744218058091294,-1.7245342607604286,R2L
-0.3961928891820893,tcp,ssh,SF,0.036246975543542614,0.441879755539042,1.037341006462599,4.518839326882183,-2.8424290504471244,-2.63645831684183,Normal
-2.767048887587724,udp,http,SF,-3.930880411135207,-2.7902943969973615,4.080174602548661,2.4554648981009977,0.08403642161503844,-1.103732671665949,R2L
0.9198108862898575,udp,dns,SF,-0.21774494914546993,0.577777126968431,1.019653710427878,-4.627745770134061,2.332568404949386,-0.9184637675487268,Probe
0.6051423530841726,icmp,smtp,S0,0.29685343482100857,-5.195816590502683,2.1836660450715173,0.699156961319749,-1.58000925816468,3.0339370501346936,DOS
-0.8718975562269269,icmp,ssh,SF,-0.23492555089860845,-0.8325582855397902,0.6916912216056528,2.5578782388780037,-2.499464298250497,0.18253894755799072,DOS
3.4786962215693347,icmp,smtp,SF,3.972543614114333,1.6405598348398742,-6.23504464599686,0.6944986006567085,1.1795613727374656,0.6917459427010764,DOS
-3.6255370367490043,icmp,smtp,REJ,-1.6280248258125027,-4.648192486004756,-0.09162003991682455,2.264012244467931,1.1648260508251986,4.771915962913168,R2L
1.4335284906269843,tcp,ftp,RSTR,1.1410863792197363,-3.3118661553969124,0.8734495538394302,-1.4046863468049866,0.8900993761148219,1.8592614515434276,R2L
-0.22378734599679384,udp,smtp,RSTO,-6.0683733541959555,2.2821258899157764,0.09407947414913731,0.8463663900587574,-0.34389058578535303,0.4596752459461848,Normal
-2.530840314418789,udp,smtp,REJ,3.341722450024588,-3.2512503491727576,0.9401267577845498,-1.9033355397187002,1.9818148340607935,0.4607432781601153,Probe
1.430419260568352,tcp,dns,REJ,-3.3990200633800964,-0.6959004620893644,0.3409285099380098,-3.7798762262250434,2.2902167165172345,4.71191490644831,DOS
-0.8535558918991619,icmp,smtp,S0,0.9768193291710261,-6.054050014091675,2.9989837230500624,-1.2712931810374082,1.1021462779136186,2.5875776640597197,R2L
-0.7080612514090224,icmp,dns,SF,0.5502366630036484,-3.5769087549402685,0.7672221050285213,-2.4553313080074726,1.9278068836621935,2.4766007864749406,R2L
-0.29039882919748705,tcp,http,RSTO,-1.3358712746612862,3.710096231175064,-1.427027869925098,-1.4833645333360452,-0.28534509904951855,-0.21262320668267787,DOS
-4.068128712642103,icmp,ssh,RSTR,-2.0749191092159176,-1.6709923215647444,1.3434979253775756,2.033123503117356,0.549597452419633,0.4410200884746399,R2L
0.5868138714124317,icmp,smtp,RSTO,-0.15053806769474765,1.3740760968602521,-1.486003620434076,0.07447395882853491,-1.3232177442418234,1.010031880673805,Normal
-0.40265663018343656,udp,http,S0,1.772451014717881,-4.717648559337676,2.3371818313201893,-1.1187473768890812,1.3830478476016521,0.3465602172519473,Probe
-1.3203919761429326,icmp,ssh,SF,0.8223687485712474,1.8589522085784145,-0.5416626924534012,-0.5576881138483751,-2.1834799622687218,0.2557039937629759,Normal
0.22929186764794918,tcp,dns,S0,-2.370383930498946,2.6803810413514535,-0.546453873542692,1.1129655783439298,-1.2132318504946593,-0.02750148198860425,R2L
-1.99190668107001,icmp,http,RSTR,-0.012237812567445938,-3.151743845764171,2.3426384583214475,4.393839117303316,-4.077988700576933,0.3547169455551398,DOS
3.911172549009958,tcp,ftp,REJ,-1.7914604500267588,-2.8064280689252477,0.2797339311310657,1.1264403062462713,-2.327743969603285,3.464453802778836,Probe
-0.9835968114188367,tcp,http,RSTO,-0.6829537579935054,6.2077149352577825,-3.988414175202818,2.2645898231275416,0.5726887156233265,-2.3513396901294676,Probe
-1.1341802285466533,icmp,smtp,S0,0.39702840567245734,-1.2187883934099644,1.5805438691374745,-0.46368234340621284,-0.27667132874608,0.1544934788037149,R2L
-2.469195467746572,udp,smtp,S0,-0.7825149206401009,2.990150348146408,-0.00392381493884475,-0.5644445485392212,3.1120161396333463,-3.4041238159672504,Probe
-0.9643387026779494,icmp,http,REJ,-0.13650799719028228,-0.0663436583184646,-0.5108635275112534,0.790039420745531,-1.025983235602404,1.8230444618258748,Normal
1.2856255434935353,tcp,http,SF,1.2145433941150476,0.49064195031226826,0.14000748918595995,-3.566312194096963,4.289099233505557,-1.0820422840153603,DOS
-0.3627619906872743,icmp,smtp,RSTR,-2.207124062530157,-0.23716045211725598,2.342971000184897,-6.3730453939422596,2.6910028396547543,2.5685910989222034,DOS
-1.8934984449265486,udp,http,RSTR,-0.017917480323584645,-4.539960050662508,2.610210270067084,-0.47484747422305296,0.4187469523731715,1.7007318171760688,DOS
0.9788944690453663,icmp,dns,RSTO,-2.2596413342378066,-2.1276063766773734,-0.35231697124132944,5.972844216528966,0.3810238678062454,-0.48238757391393006,R2L
3.989172687879773,icmp,smtp,REJ,-1.3456487194280378,-0.33539006900005974,-0.7638464257030233,1.1694826129509628,-3.1187371583444947,2.356473221960668,Probe
1.0786958409837482,udp,ssh,RSTO,-0.49190315249580474,-1.3852494115446956,0.06995434610495677,0.4899330830207303,0.6616985191702085,1.006184580366251,R2L
-0.5595396064245086,icmp,http,S0,-1.4349469078672912,5.8729654364822625,-2.61903709174077,1.648622299583238,-2.277734883742454,-2.8426274467851376,DOS
-0.4305855678368462,icmp,ftp,RSTR,-1.3603863340202502,1.1566056603562231,-0.20109164852059047,2.1256381820988537,-2.67917801041313,0.3912016336317008,DOS
0.7170630585403597,udp,smtp,SF,1.0714814741535035,3.1842591439205026,-0.9195928405957825,-8.933544588262524,4.545129013762525,0.8731405748564002,Probe
-2.5552375862485244,tcp,ftp,REJ,1.462184368237295,-0.0066346260642719855,1.1193545072364754,1.7604767659376224,0.5666670796115505,-2.1900731078886615,DOS
0.7772888891254865,tcp,dns,RSTR,-2.6477987138594146,-4.118867981319973,1.6445602181277912,-2.28813933100431,1.441854185330028,4.000792593418403,Probe
1.8521269468193122,tcp,dns,RSTR,1.6669637624017266,1.2726073151770463,-0.7057778813935018,-1.9141808988689604,-0.6479236692919613,-0.7593181733241288,Normal
0.3119485410972267,tcp,ssh,REJ,-0.8310673921278635,0.009469636951160893,2.2944692210760422,-1.6030983594323416,-1.048949495240787,-0.8859979043185793,Probe
2.0990687065431386,udp,http,S0,-4.6892196701528,2.529181905059193,-1.3959994975262724,1.5996109171721566,0.5462225742020972,-1.054859529728656,Normal
0.1526950825234067,icmp,dns,RSTO,1.1306568360713516,-0.9802233737422861,0.2968019498531318,1.9462989637392254,2.492689040755952,-2.4258795150364527,DOS
-0.9487890484156454,icmp,http,RSTO,-1.3726383655666656,2.7644473624500274,1.2658619872033683,-2.924849576821679,0.4010979415044249,-1.1447926496389684,Probe
0.30996248656606407,udp,smtp,S0,-2.2264683130750953,-2.0505442123864452,2.865277143799791,0.8056138889804146,-0.47899498831356946,-0.3738183997964426,Probe
-0.25924942586448285,icmp,ssh,RSTO,1.8780958075234113,2.822428144831734,0.4526031247673237,-4.824587164228294,-2.1389170496835503,-0.0660228678890955,Normal
3.2780951879632005,tcp,ftp,REJ,1.1937411808487166,0.5482636245032089,-3.863508255287795,-0.49224675610549107,1.752833419685555,1.1872207438145401,DOS
0.7153623069185764,tcp,http,REJ,1.9815963133057863,1.9990964163718634,-0.3055563603564152,-2.9086873147940713,3.1088245356446773,-1.8919975331970842,DOS
1.574016418355757,udp,smtp,REJ,1.0299252057394928,-1.9867913706773288,0.39454975928026803,0.44147031151455757,0.0058998524954752,-0.8981432315807367,R2L
0.627274775740411,icmp,http,SF,1.9424111013833767,1.0018739901153069,-0.3396950558392434,-3.3987558873024435,1.0167940521174281,-0.3069009810087022,DOS
1.4911258006964705,tcp,smtp,RSTR,-0.6336168907452164,6.136831085833617,-2.941193013321129,-4.755212958966875,0.49930466544907814,0.5975909233052117,DOS
-1.4227529512064918,tcp,ssh,SF,0.765830967425388,0.65114403752531,-1.6369149374556975,-0.535355971432087,-0.25517467569406405,3.0387283796001876,Normal
-0.017837599437405482,tcp,ssh,REJ,0.14656376095591683,1.0275596888808785,0.5833778426609078,-4.877151268601285,3.3925204150195984,-1.283224612568279,Probe
-3.9930034540574577,icmp,smtp,S0,1.6511087400323716,-1.5753981349533177,2.103560588322691,2.940828598919326,-3.2700134479656957,-0.8012742075754864,Normal
0.046385484839894575,tcp,http,S0,-0.1184907201259473,-1.4835084882179765,2.619305343102206,-1.012163967429437,-0.21965294280341863,-0.7850821505666132,R2L
-1.2809452701873218,icmp,ftp,REJ,1.1910465759063125,1.8188015813630294,0.1232005181048299,1.7268385386137306,-3.328621609892629,-1.0034090726964808,Normal
0.12534716679643698,tcp,smtp,S0,3.012217941452173,-0.0034632860864752027,1.8083219393873202,-3.5780571235221887,2.968077815237131,-1.911518355843811,DOS
-0.40293354002452086,tcp,smtp,RSTO,0.34763058584716255,1.517073382189585,-0.9106343358044084,0.9360816615777678,0.8803553757573203,-1.3200659835960216,DOS
2.1924196236530205,udp,smtp,RSTO,3.171388962837872,3.9560825676018254,-1.994601306601278,-5.001440362156691,1.3379432073402597,-1.499463618148599,R2L
-0.37703421149671934,tcp,dns,SF,-0.9274375335319192,-2.4896796985790526,-0.3537774206039497,2.644619101606733,1.2276188191636745,1.5251077547208174,R2L
-0.6706115637091026,udp,ftp,REJ,-0.5699347571497966,-1.8025779288651196,0.7187760434069226,1.5430477929275983,-0.17534373520977908,-0.03140859362777393,Probe
-0.9191300998721041,tcp,dns,REJ,-1.0883910481952848,1.9483999360248583,2.4629719259315523,-1.6079512364127908,-1.96039068978771,-1.7142645190006562,Probe
-1.46680055675977,icmp,ftp,RSTO,0.8694936364169146,-0.0775007199641188,1.0240356091984553,-1.460188077384457,-0.45113244379363204,0.09170353463710501,R2L
-1.8700546108862257,udp,dns,SF,-1.0384252918586991,-2.5510167044105594,1.5472896281604398,-0.34535568070005235,1.6065984662547077,0.4495322919961824,R2L
-2.9145318097305686,tcp,ssh,REJ,0.25805813282254264,1.1092092517362617,-2.385220296077529,1.185801824871121,-0.9869438537136549,2.8948637261711636,Normal
-0.9342851988883012,tcp,ftp,REJ,-0.8864463123963282,0.1740683938996662,3.148403535032165,-3.616147196537462,1.0933214991727795,-1.6144191156011836,Probe
0.8696444788435587,icmp,http,RSTR,0.4865810056064913,1.1994074118250069,0.4208551736341355,-4.680021714838186,1.9906545684418415,-0.6460971332991672,Probe
0.26587036558557964,udp,http,RSTO,-1.4387888207844366,1.8636426310369432,-2.7334824883808686,1.3089070482475267,0.21463508814947763,1.018304830656637,Normal
-0.39753774435701317,udp,ftp,SF,0.7113935057312581,3.895084856372676,-2.4308876890573328,0.5373332834548397,-0.2596215635823593,-1.498918745867444,Probe
0.011211615853557677,icmp,ftp,REJ,2.8299766725495688,0.08470602603049848,-0.6155182015548735,-3.6090288974929976,1.7149337317867905,0.13083941319144687,Normal
0.34466528952320674,icmp,ftp,S0,0.2914644662571545,-0.6620957765559826,0.5091088885083386,-3.8725805542987826,1.2289332555536259,1.9343447732628922,Normal
1.3265133565366483,udp,ftp,SF,-1.217659987345989,-0.6289408163282558,2.2474566249452,-2.4053297986752393,-0.33554700740464194,0.15193373978026847,Probe
-0.2365003710364192,icmp,dns,SF,-2.7837301454427683,-1.4214373995319909,1.6266496397447443,-1.8578181664413846,0.595628231179649,2.653859126071784,DOS
-1.4507280338574795,icmp,ftp,SF,-3.2647206689337933,0.9023823522878429,1.322491348727489,1.5885520807745523,-1.7013497082900746,-0.08073377232831747,DOS
-1.6590503612018646,udp,ftp,SF,-0.9423120668081155,-3.3665100850405953,2.633842545380234,-0.6660484716071423,0.48353732439453445,0.9772215186450798,R2L
1.21080348541294,udp,dns,SF,-0.10741993250498139,1.7525613273168517,-1.812525167142634,0.7861604238270007,1.9039569924334225,-1.7002491403759992,Normal
4.008409376381974,tcp,smtp,RSTO,-0.13059083990187026,-1.5041108659173537,0.02458323335802781,0.19301954334942442,-2.1646508354521066,0.407881665061819,Normal
-0.7890159753438181,tcp,dns,RSTO,-2.0330847296110734,-4.1300006429288425,3.2765708574600882,-1.3512394669867709,-0.19392026845931143,2.6619446831856926,DOS
-2.4419708365306745,udp,http,REJ,1.8260776134716747,-1.9080955184781907,0.11880530003974776,-2.8963541462240987,1.4795488492374544,2.4923145147849493,Probe
-0.09512315341068711,udp,ftp,RSTO,0.528905347579067,2.407952900714483,-0.7802135233196662,-1.9583332958272852,-2.0201441871466415,0.9716572652965187,Normal
-2.0887028650387984,tcp,ssh,SF,1.0467198901425299,1.0302266066551269,-0.372949606466521,5.2081899324713685,-4.041661943006071,-1.6889939593570582,DOS
-0.525642172576176,tcp,dns,S0,-3.1522189312253506,-3.7424932546285508,2.53039677268295,-0.6460082606329411,0.01079559278475184,3.1764840935834986,DOS
2.3249001943345844,icmp,http,RSTO,-0.4233542171836461,0.9019386799380279,-1.9808025884711005,3.6766715037462667,-1.3487180531457934,-1.207925817438579,Probe
-0.9525308673496984,udp,http,RSTO,-0.5967450265865992,-1.4518278780263068,0.1896678748493429,1.4180245929519675,-0.7919487484161379,1.5614954200143307,DOS
-3.0770608778867765,icmp,http,REJ,-0.5124922414268553,1.7974131913042708,-0.6454048035044095,3.4197739309497086,-1.8760043793050425,-0.5801823006140601,DOS
-1.6179743271957063,udp,dns,SF,1.2343210573749923,-1.1004790261635207,0.9132473242641006,-4.899372935584784,2.1405911263213815,1.9254619478509984,R2L
0.9628645769402637,udp,dns,SF,3.940925337279692,0.10561842288180268,-3.944044655550517,4.611647437618583,0.6083136699604266,-1.7714711577498767,DOS
-0.6421450265049646,udp,ssh,REJ,-2.925470247214989,0.8155463923067395,-3.9363552813800986,0.5365794133723106,2.0098801305576792,4.574145060531051,Normal
-4.507901548650192,udp,dns,REJ,1.558746188720128,-6.091799665771493,2.4507254860805467,0.5029058718319132,-1.6137902757776499,4.8178220275268515,R2L
0.6197499995658085,udp,ssh,REJ,0.4271526313823615,3.778199730184154,-2.0921331680639215,-0.0710378724706487,2.9834332391082823,-2.9205271547667975,DOS
-1.431064866765418,icmp,ftp,REJ,0.16966934799036149,-1.6775323702766116,-0.1704252960751147,0.347221996754151,3.4307842660919468,-0.03390191359473338,R2L
-0.5285976480271329,udp,smtp,S0,-1.7670403342136805,-0.1561278520009313,1.3764875881055905,0.35698482718760854,-0.507625056125097,0.22084489620060432,R2L
1.4981618818324525,icmp,smtp,SF,-0.9173059121864905,-3.2422987946894484,0.3995029487872521,-0.021392697768238187,-0.9597642981226715,3.357192131471399,DOS
-1.338546311110272,icmp,dns,REJ,-1.4335069509389267,-5.506013606846974,0.9387737745882796,2.5305731808096907,-1.9782566438599885,4.743160444834333,R2L
-1.054812976272012,udp,http,REJ,-1.660460920106577,-0.7131594909068121,1.6888918279685154,-0.22089967990892062,-0.911860040798147,1.3129033301380233,DOS
-2.2566197625182385,tcp,http,S0,2.115305137198388,-0.15759550219725574,-0.734359106653482,-0.9931964312976834,0.11996707440697674,1.252376276197578,Probe
-0.5739348125243603,tcp,ftp,S0,-2.245318357901694,2.1880923503091987,-2.9787473898164407,0.0484377627511335,0.12007515481513842,4.012403514059642,Normal
0.38867151821791435,icmp,dns,SF,-0.7495270315269786,4.412580024950318,-1.6892104316484833,-2.602028783542418,-0.03446417720953532,-0.09447926809492047,Probe
-1.4314430841424737,tcp,http,SF,-2.1917310664173053,1.7178394267114583,1.6780617358952452,-1.0522125029021867,0.2119427549951789,-0.9692389666013701,Probe
0.8945436416698345,tcp,dns,RSTR,-1.3397611161058638,-0.5088533821939489,0.8019210079973438,1.8554309538293159,-0.35450837003125235,-2.049845417685587,Probe
2.119448316930977,tcp,ftp,S0,-0.23960816063702217,3.1477502224203535,-0.8973453879891218,-3.1099315381314034,0.3155722953687612,-0.11926833086885524,DOS
-1.8444006621414304,icmp,ssh,RSTO,-1.21650894865616,0.6067850958345451,-2.2922371351134387,0.506468237867858,0.24341159957869385,3.0238819655731612,Normal
-1.0114242205078954,icmp,http,S0,0.09138685839320926,-7.825202920243726,3.5730465708732226,-0.22436252965813502,0.7205218520304251,3.244494746455242,Probe
-0.15324243639035118,tcp,ssh,RSTR,-1.5492454656244123,0.933030193608884,-0.36449725585689463,-0.6629753975295977,-0.22551281656050048,1.9976958272214684,DOS
-0.7794419481562549,udp,ssh,RSTO,2.0697441952143634,1.091549238470139,-0.16867903090505398,0.28259644857100974,1.688802601791695,-2.266751168995427,DOS
0.7610252479311517,udp,smtp,S0,-1.000589103285881,-3.059698613860381,1.3092742210773105,0.42036436154614343,1.472493026184337,0.37915873031349445,R2L
0.3506103707829479,tcp,http,S0,0.6312069710198951,3.373460715804116,-1.8343353733257015,-0.4843079734730116,1.4231379184153146,-1.7234920923297203,DOS
2.6050419080046323,icmp,http,RSTR,1.4370503339535716,-0.6576274263016448,-1.1496815288641364,-0.4256118713491702,-0.9723526536720911,0.9686783967553161,Normal
4.976573357794155,icmp,dns,REJ,-1.9157829229573404,-0.05964224934694209,-1.3325885540577558,4.399256438179123,-1.7386611030193557,-0.6279199473712354,Normal
0.1800583827815947,udp,dns,RSTR,1.4532544567960262,-3.7623327135144824,0.7097398759955947,-0.9018249730683763,2.0836176530437487,1.3509838188298504,R2L
1.4679954441220016,udp,ftp,RSTO,2.317473927985882,-0.17703900920775117,0.15449083616659431,-0.33426641403321555,0.7364018601002815,-1.493877539407963,R2L
-2.8678550226700787,udp,smtp,RSTO,-2.44795999357631,0.7400711394126758,-1.2314250336721346,0.7996410754897264,-0.7685026752669211,3.9027973456853498,Normal
-0.7893951557495618,udp,smtp,RSTR,1.2378556435614811,-5.36665422370479,1.582139591114029,0.7477986517790205,-0.3519125302612618,2.3165232530434183,Probe
-0.5339276684718026,udp,ftp,S0,-2.427366886549677,1.451576139138828,-0.43484034682555683,1.0266704007032597,1.5907667318634515,-0.28441269190056895,Probe
0.928052845243118,icmp,ssh,S0,-0.47468197305882043,-3.2003395397789203,1.738128371808032,0.33884220739319254,-1.4851934455655302,2.3458465175169763,DOS
1.6754913544049046,udp,smtp,RSTR,-0.5529099140860729,1.4801810437728122,-2.164200756100958,1.2297758725493504,1.6850720251056224,-1.0762589282025214,DOS
3.138940194124956,icmp,ftp,SF,0.3484137584010911,-0.5841397568855353,-0.5385615295080339,0.7764514585548273,-2.631310037796492,0.8223753652648407,Normal
-0.6098971142596143,icmp,ssh,REJ,1.7273220061915824,-1.2520698508508952,-1.6672068513861298,-0.08758697333462197,-0.2766307165254962,2.516798424992073,Normal
0.7692721006279577,tcp,dns,RSTR,0.5781281964786353,1.2300706518298725,-0.6713742465998744,-1.5435108073716886,-0.4594945594128881,0.07995450896054845,Normal
-0.324951985773995,udp,smtp,REJ,-4.07133422104543,2.9710638223692905,-2.143271476465575,0.23377019459760254,0.016973021429437907,1.8391240446551267,Normal
-2.3942314623548215,icmp,dns,RSTR,-3.1583576380330145,0.7594073935205684,1.3091798107393193,1.386779194423654,0.1245496225435393,-0.6563797997019867,R2L
-2.763626279702512,icmp,smtp,RSTO,-1.5779378383233578,5.933338738085723,-2.562989804532837,3.0743464696033804,-2.721622462972381,-2.6865297962649906,DOS
-0.42402896876719565,udp,smtp,REJ,-0.18486700575321557,4.308757498753971,-1.0272777611730712,-0.7803849250209705,-0.637460145643477,-1.300873974228459,DOS
0.15557294828364787,icmp,ftp,RSTR,-0.3882046052384984,-5.520830165651098,2.725077796112888,0.8729860193475962,-1.0946466594638569,3.2792935092200417,R2L
2.296459395773158,icmp,smtp,REJ,-2.0188895906614257,-1.5556949202070547,2.2441029842708016,-1.5346106078611848,-1.2019146622184274,1.459216606113304,Probe
-1.1398149701637346,tcp,dns,REJ,0.8802794201849347,1.8850216690351025,-1.1882250328322592,-2.2176198049656928,-0.5147008852874845,0.7150573944044127,Normal
-0.7399089927028861,udp,http,RSTO,1.3029058443356556,-5.668531321991681,0.9611791425021641,-4.049222885752197,2.6421177358665666,4.345117627609099,R2L
-1.3336794123611544,tcp,http,RSTR,1.6236068349092596,0.07433795366104676,-0.6474619107540163,1.6777906629628656,-1.5988001045029845,-0.20828223192220352,Normal
-2.5304967919771375,tcp,ftp,SF,-0.6081385402559334,-1.1718827612278597,1.5710946853614844,6.3832516137710815,-4.252213234771952,-1.130758368316287,DOS
-3.6637652862394434,tcp,http,REJ,4.638567392927269,1.908514638578949,-2.000830779341052,-4.710591144158177,-0.16940581273566702,2.1399252519174214,Normal
2.785376507946989,icmp,ftp,REJ,-0.7917837743122588,-5.4055637102090905,1.3153364748772691,-1.2819491229794175,-0.031730172745158214,4.277897291942429,DOS
-3.769093692551106,icmp,ftp,S0,0.07836471288539859,-5.720103826236821,1.6768990386160227,-1.1284890645775352,3.086382720367974,3.6281390705783427,R2L
-3.4987176706403447,icmp,dns,SF,0.28702630190522305,-1.4349846837839046,1.449053442611877,-4.272197121062575,3.434342435464575,0.992070051961419,R2L
0.8503878110232291,icmp,dns,RSTO,-1.1324041270861964,0.5521906635032572,1.0958366140307034,0.1194312721068364,-1.5468276443240283,-0.6966480689596335,Probe
-3.3177300265822116,tcp,smtp,SF,-0.051786952527391295,-1.1994751204386962,0.4035763225122462,1.492951843104796,-3.9159703266710584,3.845133715824894,R2L
-0.6285379574396417,tcp,smtp,RSTO,0.4137567176520762,-0.36925216642543357,-0.408272511700541,-2.2396063397927626,0.7548841470987135,1.9491036326259645,Probe
-1.8980141697374877,udp,smtp,RSTR,-1.6865497103695508,1.185854944745433,-3.176821877379388,-0.6784993818331008,0.3077575426456227,6.466129836377953,Normal
1.7439062436244424,udp,smtp,S0,0.5952078308499889,-0.7412599182543245,2.29171625612923,-0.8296666230781159,-1.9259693131918465,-2.333142894687157,Probe
3.3604245783484767,icmp,dns,RSTR,-2.1582687515431376,-0.4795920060540247,-1.0793157758201888,0.9544759875512215,-0.5883762817508165,2.331384489180278,Probe
-0.41043959203187386,tcp,ssh,SF,0.7452613273339959,-4.694567799975967,2.494406043543039,-1.6085653031502793,1.5348073872729575,0.8072077356505192,Probe
-1.4794435032563993,icmp,http,REJ,-3.2756808013970082,4.162072367981331,0.9636455313891722,-0.772961603707294,-1.6849296679668255,-1.9395452212204791,DOS
1.2246804124286688,tcp,dns,REJ,-1.3909255713929682,2.7134385857086047,-0.8956534714218626,1.604956584553074,-0.350966157732431,-1.8576763867083335,DOS
2.400675832532909,udp,ssh,SF,-2.664051708551143,-1.1662083379676023,0.32785339548128145,1.6488011591966762,-0.4783904075114419,1.0467489014649538,Probe
-2.869116585867483,tcp,smtp,RSTR,-0.44924422290349375,2.2745967649141137,-0.23775538356781412,6.474945309538143,-4.835427645768112,-3.086718694539125,DOS
1.1153682549057335,icmp,http,SF,-1.4371981146563753,1.2690335516499562,-1.9705355439264496,0.5645076715229224,-0.26802387865624855,3.2633302687836876,Normal
-1.8454712771897435,tcp,smtp,RSTO,1.4813277242939695,-1.4819471399216813,0.11485213366564107,1.3579446755512887,-0.21481058121137164,-0.29233775113592,Probe
-0.6612746628014073,icmp,dns,RSTO,-1.18638763975254,0.015319803920254369,-0.06592008511281033,-0.4018524609243566,0.10313323363321136,1.5535044973449685,DOS
-2.310432837700198,udp,http,RSTO,1.5242101143406082,-3.6725940474860215,1.0275575992280057,-1.0404404057885774,0.9966000852945752,2.117042011040569,Probe
2.878804954235884,icmp,http,SF,3.1816262200810623,-3.8087702617638963,1.3510731405097602,-0.7451528967246664,3.0679083700189596,-2.439412803275629,R2L
0.6173678309409338,icmp,ftp,RSTO,-0.9198667943366388,1.4058503542394503,0.7997734070554734,0.24740047849310132,-1.306102822898204,-1.7119056191814581,Probe
0.5841432934419775,icmp,smtp,SF,-2.163590043304971,-0.09631425516173829,-1.0706735034840094,1.6282263936913657,-0.7278055123899532,2.00791619625561,Normal
1.4980445638514512,icmp,dns,S0,0.8088332371451121,3.3743261564125873,-2.4297878721286272,-0.6118452036734336,0.9805566327521725,-1.2855491888143236,DOS
2.9805823987718263,tcp,dns,RSTR,4.356260512121468,-1.1504503088024263,-2.373707535499978,1.381696254232035,-1.0279395242579539,0.19419282263867355,DOS
1.0807578804142288,tcp,ssh,RSTR,1.970750855758058,-0.6448299422562842,-0.3244599984285693,-0.12033172945421478,0.6307062699235187,-0.4251337525708442,DOS
-2.1082190608629308,udp,http,S0,0.5367019810504992,0.004672659678716384,-1.2621815582977418,4.2765041962878385,-1.22410502910685,-0.667334457758076,Normal
-2.3551630759016486,udp,smtp,RSTO,2.856140177402673,-3.988435497584901,1.9237769758111738,-6.209590664639527,3.1308159408984038,2.6955265670086344,R2L
0.7920692515299732,icmp,http,SF,-0.8683829487155796,1.5717970690978103,-2.4244718075982887,3.745081256893662,-0.4186768725164024,-0.3273762458098346,Normal
4.422827154361385,icmp,ftp,SF,1.3041132828271313,2.026178421019322,-4.1987213773007905,-0.49859341630237713,2.0223205671088245,-0.22577171634932536,DOS
0.11060436947846064,tcp,ftp,SF,1.8366780925967312,-4.934678107808844,1.8646202675129362,-1.4279766764323458,0.10512997134124569,2.890169790081543,R2L
-1.8091651326508846,udp,smtp,SF,0.42786619503675605,1.8648192367812968,-2.465184915383224,0.6897438415112106,-0.8368452594385754,2.4721310718554284,Normal
1.394496966966108,udp,ssh,RSTO,0.029098299298301766,1.4019350126666297,-0.45633692909903767,-1.0605268644102213,-1.1370335812129637,-0.3587513569474998,Normal
1.0611203289561781,icmp,smtp,REJ,-0.04158023876031103,3.6598599193548353,-1.9447632613427195,-2.5056800715261787,3.7051663285709995,-1.608779224108109,DOS
2.5793609649522082,udp,ftp,RSTO,-0.07393846901222612,-2.3021067352559164,2.354453306411845,-0.05377352287045203,-1.9092889852595774,-0.9566618216198963,Probe
-0.9169046096393719,icmp,ftp,REJ,-0.18933342882995507,0.35010353467752847,0.8843859497354953,2.052780678178431,-2.4352032500423597,-0.2611297920905231,Normal
-1.1380103513059896,tcp,ftp,RSTR,1.105908523085343,-0.22269469141120124,-2.2415553865751954,0.18885957896049765,-0.8845516699129667,3.2343708540231906,Normal
-0.7795933181065562,udp,ssh,S0,1.0707880889268115,-3.3974221068625314,-0.8933037855049444,-1.335526281337502,3.755754327391418,3.2381622480472503,R2L
-2.3030844894473,icmp,ftp,RSTR,2.2344695546228204,-0.9086332123109488,0.6617790244440132,-1.595687006338587,1.4080476014635508,0.186390532260852,R2L
0.2265338499447217,tcp,http,REJ,2.487168796898273,1.5981964927334251,0.684607245510674,-4.4222708909901876,-0.7906469336462061,-0.4966953470949811,Normal
3.2561325511745625,icmp,ssh,REJ,3.921560058091559,-3.4620548899514665,-1.5780455700410958,3.364368779730658,-0.20454332024040545,-0.2995247280854234,DOS
-1.572894679915488,icmp,dns,RSTR,-1.2846466795237175,0.6589005444375864,-0.6088244471262729,0.3521316194425263,-0.8696829020517696,1.6846781147686416,Normal
2.155211532432346,icmp,dns,RSTR,-1.3749917366209918,-2.400443789679097,0.460708536964465,0.7462326335673019,-3.296856939856967,3.303301717979917,Normal
2.0407421081623935,icmp,smtp,REJ,-2.017279893894933,3.4773239292556264,-1.8845003975746524,1.9187878018119673,-1.1498847947513318,-1.3909218112647492,Normal
-1.599929511962213,udp,smtp,RSTO,-1.4982465669635883,-0.11729788825275514,-1.7028099174864044,1.1173156271107088,0.19875747552255807,3.3255395919379858,Normal
-1.1346781905220598,tcp,http,RSTO,-0.7275723734765567,-0.18125135689740146,-0.2089375997783327,3.6962039316173545,-3.032318267916394,0.16375161076200562,DOS
1.8430160188500517,tcp,ssh,RSTR,1.8546327812849444,-1.476377660856335,0.8526175510128498,-2.947264322219209,2.173193690358153,-0.28228020690931843,R2L
-2.2213309419459573,tcp,ssh,SF,1.7744730873276846,1.2542467444760335,0.16309326533142032,2.052552521448225,-3.2565982203304924,-1.352791514603065,Normal
2.834383134766171,tcp,ftp,REJ,1.2893065422900178,-1.6388092493197328,-1.1081797610980324,0.45370528921760034,-1.8577405922187364,2.6188191912202377,R2L
2.0616473860981657,icmp,http,S0,1.569519059919298,3.592871475135183,-1.9928744651614687,-3.267551816681079,1.4077695683264584,-0.770496979182026,DOS
-1.249564575884813,udp,ftp,REJ,0.20944561659311978,-3.4670805460195906,2.678199506752989,-0.4682719989672655,-0.8565800742680696,1.2046941195280765,R2L
-2.332084757763418,icmp,dns,SF,-1.1889500065504726,-5.388048317800307,1.5016930466283716,-1.3570756111024962,0.18020777281085731,4.964758086928613,R2L
-2.921544998005357,udp,ftp,RSTO,-0.596803051643549,-4.036893957068454,-0.2557800100022678,2.0379327684807613,-0.2909649090307518,4.25892940340678,Probe
-5.765896694618721,udp,smtp,S0,2.166071813682417,-0.6701811281568963,2.5496042425144156,1.1923170323405887,-2.723416180094085,0.08246829837550651,R2L
1.429165842428574,tcp,smtp,SF,-0.18212239898011795,1.8891597342518893,-1.7070091726316141,1.6923127636080753,-1.5978489334662211,-0.3884191456811724,DOS
2.434418010579901,tcp,dns,RSTO,-0.10651601060000959,-1.657792916031326,2.8341279263515604,-0.9840137400170882,-3.0172770558893434,-0.7896480620541562,Probe
2.0358143272870355,udp,ssh,S0,-2.2108956963000033,5.108153111839512,-4.586851365871971,0.22504621840132238,-0.040672934404390904,1.9747812978328856,Normal
1.4800200613458119,icmp,dns,S0,0.16155732478589413,-0.8894931120467081,2.4189251889864565,-1.093164479831737,-1.270070131948915,-2.038413892730521,Probe
1.695822242188299,udp,smtp,S0,1.35364868909976,1.034256671635356,-1.1196384355067366,1.9725818790995344,-1.4083024252425562,-0.9762094890343669,Normal
1.0059422998094174,tcp,dns,RSTO,-0.254752881926531,-0.5858677653250102,-2.0542508399366204,2.261292022587514,-0.5077441127054838,1.0643125204878778,DOS
-3.2733265706058194,udp,ftp,SF,-0.783819256088334,5.385677000417699,-0.7216409605888714,0.17106694954551085,0.524590582376764,-3.305184864675789,Probe
-2.7247219010633783,udp,http,RSTR,0.9083249410992729,-1.4902633706038597,3.74099067976681,4.041038627211851,-3.9024892831323057,-3.88398659000229,Normal
1.898842939914686,icmp,ssh,SF,-1.0991463359194158,-0.9959933374440954,0.08327127721185579,3.306124712553142,-1.714995216503861,-0.7598815572541588,Probe
1.6742870774597534,tcp,http,S0,-0.12975782609689124,-0.7292892872328715,-2.6051088072054136,3.071367387449386,-2.6762455756654977,3.390856603433671,Normal
-1.547567200162894,tcp,smtp,SF,1.215273694853857,-8.932198925503018,3.281063216506625,0.15245092771064536,1.3261471541023322,3.2083972238425256,Probe
0.918484711762187,tcp,http,S0,-1.0752157497581596,-0.8259768537522865,2.8356707570060324,-1.3912205171748033,-0.9297518438026251,-1.2557234863927564,Probe
-1.6478630571944688,tcp,smtp,RSTO,-2.0786656102311962,0.7933959309960866,0.903986651261247,0.8120108435694986,-1.163052241654083,-0.24056213566513307,DOS
1.1190659354808443,tcp,ftp,RSTO,0.43060824181042345,0.8469746202337933,-0.30916275263905113,-0.5012002446910513,0.45525861349284613,-0.6133090919079544,DOS
-1.3460229485753554,tcp,http,RSTR,1.043765883427294,0.2923588675702534,0.28372891432845737,3.6225917110775137,-2.591469602176957,-1.5510342944072675,Normal
-0.572274414659782,tcp,ssh,S0,-0.029806400376475972,-7.0027778645180945,3.700755974210521,0.47320049640125117,0.9835246745588665,0.8602412425900289,Probe
3.982491946842264,icmp,ftp,REJ,-0.7086875474224174,-3.769242666140928,2.7532596084479826,1.142613834773768,-2.953524241182178,-0.19482612001174415,Probe
2.204694189118544,icmp,ftp,RSTO,-0.2705360262013614,-1.0623770050609425,2.0380777063228956,-2.213775931750108,-1.1002558238948505,-0.18045529495417967,Probe
-0.43737549487945904,icmp,dns,REJ,-5.548264620220998,0.5475169970651802,1.1349133147020438,5.742091640813019,-0.7456859599667431,-2.306942258522081,R2L
2.0181540360048196,tcp,ftp,SF,-0.31906541725969007,1.8820674314716328,-1.4801615919956221,2.41659274503199,-0.9182230364449104,-1.708303379488831,Normal
-2.540993849336908,udp,ftp,RSTO,-0.454795359795097,3.526950767785801,1.5350861640813331,-1.1544707266679102,-0.2610895940537086,-3.734995047061494,Probe
-1.150533402141723,icmp,ftp,RSTO,0.8980566640344492,-3.550759244003357,0.47676047520853626,0.6084067428421215,-0.5764292028705906,2.3685457226140656,Probe
1.3516044010250838,icmp,ssh,SF,2.9327323586006364,-5.530414177298249,1.0924270381043788,-1.0999712462404518,1.7538904116763705,1.799742456942277,R2L
-1.7435989309340754,icmp,dns,RSTO,1.5182442821888373,-5.340212535034866,2.156735690910093,-4.866321474584644,4.209440915104514,2.5788754207868774,R2L
-4.960056070501804,icmp,http,RSTO,1.1660481620603513,0.2898985365951055,1.761959980062465,0.7332599728840796,-4.0421732517473,0.5468846560680338,Normal
-0.17754061312217084,icmp,dns,RSTR,-2.2938648063820843,0.7109252332646322,0.7421431017208934,-2.055838092680668,0.1319776681077205,1.1705580870169878,DOS
2.178104827769738,icmp,dns,RSTR,1.5430921876797608,-3.054198807058058,0.900474428644377,0.9889199015944852,-1.093663690219856,0.16343642028079908,R2L
-0.4374310995367897,udp,smtp,SF,3.5138671474809304,-3.6685530625300458,2.772806658824015,-2.008435021771397,0.7795945653926919,0.6991087712629509,R2L
-0.1150656758802564,tcp,dns,RSTO,0.6852319204921578,0.09331641655782164,0.796359567194294,1.9614745347885918,-1.7578597624497028,-1.2386752962213268,DOS
1.1215809486204296,icmp,http,RSTO,1.1596406779062827,-2.3308104361600663,-0.3521168662216998,3.197406150809958,0.4453632553344631,-0.7942695227194564,DOS
-0.08177968881463693,tcp,http,RSTO,0.8879152279721509,1.4530097999088918,-0.005968370769932729,-1.0749890094771108,1.8158013879931179,-1.5951543855049448,DOS
1.5816269103402911,udp,http,SF,-1.0307723998424518,-2.239442325050172,0.6133593201744753,1.1943939565535522,-0.2569319880582652,0.8171554417862479,R2L
2.0474634680775274,icmp,smtp,RSTR,1.1835439701461588,2.0513278358730935,0.2805454207485413,-7.05734021813121,2.6291616066413215,-0.3045145026434384,Probe
2.232832586848927,tcp,ssh,REJ,1.1678316568579157,-5.4427170418102575,1.295271832817471,-2.148876791210357,0.321031101676456,3.2544071622073183,R2L
0.45282266812425076,udp,dns,SF,-0.744012398820117,-0.9621713170846801,-1.4762957762957236,2.1306988015716564,-1.6095987866922221,2.79613699178177,Normal
0.9068379133659301,tcp,ftp,S0,0.38026245092852196,0.43381585810792334,0.3033802871118565,-1.8284316691201161,1.50417852458178,-0.07918502812439843,R2L
-0.10538972385646572,icmp,ssh,REJ,0.49399501233117515,0.7183178856123582,-1.0121351374014151,1.2945350467141064,-1.035030117364863,-0.18332710397440288,Normal
-0.6512784449496615,udp,smtp,REJ,-0.280777852110757,-8.343853856568915,4.878943110509357,-2.2640863735040733,0.988548584502827,4.346816764662622,DOS
-0.7856445720588755,icmp,dns,S0,0.5660219027782485,2.2389467920006725,-0.6682321563747218,-6.080623581713436,3.553803894660764,0.6413008710474843,Probe
-1.7663308825915185,icmp,http,SF,2.289549014081002,-3.936744598761746,1.2234067825470964,1.9247254719380213,-0.5959308574916438,1.4413781110028403,R2L
-2.300563963346013,udp,http,S0,1.6533165628931084,-1.690774667584726,0.8096306796962315,0.325009161077349,-0.23262722304561456,0.5824605972257515,DOS
-0.23818113973275623,icmp,ftp,RSTR,0.8372402534360057,-2.893798424011446,0.35164155930278496,3.3473149209372055,-0.9990365227392992,-0.13556570944641666,Probe
0.007578295509682698,tcp,dns,RSTR,1.881887298043703,-1.5869245531101446,0.9352009603563936,-3.466739022956733,-2.198386451853949,3.0712926846749458,Normal
-0.4364041490988314,tcp,ssh,S0,0.2545322972765245,-2.102886748360499,0.3572197398625153,1.8132855384465238,-1.7916271055410165,1.4416882494306973,DOS
-0.15135518513999469,tcp,http,S0,-2.382001307483132,1.7201120992552548,-1.0244129769315755,3.6527231837404357,-0.556957457614232,-0.8398149280908866,R2L
-1.5639535171681807,icmp,http,REJ,-0.5225096923340871,-1.1669548347184415,-0.21789190412927317,3.495370818846815,-0.7527194244825972,0.5044969490160153,Normal
0.5906307701617626,icmp,ssh,S0,-0.40387015685021765,2.4439523625430573,-1.4709956861005398,1.0758906534187647,-3.0373707791617774,0.49903839834330754,Normal
-2.2255973240698,udp,dns,RSTR,1.9386006263815565,0.8293437609613861,-1.2707787455664117,-1.6015845850640993,0.19750168068577845,1.1994154992989299,Probe
0.7045664161772118,icmp,smtp,RSTR,1.4595380630202386,7.36347280591107,-0.7943441424724724,-10.215648938764751,5.269570825925692,-3.945203658475563,Probe
1.961500429800012,udp,smtp,S0,2.5611100779411813,1.2627269020230987,-2.8988213418138553,0.7766599737563586,-2.82493572031957,0.12257848403731597,Normal
-1.8992070633971,udp,ftp,RSTO,0.4463880283606785,0.30470975743147133,-0.10956448078886949,0.9278806181098853,-1.8714456175886283,1.028007332181738,Normal
-1.7428121523552975,tcp,ftp,SF,1.6641191561150492,-0.4289955308085076,-1.297791137606069,-0.5839425666125148,0.7342729163107022,1.6889960170975193,Probe
3.281866751025758,icmp,ftp,SF,-0.6233701639162383,-1.5277742065930537,1.754671499276152,-0.6426220402624154,-2.329800853067091,0.13425027876792983,Probe
-2.073823383195262,tcp,ssh,RSTR,-1.3519067594749532,-5.851423968009268,4.254220481278613,-2.439933212202932,1.5182698136583461,2.905357633196683,DOS
3.200550872341731,udp,dns,SF,2.1719763807018344,2.0903312973560984,-2.1900100470028443,-0.9866277723522536,-0.018851682986331886,-0.6364222758986412,DOS
1.1993459144258376,udp,ftp,SF,-0.20499067886575073,0.3094160072903401,2.5390767171752016,-2.2862949025758863,-1.559464600792928,-1.8860585073254585,Probe
1.5499188146780185,udp,dns,RSTR,4.223615300781361,1.2995037161363747,-2.2745641846486127,-0.028486228502720694,0.8581529710811973,-1.493463194476944,R2L
-1.2767884064346298,tcp,ssh,SF,2.634294306508762,-8.727770110230868,4.283908757841486,0.19828962766716007,1.9657979295731596,-0.2187421649909369,Probe
1.1469223282550203,udp,smtp,REJ,-0.002603657736177545,0.5131719000558604,1.2495617462835513,0.24455011647036326,-2.1011422839735623,-2.119326020327046,Probe
0.24817198846515243,udp,ssh,RSTR,-1.533920448418176,2.0570338447833265,-1.7780542554551537,0.8430615117251266,0.6871251148625588,-0.4144858133272413,Normal
2.263606051132327,icmp,dns,RSTR,0.4710049549687719,0.5805214604250023,-0.9830043055555486,0.19070317018086114,-0.7868715785598429,-0.704470446138125,R2L
2.780343555709578,icmp,http,SF,-1.9496904412126148,-0.9972839591135958,-1.1445196897268564,5.961915594039874,-1.8696913703535518,-0.7203298499742917,Normal
-0.43894601113488707,icmp,http,S0,-2.7083369218820224,-3.461613986006798,3.972676284420194,-3.4401519729734935,0.7956571523312395,2.1812282563583327,DOS
-4.231547085530254,icmp,ftp,RSTO,0.8387260238981139,-4.240823716080707,3.1921425522339737,-1.1926162623679444,0.05466495427972795,2.9363501496218536,R2L
-0.19276045603385206,tcp,ftp,RSTR,-0.8883604216012617,-1.6526648431366746,1.0957322813228927,-4.497333783979728,2.3975087872984693,2.244762977463384,Probe
-0.021822927599509545,udp,ssh,SF,-1.247238181414979,0.30612017583083817,-0.7496710101565522,-0.09939535071767423,-0.49577429203985013,1.5078690562681216,DOS
-1.1738032712646773,tcp,http,S0,0.2662281208378474,4.638402465873456,-2.881769089425327,1.1128385463068755,-1.5322546751986623,-1.2295046026361742,DOS
-2.6463070495823353,icmp,dns,REJ,1.9888098327874197,-3.4776047084385904,1.5769878081199558,5.427325763806398,-1.8458965643453857,-1.514499013335867,Normal
1.1741099981047278,tcp,dns,RSTO,4.655802162056871,-0.24887009584903763,-1.168010373067086,-1.3800110539149906,2.2163895528536894,-1.1414742604702957,DOS
-3.313361871298042,tcp,smtp,RSTR,2.1266683756737157,-1.0031909485586759,0.5807290079042357,-2.5860135245567535,-1.1360829634284224,3.2682181643812447,R2L
1.3579460056314334,udp,dns,SF,0.42879321281450855,0.7210119052899633,-0.25407288530647565,-1.5221666116451098,-0.16956285517608571,-0.1461630716018274,Normal
-3.4930808219118985,icmp,http,RSTO,-1.3595773601736099,0.1355183811548958,-0.37068834204311396,0.5635229158248986,4.724750419966995,-0.38880411917309066,R2L
-2.084384060047832,tcp,ssh,S0,-1.6538062797759217,0.7546454648958286,1.553560061587154,2.8872408528277345,-2.6032004647277436,-2.1087251320122937,Normal
0.6163161628469536,tcp,http,S0,-2.5109638318878686,-1.4634341164810836,0.8090460824162745,-3.173276586342671,1.5498428885303115,3.6502748947225574,DOS
-0.5205255630137742,icmp,smtp,REJ,2.7162573809347728,-4.668206241774853,3.2947686769834736,-5.950003220496524,4.565556881269834,-0.08980002955621491,Probe
0.12229353177283331,icmp,dns,SF,1.3126145029874912,0.33968593860694457,-1.209981145337683,-1.5191183454495165,-1.9612539662606823,1.8459086524136277,Normal
-0.0471021535082039,icmp,smtp,RSTR,0.3430502656649711,-0.0941361918119047,-2.181211043319846,2.220568206701268,1.2296609420208622,2.0223402144879303,Normal
0.22968508802662624,udp,ftp,REJ,0.21715018467796754,-1.247288347211554,3.182944336507318,-0.11597094156219848,-1.682526461241273,-2.800198598714113,Probe
1.8847624307004494,tcp,ftp,REJ,-0.4971270917898659,-2.203786757535846,1.1807782588007074,-0.7289070019158762,-1.035437786216638,1.5226181663115332,R2L
1.7733483233807172,icmp,http,SF,1.422427300709486,-0.8147452614196444,-0.2660685728263762,0.04634280902803543,-0.7151260610754391,0.35797960928017636,DOS
-0.23272734759948044,udp,http,RSTR,-1.468683081155317,2.1685403186692453,0.0008667019265332643,-1.5449476477834092,0.07412151952577695,0.3553072418495291,Probe
-0.7365385265976458,tcp,http,RSTR,-0.8078341353524232,0.5167889033394093,3.66389799373971,-2.8372988876123753,-0.6228830600502833,-2.3730903195415953,Probe
-6.2512339428269845,udp,ssh,S0,1.3488857497158881,1.1928774413135603,0.8544901391191586,1.0949268188683778,-2.178376422925915,0.407371567154318,R2L
-1.423606995057419,tcp,ftp,RSTR,-1.7608279345014455,4.769286273953612,-0.2690027450922655,0.41211182266857466,1.107485131291383,-3.124443088584011,DOS
-1.9834973066482449,icmp,smtp,SF,0.5903957368952002,-2.946336963741052,2.1417703484807076,0.5966989559851448,-1.0788421116662483,0.8289848271920596,DOS
-0.3744802438258479,icmp,ftp,SF,-1.657538610026832,2.0582553457620993,-2.145736683572472,-2.4319057700389983,-0.12736718434261562,4.10697797753263,Normal
1.8173780397025676,tcp,http,RSTO,2.622835262394902,-1.666155646854465,-2.1091398979463083,3.02470433575391,0.45280830178869336,-0.4300303462879571,DOS
0.739440044573501,tcp,ssh,RSTO,1.1889058417933496,-0.46000445610909196,-0.8524223522205235,-1.0835929014147654,-0.4533359372525684,0.7742256936558488,Normal
-0.8433045497962262,udp,smtp,RSTO,2.069300703874956,0.47851466210518706,-0.14187882890399028,-4.279782960818999,1.6108799199882369,0.39432345118221335,Normal
-1.8048603569241393,udp,ssh,RSTR,1.9902062977254718,-8.561071295315843,2.749217071444912,1.7452202218306978,-0.2326123530069466,3.1611277291495825,Probe
1.6954451265607184,tcp,smtp,S0,-0.5736191300595046,-0.8471699311086723,1.3940745979000109,3.949089293857991,-3.580202673880996,-2.6579969252646087,R2L
0.302438694612594,tcp,http,RSTR,-1.4043265236964988,1.5163211329265136,-0.8260654463800878,0.46647971043058584,0.04589106732570469,0.31653601668729836,Probe
2.2528708918047142,icmp,http,RSTO,0.5111804670895111,-1.8569030207859942,-1.1114866368569973,0.6159728912555638,-0.8370836845756371,1.5297156306291548,Normal
1.0794339741429586,icmp,ftp,SF,0.4024777728847744,0.9469325267108751,-0.528517978231716,2.8040092860476618,-1.561287923933747,-1.7817255104584802,Normal
-1.5171122060627873,tcp,ftp,S0,-0.6429454215526818,-0.14486006154983808,-1.8832559604304944,0.9451027097887998,-0.12012686292935282,3.734655187047925,Normal
-2.178151484455813,icmp,ftp,SF,1.9202863752711288,1.354741509477216,-1.6796757280979264,-4.971200221757596,2.0143242905991334,2.950671908902374,Probe
-0.388462177487108,tcp,dns,SF,1.846326548266272,1.9032278667291636,1.7538908703720049,-5.602302777259989,-1.7981421064574445,-0.12357477889559809,Normal
-1.0340234352187927,udp,ssh,SF,0.7756950124451918,-4.601759392727004,1.5375150028246765,1.7279503482550689,-1.1175092502110395,2.2058578484707554,DOS
0.9929512237131493,tcp,ssh,REJ,0.9629899177689609,0.6180381480943852,0.3858663811406158,-3.413505614181419,2.1340302710148062,-1.1547714203401154,R2L
-4.565244408636505,udp,ftp,SF,0.620786893701416,-4.963311009502292,1.5949411291169495,-0.6363642183764254,4.602684662635429,2.4495307995892714,R2L
2.4505735605337704,tcp,smtp,S0,1.7712461930184102,-3.913251603243536,1.5809355062675368,-0.9094792400102787,1.8828994502636522,-1.2916506556638216,R2L
-2.2430767495356516,icmp,ftp,RSTR,-0.6018286848255133,-2.0294531182573436,-0.2900370665306532,3.0499646819009762,-0.2516257869218629,1.7247414623408273,Normal
-0.6713372225536809,icmp,http,RSTO,1.824978139079465,-2.034619608127681,1.9546788721897737,-4.624397548722708,3.174411140247464,-0.38486587054156973,Probe
-0.650993228682001,icmp,ftp,S0,-1.6805478699589784,2.0282891964799954,-0.6451174128802859,2.121871365653309,1.2486080164360558,-2.127411278159082,DOS
1.2726176728637202,udp,http,RSTO,1.7224760947202182,2.0139408391539146,-0.2187996060931625,-2.5713828354741946,-2.3682881183381985,-0.1980897237775714,Normal
0.6205887664104168,tcp,ftp,RSTR,0.508635327088573,-0.05708846553721891,-0.38657823570981864,2.40880936498079,-2.8117258198516035,0.37697404647124133,R2L
-1.103607976643715,udp,ssh,RSTR,-0.25434730075934653,1.902214691097538,1.4176973731528064,-1.0367173074436313,-0.8255824718349731,-2.203557250348785,Probe
-2.0669546827656213,icmp,dns,RSTO,-0.20946771138559273,3.2447923211150567,-1.3035933156981767,2.234098627601442,-1.8889819396748628,-1.5782389420898508,DOS
-3.545088694695983,udp,ssh,S0,-0.25583016263159153,-1.0142836242456827,1.1572398259157146,-0.7804620788855959,-0.263724588345144,2.0079710743743355,R2L
1.3521541709935572,icmp,ssh,REJ,3.056408397181416,-1.8570762061249375,-2.418938138901426,0.9884765023508458,-2.886405996585877,3.5847409400432646,Normal
2.2519842472970537,udp,ssh,SF,-0.21396200142651844,-0.07261724596928308,-2.2552179187936607,2.6092134104347777,-0.1441784960601762,0.1838444058386134,Normal
-0.4641842719900634,tcp,dns,REJ,-1.4141717068547166,1.43985305405741,-0.4955390627534919,-0.9946506434896009,0.35623715356897656,1.4608136555684348,DOS
2.8777263054978564,tcp,ftp,RSTO,-0.29760457875779034,-2.676422786443096,0.2769110057414783,0.32349531633793766,-1.8512778514623023,3.0567324644728715,Normal
0.7362993614436437,icmp,ftp,S0,-2.327044813074163,2.053210410546608,-2.670461530149946,1.0707408925931101,0.42239764227773713,1.379807965907435,Normal
2.170389801072611,udp,ftp,REJ,-0.7639888779441523,-5.283513386885678,1.4259174918558282,-3.4725017079836276,2.1540062375668447,4.970848750684874,DOS
0.06655077135094367,icmp,ftp,RSTR,-1.427638823412354,1.9829101721417492,-1.0624828248826916,0.8494364388373982,-1.00137289230702,0.07870945223803916,Normal
1.7040539310092453,icmp,http,S0,-3.411066959347632,3.8944767356463315,-3.2829016731472236,-0.33374460971617653,0.4714877445129797,1.7631305534184216,Normal
1.6478897232470793,icmp,ssh,S0,-2.3574780384537,0.3759938884142447,-0.301784710240417,1.9832356949465026,-1.5867954147967638,1.1274712969222138,Probe
-0.20195750040629445,icmp,ssh,RSTO,0.6517820093765216,-0.30219882802853876,1.9832627096095943,-6.961893276986181,3.967790781168852,-0.7020809353172883,Probe
1.0138239011576355,udp,ftp,REJ,-0.7062880372068897,-3.0369248344648025,1.5178668329788474,-0.5767929490318839,1.9227864275412934,0.2278045517410422,R2L
1.8771650645129623,tcp,dns,S0,1.302576923742984,-4.4562832581370335,1.27582482554954,-1.776572761252406,0.8496547537776548,1.8149657242063801,R2L
-1.628383594721452,udp,smtp,REJ,-1.1726428499177612,5.019382710401702,-1.6301902985855286,2.236417770073003,-2.1610459375526005,-1.2905440354539874,R2L
0.342671509418492,tcp,http,SF,-0.9764601167156943,-2.5495916467864568,1.8428582904648745,-1.3871257699249744,1.4322683214306604,0.43275702119926474,Probe
-3.572948936270848,udp,dns,RSTO,-2.34062444851998,1.399251216747593,1.0010561355796717,0.4780371788863971,-0.4486383176099331,0.4937052822507243,R2L
-2.1489874654485157,icmp,smtp,RSTR,0.7177840182509114,-3.262345283934187,0.9551069265604266,-2.977882231988395,1.502177641083264,2.720643952568283,R2L
0.07903804494037603,icmp,smtp,RSTO,-0.5477107013697349,-5.267844014300497,1.6769091431244947,-1.2237031450982987,0.914456086423878,4.9372585409846845,DOS
-2.0267831740763036,icmp,ftp,SF,1.2141691617133248,-0.218915255565081,-0.017026721375176246,-2.938348037807853,1.643191715717227,0.7000367339561989,Probe
0.04831881143613148,udp,http,SF,-4.579729781442845,0.25939382106405784,-0.08648321113412183,4.30729245713633,-1.2578963500785583,-0.3076330425106353,R2L
-1.7971986962795417,udp,http,RSTR,0.3775629008851904,-2.717336655929518,1.702469075380065,-0.8750866100894328,0.06068648025543322,2.136358351709762,DOS
-1.189871945451777,udp,dns,SF,-2.9016674692620725,-1.3169565744250211,-0.6359452633917073,5.89752359573919,0.8011595974586608,0.09324956573448206,R2L
-0.8969491479423175,udp,smtp,RSTR,-2.3675354620021247,1.1259090152890077,2.2072672849481236,1.2942379408948468,-1.7032232918453667,-1.9781570769960362,Probe
0.6982488005042697,udp,ftp,REJ,0.6099837676145474,-3.0221167142488845,-0.3075422876340823,0.3932057842776983,-0.8571280220419538,2.579931760451107,DOS
2.5857834530110995,tcp,ssh,SF,-1.2264702440119155,-1.4915063816460374,-0.061179198913121846,4.704416327504782,-2.211648729283504,-1.1400854060248171,Probe
2.0186224571264493,tcp,ssh,SF,-0.40756073977595253,-0.033930281965818314,-1.1010158956484681,1.779094819651243,0.730249691876429,-1.1403104124565144,Probe
-0.059466668175169435,icmp,ftp,RSTO,0.3852922630191551,-3.7072764134035263,-0.10424895073953033,6.018114013012966,-3.251692482486976,0.5734060617998997,DOS
2.97126199695672,tcp,http,S0,-2.1879317386545534,-1.5053597506419656,0.5501472019588316,2.620965855885439,-1.7885733633952379,0.4746529574549916,Probe
-3.6163857448937597,udp,http,S0,0.018787327922961783,-1.0123101334425109,1.137485633219314,0.8054024960799069,-3.2361394400803123,2.745339405421122,R2L
2.8756189173588256,tcp,dns,RSTR,-1.0556584088728105,1.3639848330385125,0.22565332863338328,0.2836956735469615,-1.5749244745584383,-1.683814305309879,R2L
-2.80795351262173,udp,ssh,REJ,1.4997647364382014,0.006162469566561292,1.0303920524384353,3.5761376664753963,-4.2359024413174335,-0.12781806669979767,R2L
1.027790218572314,icmp,smtp,RSTO,1.0368843071124965,0.7176712690442862,0.6042117601353516,-3.395753327964197,1.5991656764469355,-1.1035202132353241,Probe
-1.815312106958907,udp,ssh,RSTO,1.4522646459666544,-0.043518779619431444,0.144419018787054,2.4598849516849515,-2.4216240772719546,-0.24641460714625896,Normal
0.47018893547525265,udp,ftp,REJ,0.3892215109206574,0.5211825904608757,-2.3168003639277877,1.0380596555381694,-0.9222086973045828,1.190807276115877,DOS
-0.27745436096106335,udp,ftp,S0,0.5209382747789297,-4.048187487371234,0.43058858495161045,-0.008565403261508463,3.383258422266722,1.2485836789612104,R2L
0.0913451130873123,udp,dns,RSTO,-0.3405514664870688,-0.7882343426289049,0.40978574377328125,1.8721425383796353,-0.3185817972763718,-0.519775031043779,DOS
1.584930654531309,udp,ssh,S0,-1.7184898258379118,-6.675275644964844,2.919089555491796,-5.177860725557159,3.308434287536813,6.5380634310365195,DOS
-0.8540115173969075,icmp,dns,RSTR,-2.549840111435049,0.011409378560395571,-1.0760150097520111,1.0012081997352997,-1.3787323046943634,2.8438423286521797,Probe
2.2463860641075812,tcp,ftp,RSTR,0.8436233625575646,2.524234229833161,-3.104449485198339,-0.10747029536900204,-0.3828715868581859,0.7177361654568046,Normal
2.7347542631338984,icmp,http,REJ,1.3398835438091223,1.0720953772800936,-1.3692601419601735,-1.3617236991016246,-0.08241278928777418,0.21030336142796657,DOS
1.7730878620909885,icmp,ssh,REJ,0.471547311033097,0.9171013415375391,-1.2889409903620774,0.48201283171923853,-0.24886113813710242,-0.5884132933282271,Normal
-1.8146085952770488,tcp,ssh,RSTR,-0.9297960486574791,0.740245584678781,0.46946749028586254,0.6935382183967889,-1.189056414581811,0.14889429058250803,DOS
1.203626832922914,udp,ftp,SF,-0.2593785534561863,-1.4730669981016589,1.039667362670408,-1.1587555531641973,-0.14640921186276956,0.6254584345570545,Probe
-2.0298982299758466,icmp,http,RSTR,-0.3904526886044537,-4.763119807304919,0.0676995067429651,3.9412225561268803,-2.4338383365261222,4.324477033499781,Probe
2.3034024866692455,udp,ftp,SF,1.1072379993748322,-0.9738929191646718,-2.352159026203683,0.8067483969661821,0.2592300464625078,1.2565123749910683,DOS
-1.1166753437815569,udp,dns,SF,-0.26919450599184447,0.3248653546354476,-0.8874896170359328,0.45986335816063173,2.2258882602061334,0.05430819568300749,R2L
-2.3201470428390802,tcp,ssh,RSTO,-1.5212155729287455,0.14601385739992964,1.199388494594316,-0.835284860731226,1.002619788969245,-0.49432799576658293,R2L
0.43769821475641946,icmp,http,REJ,-1.7796910399441859,-1.6699773285172022,-0.17056207168279314,3.554301688688113,-0.734086159740936,0.10529867752754785,R2L
-0.11183784037657984,icmp,smtp,RSTR,-0.7190302903219172,-0.4120644777863262,1.0959972103438689,0.4835416790978735,-1.8625424590765733,0.3306003281380847,DOS
1.2919357260734592,icmp,dns,RSTR,1.558522419414369,-2.427312565891965,-1.556096988275519,-0.6872587760305765,3.9010603902647154,1.2322575729209444,R2L
-0.3190188175915305,icmp,ssh,REJ,0.23962355701867177,-1.807393154538052,-0.07442243098322288,0.20696123301336314,-0.25619967602843086,1.901327257180313,Probe
-1.513563818012499,tcp,smtp,S0,0.7600952502286401,-7.094938713249509,3.083295121464355,1.9370998140590663,0.49580542042302134,0.817772217609629,Probe
-0.1576578742459691,icmp,ftp,RSTO,-0.0032335511100265446,3.195938224872783,-1.9259479284485483,-0.6641123320444309,-0.853103404842013,0.2728788401420641,DOS
-2.8832138192726067,icmp,http,REJ,3.1135949384417674,1.7186254265363854,-1.1682198947395448,-4.205485222043552,0.38739717378917926,1.5185804866006203,Normal
1.518118004255872,icmp,http,RSTR,-1.1090410176869925,-0.33112634636760246,0.17148534124093484,1.9009148263117799,0.16549925465634852,-0.8532273127511261,R2L
0.7647609310306333,icmp,ftp,S0,-0.003842197333524311,0.07568367257083491,-1.594342186708165,1.1530937354861601,-1.5034152462802841,2.081340041622445,Normal
-1.093801201031936,tcp,ssh,SF,-2.137932340384287,1.484539610908501,0.6642458994321295,-0.722369391121894,-0.9042016944064931,0.35643782576494376,DOS
-2.456234178942194,udp,http,SF,1.215013762822771,-5.0592705315364785,3.9381011581966376,-4.170725447164595,3.0994307962857928,0.23279916610760565,Probe
-3.5076351098895038,tcp,dns,S0,0.38123037022383777,1.982518053433207,-0.03580890517972568,3.6347416493860956,-2.8630879539307132,-2.0792476195879925,DOS
-0.28685398340305746,udp,http,RSTO,-4.552626968491515,0.4430732958735253,2.0788625439889117,-3.057202793625554,0.8501275206963261,1.4907319087648194,DOS
2.8878726690174767,tcp,ftp,RSTO,3.1915920132980045,1.8553713197190755,-0.3019908713916848,-4.422476822290257,-0.3074104648916056,-0.0014525682651612692,DOS
2.315021594553365,tcp,ftp,S0,-0.7004942921877997,-2.054776796550814,3.5018002554253465,-1.9784295702200352,-2.498040386697782,-0.15395220722877023,Probe
-0.6449489704498141,tcp,ssh,REJ,0.1908632049268163,2.5354585231350875,-2.039024727006826,-0.053705490977156045,-0.13578747041192873,0.6149571095977049,Normal
3.8742599942527436,tcp,smtp,S0,-4.373263974378498,-1.810736228731147,0.38731138400479925,7.6804581751882,-1.878378676589091,-2.0677646240936856,R2L
2.3063920437521896,icmp,dns,RSTR,-0.5570071703197772,-0.4480191337227639,1.885263155383696,-0.22462525644445322,-2.911118813606487,-0.7733298776135771,Probe
0.08877863094313265,icmp,smtp,S0,-1.7267295494214951,-0.7272734787156432,0.7224251898607226,-0.9953394528404123,-0.4998143516532807,2.2076115219945223,DOS
-1.259503907068166,udp,ssh,RSTR,-2.3429946098570475,2.50674795645814,-0.8097159983259338,1.6942005021594244,-1.4292735802984349,-0.8587518561306999,Normal
2.074451105829143,udp,http,RSTO,2.4561079846611653,-2.908999893743562,1.2157184828210115,-1.763421642174049,1.2912133178658336,-0.9310109743338377,R2L
-2.125211022374973,udp,ssh,S0,1.132309448213018,-0.25504763758390225,-0.08825291639394162,3.4734200166872475,-2.684735627196324,-0.37234027655816404,DOS
0.5782213737238329,icmp,ftp,REJ,1.2675478313990316,1.5640064520706538,0.3815084482924329,-3.479603527391496,-1.6150977334497847,-0.40417525803688537,Normal
1.304740949710753,tcp,http,RSTO,0.43631880946927704,-0.9547769481864525,0.12336923554250812,-0.5120078294825688,0.0010035418282730024,0.018614115420692245,R2L
2.2784801432702007,udp,ftp,REJ,1.5226226523850586,1.505064269191458,-0.7671402574835757,1.0153431756639335,-1.8900854641825338,-1.039889012197234,R2L
0.3106864948366368,icmp,ssh,REJ,-1.7253247617340395,2.3681416591185998,-1.3845714058293033,2.791544116965647,-2.381725630929097,-0.04833610474524508,DOS
1.5698645218825404,tcp,ssh,RSTR,0.13460729912624614,2.308549621452831,0.09891180101484087,-1.0486144660494008,-3.7711065002471322,0.46421286298019604,DOS
-2.3932114667699667,tcp,ftp,S0,0.27376497852217185,-0.25220920512243855,-1.5111868050985637,-0.09533741581950321,-0.6424750203647274,4.221247005100996,Normal
-1.8335172638535169,udp,dns,S0,-3.3006186861778115,4.57236500532319,-0.06434853160312826,1.4592220181656907,-2.45213839983721,-1.14672446704416,DOS
0.16033394071997675,tcp,ssh,S0,0.9801687713046033,-1.5078965765589385,0.9125616957500644,1.0207351561726044,1.6820319564224524,-1.4707672132826624,DOS
-1.453465781329725,icmp,smtp,RSTR,-2.429426595308501,4.9046509690249005,-2.3855858852472718,1.7605181227194475,1.8023225113431325,-1.7701621196949637,R2L
-1.6145505967704628,udp,http,RSTO,2.1164083349547607,0.47713657505147344,-0.47499375442091796,-3.567093819384011,-0.43615792224675354,1.966304076198868,Normal
-1.7173327437610204,udp,dns,RSTR,1.3875662434143132,-3.2046358874933243,1.5920241619944848,-2.550638976375901,1.5646183254353812,1.1921322791857063,Probe
-2.562897809237675,udp,smtp,SF,1.9509328890306088,-2.1422781969676166,1.6280699367711777,0.6499489949521865,-1.111596729526107,0.5349711707061908,R2L
-3.357239140598766,icmp,ssh,REJ,2.7415253394049834,-0.9894162494650178,1.0555415551231575,0.5220149034494164,-2.948113902283044,0.8745538750275513,Normal
-1.4777174604316587,udp,http,RSTR,-2.71340369178278,2.4241337505246934,-0.5089694958505262,4.493460253415361,-0.8080392083815328,-2.1757842186232024,Probe
-1.917164340356241,udp,smtp,RSTO,1.364503500817777,2.124832773132465,0.7998145453192265,-4.823156309319484,-0.4471939863895472,1.133933361343724,Normal
-4.751465605613941,tcp,http,SF,-2.40127214412772,-1.1299933476051929,0.3796670877604885,0.01626633744184464,2.4675258132255804,2.1433501015305154,R2L
0.19396635523129524,icmp,smtp,SF,-0.5660308737830024,2.132647815233007,-1.361191122535351,0.1954216208485746,0.26913761311073237,-0.39782489380712993,DOS
0.8943584360729785,icmp,ssh,RSTO,-0.5692038588588266,3.15187515612048,0.3932056217391968,-3.6899267806611675,1.6193886346319581,-1.1023735521176754,DOS
-0.19342598394437704,udp,smtp,S0,0.2287030375189305,-1.842693088357355,-0.38510700081111504,-1.550662444414446,1.0511640261204969,2.647962216067729,DOS
-3.275073403085623,tcp,ftp,REJ,0.5882070400331243,-0.015339695439671066,-0.9061214379693179,1.627453082561175,-1.372000480998492,1.1526694004350546,Normal
-0.9663045440829304,tcp,http,RSTO,1.5492930175900157,-3.0467882639851736,1.8935152282382224,-1.3413336413417885,0.5613533048603949,1.7920570226255328,R2L
-1.0129477600228622,icmp,http,SF,1.1399555080694137,2.2271645380627714,-2.247907251061478,-1.1391467856214568,-1.5237105532433919,2.673019570835814,Normal
-1.0913618694306009,udp,smtp,RSTO,-0.8617431271084246,3.497057551800906,-0.9558320614614406,-0.39758055723058383,-2.1501575446988017,0.38264519038040223,R2L
-2.894329554343399,icmp,http,RSTO,1.503988254724682,-4.370139814512918,0.07782766742020242,3.062359329423911,-0.9568877538100216,2.3296439252275825,Probe
1.284393408027822,udp,smtp,SF,-0.9886655337880166,0.4659367563050414,0.9868824580259913,0.7820663661771744,-1.4725996057179789,-1.5866433040481325,Probe
1.9572997878537102,icmp,ftp,REJ,0.3781815185274767,-4.304925895006697,1.1768474050561104,-2.6496027630629553,3.605768026067347,2.123908268574483,R2L
-3.4632069619714168,tcp,http,RSTR,0.7329496348541418,-2.466783463793013,1.5518477999446962,0.5755555585948888,-1.7068318526561885,1.5347082346768908,R2L
-0.8759104699674467,udp,http,S0,-0.8313734244756595,2.172167934752499,-0.4473147171970373,3.120470287470799,-3.858614329312714,-1.461167451807289,DOS
4.348670866623848,tcp,http,S0,2.5112082862378626,-2.4354147913800963,-3.0180173250909457,0.32117006393403313,2.0967375024909174,1.2538826259632878,DOS
-3.3148322131615395,icmp,smtp,RSTO,-0.30202052684208813,-1.9147168877695757,2.1964760062398065,3.4358350414715773,-2.098734398147128,-0.006329396721861391,DOS
-0.4731915888081515,icmp,dns,RSTR,-0.3691932080898992,0.28639482233165936,-0.40389964734970185,4.087014205430809,-1.4512560750532477,-1.1969480715777658,Normal
0.9087302878797805,icmp,ssh,REJ,-0.6728287419898318,2.458160432478792,-1.8948460803812224,0.5541807949043366,-0.6556705688735456,-0.20313484124441583,Normal
0.5120033018797919,icmp,ssh,REJ,1.0534172658645704,1.8216016272669178,1.1603050684432765,-6.042562625086063,5.137276664760454,-1.5822874538768037,DOS
1.154332861665301,icmp,dns,RSTO,0.9362467693248147,1.8104314574580238,-1.600941740381936,1.0220200102380186,-1.4418785440871291,0.029263491066042757,R2L
-2.331229632586168,udp,ssh,RSTO,-2.7117945241829124,0.021285142371131254,1.3550788848011208,4.03251221487863,-3.6796005211055434,-1.4036739993598335,DOS
0.7554674545766105,tcp,smtp,RSTR,1.8505605974249133,-1.8854302485259327,-1.508775444389979,4.760573594187553,-3.326526537972691,0.33102976030217035,DOS
0.27377991517613265,icmp,http,S0,-0.3897211150412475,3.1792065030357124,-2.5278668167687397,4.837782333959031,-4.441160341660735,-1.661690481247882,DOS
-0.7637672353607633,icmp,ssh,RSTO,-1.4378253599780502,0.19766980635135784,-0.2616914526638945,0.7178856260640955,-0.7814508625442051,1.1102550553608255,R2L
-0.039402677260007346,icmp,dns,RSTR,0.5498518359053457,0.9155294274715322,0.7925563404564131,4.151872273124249,-2.5632905174398912,-4.5599594802932035,Normal
-0.4407348115745542,udp,ftp,S0,-1.5141381295029732,2.8473255834291464,-1.3976157535480693,-1.3974969984115526,0.2659669216238483,0.38033827198787196,DOS
3.6261036420348343,tcp,ssh,RSTO,-0.0764696627080097,-1.0409803825773956,-0.8593028083830769,1.8618214977649934,-0.9486703689762763,-0.2838447389406248,Probe
-0.5379830021304127,icmp,dns,RSTR,-0.752906595081718,1.3904978828720937,-0.22146950390119935,-1.9842110463222018,0.2064212675878414,1.0819988415802437,DOS
0.9042266656109684,tcp,ssh,RSTR,1.1236512928458262,1.8707798176447612,-0.7893232543459388,-0.6792190773930805,0.5320381757471975,-1.2002592031823502,DOS
2.3587915000351423,icmp,ssh,REJ,-0.7464489829553267,-2.8895752932038636,1.9864976241926076,1.308031453530435,-0.974111497827,-0.6826298346621895,Probe
-2.090366727093797,udp,smtp,RSTR,0.9596474256928398,-2.887234235519839,-0.6692283015643852,-1.1000573506231641,5.071013658356224,1.8089893676558093,R2L
0.5355058636243375,tcp,smtp,RSTO,1.5922306873128893,-0.257898991683619,1.1651049491963361,-5.7057062971946415,2.354689840692615,-0.34149782107506055,Normal
1.8177755600664365,tcp,ftp,SF,-2.9796885252856278,-1.2079243732488578,1.7562175758048646,3.4057294894902173,-1.7842266578194717,-1.4429348033175233,R2L
-1.47316078480297,tcp,smtp,SF,-1.6773104338161087,0.31142460105873704,-1.983353785623536,-0.007345612812193201,0.2723123552698077,4.272823948196316,Normal
-0.37698791786585706,tcp,ftp,REJ,1.5662870609275914,-3.9612745448801543,2.5397435679800555,-4.390524363732749,2.371820684107989,1.4997783795018556,Probe
2.3388163595559504,icmp,dns,REJ,0.6627741723300742,1.8221904183448714,-0.44947038553203,-0.008910867520815538,-1.3432482060457631,-2.239362025835516,DOS
3.270227049887316,udp,ssh,REJ,-0.8917317488886448,-2.3643312468991575,0.6376252124979259,3.6863010920083803,-2.513536865451857,-0.6631608535232906,Probe
0.40125221790929466,tcp,smtp,REJ,0.7130961882762954,2.9453138702787047,-2.4549273489303456,2.35446988508839,-1.2950134447265715,-1.3021892542132492,DOS
-0.9545932725379983,icmp,http,S0,0.30035492943774655,-5.238646658621146,-0.8054633898289167,3.103214037225942,3.7767507534334688,2.0805733989410644,R2L
-3.022138682323466,tcp,dns,SF,-2.932401161546485,3.790444821853563,-0.39195546868647546,2.6859608030814197,1.3366349293920439,-2.8440735727884583,Probe
3.3501358691399203,udp,dns,REJ,0.0893851098181675,-2.612660853042355,2.4672148256181217,-0.43142651819888306,-2.713230049288545,-0.38014018027468144,Probe
-0.6390400907791977,icmp,ftp,RSTR,0.9166607126455631,-7.174249816057582,3.3166045405813294,-1.5843577505184288,0.7562517533598399,4.104434456666946,Normal
-1.0930254909404047,udp,ftp,S0,1.888534086989996,0.05019632839300813,0.26557610451666047,-3.1582236374739785,-0.5531616181463457,1.8729301629677262,Normal
-1.6095578280729215,tcp,ssh,SF,-2.312192314146438,-0.29578258304427196,-1.8029459889596136,1.9940861824632576,0.28492663987570355,4.372766637948484,Normal
-0.39607461070553707,udp,dns,RSTO,0.5139772849027733,2.3294710649967953,0.8554397857787168,-0.09108798678759031,-1.3418826356575007,-3.6279406339144473,Probe
-2.8498853899870467,udp,http,RSTR,-1.0888495385982941,1.2726204434720005,1.1386127426003436,0.8886923483972031,-1.8797374566366631,-0.9198793799628369,R2L
-0.9662723410706509,icmp,dns,RSTO,-1.096892134253874,-1.068189009045014,0.7081402694119667,4.448756652886727,-1.2282505185219612,-1.3342344349986925,Normal
0.4045601118781488,udp,smtp,SF,-0.5969502827874291,0.532518633541033,-1.079529640258365,0.2454812709889942,-0.46066455137976003,1.3985035512232837,DOS
-1.475273025275602,udp,ftp,SF,0.29109689482413437,-4.066514432019226,0.811535725153712,-0.5014432989730774,3.327562983205318,1.800552245317352,R2L
0.998349571872554,tcp,ssh,SF,-0.8540823411996163,-0.09942687118008119,1.1693288085986668,1.634086028665711,-1.7416592828876203,-1.8197937913159263,Probe
2.0323509130001534,udp,dns,SF,0.8763138203607226,1.0606226353969637,-0.05738728227977574,-1.7183406626273543,-0.5058524283830225,-0.5602281748589384,Normal
1.0470413892909738,udp,smtp,REJ,-0.23868727241597631,-1.7101878687925676,0.7713424903753916,2.2717311385706638,-1.2531643187745,-0.7934820471135386,Probe
1.1165016772300616,tcp,smtp,S0,-1.6863123400679965,-1.1030193916044488,3.219686910589547,-1.4904835213094494,-2.041067349917119,0.10597012546862783,Probe
-1.4917302308706173,icmp,ftp,RSTO,-2.0626703779106914,-4.860170635637881,1.646243686576296,2.174885966991283,0.18439073336823486,2.7174734570079555,R2L
-0.5614812631572872,udp,http,S0,-0.1610919161937634,-0.014049360023568677,-0.6297973804544577,3.6663924527495593,-1.2222765433011127,-0.35431655328332656,Normal
4.800638961200331,udp,http,S0,0.549365902711183,-5.101223971084948,3.40555047628804,0.9405663426110312,-4.136307759143566,-0.39414752489849014,Probe
0.4373640740349102,tcp,ssh,REJ,1.54279223263327,3.096157695144206,-0.7136280449287448,-1.0621378343760883,4.582765083769694,-4.133913691750335,DOS
0.212836716289722,tcp,http,S0,2.4447557237353106,-3.1028208706980127,3.576985364676449,-5.8677567381818285,5.304516078297422,-2.704733688355984,Probe
-1.7402909276290555,icmp,ftp,S0,-0.4858249766734031,-0.6059098314079765,0.8839607332740899,0.29057836259276154,-0.6500964418870294,-0.5587795380347003,DOS
1.3835364707571887,tcp,dns,SF,-1.6468946689914226,0.847754136639186,1.7052101486280327,-3.5202948493419957,-1.3189285846250254,1.3033661161359653,Probe
-1.6120028640508344,icmp,ftp,S0,-1.7035393738909042,2.2336750509117707,1.4623410477916554,0.2325319116285027,-0.9881880486877036,-1.994448007755736,Probe
-0.6480936196921367,tcp,dns,SF,-1.077103045692348,1.16182150971441,2.776528015269734,-2.5446128325058304,-0.9253328335499762,-1.597951712182467,Probe
-0.8096317514933093,tcp,dns,S0,-0.5322274041657533,-1.7426159925621418,1.6813596670565545,-2.323911081179026,0.5810342970912974,1.8099786194233838,DOS
1.214143826838567,icmp,ssh,SF,0.5881033033633989,-7.070110581283089,3.9115002230372884,-3.0067320716984125,2.284941320657584,1.5577580926920396,Probe
1.456864140341518,icmp,smtp,RSTO,0.8789599540867894,-1.7970489206106832,3.9379074963277336,-2.7298273356876024,-1.7122789925616975,-2.2079709156244958,Probe
0.3517175517161122,icmp,ssh,S0,-2.609513611321094,-2.3919009506464466,0.5771829243741669,4.978773131451552,-1.4340539416936355,0.4576737176525988,R2L
-1.1159910533223725,icmp,ftp,S0,0.9660688105801774,-0.7210681839708322,1.2985003769959649,-3.3674015884159747,2.7278206293907292,-1.1783354159802801,Probe
2.594261841417698,udp,ftp,REJ,-2.1445409015825057,-3.26936933042389,1.7062995208783773,2.9898668192148175,-1.0252193869165018,-0.089026467578035,Probe
-1.6750150637183905,icmp,smtp,REJ,-1.696320465409366,-1.5200953927155332,1.953371975023433,0.6494730132596775,1.5162995177641037,-0.6047001829807237,R2L
3.357510209604503,tcp,dns,REJ,-0.519657124404715,-0.5989155002009041,0.7339483393359038,-0.36548352020317415,-2.1849386402511284,0.20397871459459838,Probe
0.7203107662703316,udp,ftp,REJ,3.075306033765917,-7.301590502171459,3.39277882109669,-2.264077076545961,0.4714782226791334,2.930123541395745,R2L
1.7410738337190872,udp,http,REJ,-0.626285322501605,0.46914863665777334,1.3119915299789802,-2.1444596829796247,-1.646807737042083,0.13280617795365268,Probe
0.4004843990268663,tcp,dns,REJ,-1.3663559427138436,-0.2437330120285415,-0.5022455152780843,-1.0548915434829325,0.42563901960804174,2.6312395585320285,DOS
-0.890620128701318,tcp,dns,REJ,0.8924129462673849,-0.0026373724108034397,0.9640788526895765,-1.4659358884811162,0.8761032341164302,-0.25752488017958663,DOS
-3.0937282694938064,icmp,smtp,REJ,-0.8726749069092836,-1.002943632234065,1.6530418016157364,2.263661612317488,-1.8240788299778523,-0.15063490305483596,DOS
-1.0082517620455764,icmp,ssh,S0,0.40349460475628685,6.874945636577656,0.2906140984738137,-4.116067095809925,1.0016516224829572,-3.310338032217952,DOS
-3.1588930895474765,udp,dns,REJ,-0.17527545073129702,2.992665157841533,-0.4223812948852901,-0.34660629208989835,-1.7967622596351482,0.7316937243142815,R2L
-1.832317580196827,udp,ssh,RSTR,0.7252177656571906,-7.376255282087982,1.9263290513170122,3.9689238518877907,0.019710388943632084,1.5636437042738511,Probe
1.9300373257693075,tcp,ftp,RSTO,1.808215102488091,-1.2673897530571827,-0.627257413289534,1.0737916365741282,0.1594154614605644,-0.26442827469915864,DOS
0.4942787142976778,tcp,ssh,RSTO,3.0992346559550423,-1.6941780028508164,-1.4211162215833266,-0.8590046503442182,-1.1381355305127605,2.4101764214312897,Normal
-0.05617560024766044,icmp,dns,RSTR,-1.0558253148114258,1.2883137958456772,-0.846318817607947,0.447207134975276,-1.0076353251746617,1.222061305674006,Normal
-2.144079113020247,tcp,ssh,S0,-1.280835505327783,-3.9524779774741394,4.202082644655427,-0.41606176468867645,-0.552515423551055,0.2864695271142573,R2L
1.512044509167151,icmp,smtp,RSTR,2.6615345913931607,-2.5077579468636473,-0.6705312697833881,-1.3834245383569397,-2.049912253683218,2.956482269396143,Normal
-1.8590827830489305,icmp,ftp,S0,-3.5776244994211255,1.297110925737051,1.8713534430842118,-1.4158381364253023,0.14785786687972458,0.9662235161519979,DOS
-0.876198618748889,udp,ssh,SF,-0.8736704664201778,-8.564218594774127,3.477827632313478,1.2941803756390238,0.4443365846146857,3.1704339957409746,Probe
0.34919107675340966,icmp,dns,RSTR,0.7009321336615646,-0.15130868465270084,-0.5846317100633044,2.262219619806111,-0.9126497431298437,-0.7370893794860154,Normal
-0.7898473461541033,tcp,dns,SF,-1.1458230073039584,-5.358046309782753,2.19808318642138,1.4819500286058838,-1.776973024405347,2.725786783287991,R2L
-0.725804891683856,tcp,ftp,SF,1.8970887558243876,-1.4269888037737364,0.7120900009715392,0.5587784394959909,1.3996559897536969,-2.4687425637196445,Probe
-1.3618327314254781,icmp,ssh,SF,-2.9307989978793736,5.223473408317459,-2.371754225574014,-1.5414615398235494,2.0544812824381387,-0.37751974082808604,DOS
-2.0779773581326193,udp,ftp,REJ,0.4698604167598227,-0.9649054649720804,2.3792115270896375,-0.1881401557302055,-0.9180233191597968,-0.46415232721759114,R2L
1.9008481095864687,tcp,ftp,RSTO,1.3727559121986324,0.1676318866760186,0.8671093165450419,-1.4081405444874848,-1.032782461466795,-2.154272046019677,Probe
1.549721507949863,tcp,smtp,S0,2.4434824838666827,0.27845091405680433,-1.4424278604772705,-0.07683976391618684,-2.5008017920239833,1.3298033786201988,Normal
1.651349673245413,tcp,dns,REJ,2.348219200751242,0.5965732601351504,-0.30825107050783496,-3.7411227346052742,-1.0336442547382918,-0.46584283366181456,Normal
-0.30429365335336456,tcp,ftp,SF,1.5983277192936536,1.8349524699956183,-0.16832103018564437,-7.708692283919223,3.458319233508341,1.1651999465708736,Probe
-0.9886947237997932,icmp,ssh,RSTO,-0.47102348496385305,-2.6197616212669104,1.8587307243419589,-0.3282808606216305,-0.7143477181290157,1.421684882738134,DOS
2.6947593862241206,udp,dns,S0,-0.5163606277589681,1.19095667732769,-1.2924046911083997,0.6645369129835741,-1.3722594633330445,-0.5185996894100093,Normal
-2.2295251100878355,udp,ssh,RSTO,-3.3530813395245085,-2.895847294341815,4.843572554581947,1.5104142054114935,-3.2102307261079686,-0.043668679299896374,R2L
0.38866275765397496,tcp,http,RSTR,-0.8962771929579552,0.877403115019436,0.012264754087188523,2.302018638977875,-1.5958066342006885,-0.6807398235000195,Normal
-0.9032014392122789,tcp,smtp,SF,-2.359081278080779,1.9415397785631114,0.30931140906890464,0.8951632407656773,0.649947962077817,-1.3234350724512678,Probe
-2.7615238075028605,icmp,smtp,REJ,-2.5401046530542764,0.7433736006389434,-1.4069325030351973,3.1864160657231975,2.2444021155649,-0.06159474158474487,R2L
-2.690341990471982,icmp,http,S0,-0.5575619623823889,1.9803186634853123,0.46913178265183575,1.4971358686787464,-2.961150492882354,-1.3766827273890927,Normal
1.56157012832663,icmp,ftp,S0,2.6089016968094283,-1.7392535495692636,0.3963992768315502,0.7282896604916008,0.13257313588754727,-1.7340345623392208,R2L
-1.3331436587811503,tcp,ftp,SF,-0.09287787219347066,-3.0023922253028887,-0.5191407141949929,5.551723803922765,-1.1056216618666728,0.29244856695095844,DOS
-4.0546978191673,tcp,ftp,RSTR,-1.867541990231952,-0.31121332512526534,0.7961646591228615,0.33472940484614194,-1.5212526088369795,2.2253453622848656,Normal
1.2624817253398148,udp,ftp,SF,1.80815291137768,3.183015764950222,-1.8392719108295639,-2.726554819613001,1.4455656607486902,-0.7937627776734648,DOS
-3.0025601404473514,icmp,dns,REJ,-0.018127722469795438,-0.6387729076887372,1.4312928497150756,-3.577678449155153,1.525102259559866,1.2337692281117985,R2L
-0.9604917696996103,icmp,ssh,RSTO,4.982503216048197,-1.1099885279096502,-2.003092602636078,-1.4481478912430428,-1.926395705020279,3.3309826437105463,Normal
0.08014706654957782,tcp,http,RSTO,-0.49660257146547204,3.721668255180997,-0.30214689322215327,-3.261820456320359,2.601426978245962,-2.6309060209841,Normal
-1.796142734723447,tcp,dns,REJ,2.1225997596602797,0.32082161885064786,-0.525445965187116,-2.8416250438624644,2.3350472632829624,0.2643945015929626,Probe
-0.5250194311897921,tcp,ftp,SF,1.6933538607176502,-6.501284018935371,3.0364637323869053,-3.851549146054397,3.8540237407191458,1.8906252068248257,Probe
2.0472516980843074,tcp,smtp,S0,1.7756446060771913,-5.327498132451924,1.2363168374079365,-1.8422800168567315,1.031678138532001,2.4592070972168765,R2L
0.75491044985263,icmp,ssh,S0,-0.7563462447417517,0.8995509695486631,2.28612865074013,-4.761436197872655,0.08514432636625258,-0.06844703890267856,Probe
-0.16851940368947904,tcp,smtp,SF,0.30060307518131535,2.94765622995452,2.041104654818344,-2.595425575260869,-2.1951031609089258,-3.228685104311066,Probe
-1.7103260322873641,udp,smtp,SF,0.6578953577723579,-6.100293948556012,3.2049677656303284,-0.4966994849367995,1.6396792396098503,1.4796637104091896,R2L
-4.868666903905554,tcp,http,RSTR,1.31793154706949,-3.089880592129646,2.79788131174279,-0.291794402035125,1.0063630602852385,1.1088077400851006,R2L
0.5414365416514388,icmp,ftp,S0,-1.034156361894179,2.0059925773125675,-0.33661894006183557,-2.9102009367208748,1.432034304301815,0.3637176973293461,Probe
0.770143186593985,tcp,ftp,REJ,0.6881371107299112,-1.180230307003028,-0.7699578097837549,-0.10412450915034806,-2.625199381282079,3.0682792567541877,R2L
1.3497875077439534,udp,dns,RSTR,1.599959927837181,2.2632102337564097,0.5281699188250986,-2.503529818411006,-1.6558550673311898,-0.6303426887580653,DOS
-2.2296463923425125,udp,smtp,RSTO,-0.011352450443369522,-5.739696611499795,3.238238366535839,0.15992378385518885,-0.48221743278874496,1.9813051768926466,DOS
-0.7309395237933938,udp,ftp,REJ,-0.19222889395426668,-0.8987089179283433,-1.4267023822785285,4.3413449462858935,-0.413361992075858,-0.2959739830488187,DOS
1.4700222061902308,udp,ftp,RSTO,0.5565473796474915,1.6964359449653752,1.5356880688720325,-10.552108568703984,4.802774362239964,0.2536293423502932,DOS
1.4873500159373805,icmp,dns,RSTO,2.0619560943086737,0.4642586157648671,-0.14170457999238417,-3.787122495458158,-0.7772639934823982,0.3860267491286332,Normal
-0.9143684244965915,tcp,dns,SF,2.1349468477076874,-4.7427766397772055,1.102118126323752,-0.6167082018277953,1.385705858761827,1.5326789727348389,Probe
-0.3574472524644854,tcp,smtp,SF,1.3102751463445566,1.7865867944917238,-1.768586948348729,-0.4109623447321218,-3.0777700998000004,1.0379652751850994,Normal
1.5824845123233606,icmp,dns,RSTR,0.20588524417601317,1.914033587822786,-2.9421741367031844,1.6023560225020563,1.4900091018786223,-1.1532964896479219,DOS
-2.086460510301727,tcp,smtp,RSTO,4.139864477100995,1.0464584156287162,-1.1491760408354257,-4.2465069816171415,0.40190786509931353,0.8683586572356896,Normal
-1.1613613741303748,icmp,ftp,S0,1.5804027061393682,1.0946606315162428,-1.0807094295702013,0.8881001112866223,-0.9093103924561114,-0.756262619859766,Probe
-0.6860308058954955,udp,smtp,RSTR,0.9257036050795737,-2.8502112922950977,1.5033558434898642,-2.886311514595727,2.0410811862433227,0.761548670499207,Probe
-0.6695733277636524,icmp,smtp,S0,0.4781774619930491,-1.3955651686756703,0.611445611342891,0.760869890071734,0.5060365059030509,-0.95465173243877,Probe
2.153648899064604,tcp,http,SF,3.2113218597607682,-5.086900315681374,2.068757601412048,-4.44412303358271,1.6270020497790065,1.7827072610364365,R2L
-2.498531584244291,udp,smtp,SF,-1.0476288803842395,1.006460325508688,0.8694687004458256,2.9830272080464826,-2.81027549585065,-1.304640424300679,DOS
-2.6766709756296785,udp,smtp,S0,1.9638786779677795,-7.301883164005484,3.0150205368022993,-5.365539243687866,3.9073257694507904,4.578663738082635,Probe
1.9884981478436479,udp,ssh,S0,-0.8043813733504828,4.32439093195997,-4.0670917021948565,-1.2658495030620918,1.51061635472175,0.11434974902839379,DOS
-0.532928411689614,udp,ssh,RSTO,-3.1330112788801943,-4.231186122124688,3.6552898818956825,0.2639024246115298,-1.9648767554885525,2.3251418642646486,R2L
0.10830340167396457,icmp,dns,RSTR,0.13407792936988017,3.371024177064289,-0.9177465818672395,-2.3534770393843214,1.85824752834126,-1.2369625127341055,DOS
4.670262968260408,udp,ftp,RSTR,-3.4757919679355687,-5.72634905283201,2.886761377875638,1.6741070915072918,-2.5036624381610393,3.713834914568926,Probe
0.22389007209662148,tcp,ssh,RSTO,3.2700848507828866,-4.079677929038435,1.0067753165965914,4.665560637699186,-1.1564216817467208,-1.3579344815275558,DOS
0.8514901681383236,udp,ssh,S0,0.27551888836490157,2.8626085321578567,-3.554157805484852,-1.5325337102516572,0.2637246353322913,1.1423416412098313,Normal
-1.2435448415795816,udp,http,REJ,-1.3612575508301947,-0.5399624083214016,0.9448858956069257,1.2575631833262748,-0.12964643379294172,0.17168856894180706,R2L
-4.620271375015248,udp,http,RSTO,-2.8398337216499634,-2.628080034001904,-1.692732220549273,1.1356022506871486,1.7345241386469352,6.136151983331926,Normal
-1.0290451884363505,icmp,ssh,SF,-3.7537402776473723,5.830714509314781,-0.47800482832361657,-2.6133784939308415,0.31207918227567444,-0.631249509383059,DOS
2.7791231838640997,icmp,ssh,RSTO,2.062955240268256,-2.063804089280603,-2.197154103487601,3.4882461601267076,-2.488024833140427,1.1783651407391025,DOS
2.0455486225423933,tcp,ftp,RSTR,-1.063279076807533,-3.8798242656238746,3.0536562207969613,0.9386022886093188,-2.058904111913694,-0.027246837643993826,R2L
-1.1956523738710017,icmp,dns,S0,-1.417370351602412,1.4719438307815278,2.824460890270098,-1.2063890960971912,-1.237843680387125,-2.2108975902255947,Probe
0.9244939207498237,udp,http,SF,2.0054965919295924,-4.632438925295151,-2.332984619841975,1.9462535672889698,0.014078061237326134,4.81432264709214,Normal
1.5038967625081026,udp,http,RSTR,0.36982198728061366,-1.615134326514443,0.23771488756775583,1.264302126584014,0.046843806533084065,0.3563753030484025,R2L
-0.691182220936233,icmp,http,RSTO,-0.1236647506680133,6.107443466444836,-2.203918132604622,-2.629978223319145,3.3043567560776226,-2.557236769420017,DOS
0.9611368326267828,tcp,ssh,S0,-0.3499723270549018,2.9660566173187735,-0.13904866110199188,-2.134908355513759,0.7550166742123998,-2.089964837944148,Probe
-0.5821363067567127,udp,http,REJ,2.7256045226089354,1.090143322196934,-2.0733886344197456,-1.16630731000743,-1.8934505243376551,1.572070978135499,Normal
1.4388962050073453,tcp,http,RSTO,0.8850978188292951,1.3724977010742156,-1.0201443670561474,-2.4937054682582596,1.4945597236561015,0.12908350730737905,DOS
-1.7605880338016133,udp,ssh,REJ,-0.3713062073977662,1.3135185110298333,-0.3982345197026895,2.977986443031672,-2.8136021305132664,-0.7793185072285111,DOS
-0.6166925068087779,icmp,smtp,RSTO,0.3372767996960119,-11.722805196980833,5.739801508112841,-0.21149601046723132,2.0889743149000903,2.3029944801734272,Probe
-0.7963073046780171,tcp,http,REJ,4.976496251454433,-2.437240639740961,-0.9024605783138078,-2.7783714317479324,-2.1760988291058725,3.9244412759078724,Normal
-4.781719868343483,udp,ftp,RSTO,-0.61339529163905,-1.4914782187400677,0.522358381092423,0.6601740772859336,-1.2341160894090257,3.0602315613827815,Normal
-4.036451958271364,tcp,dns,SF,-1.9092260355856534,-1.9799048279119702,1.681155099860841,-1.1447095879329738,1.7012480339705918,1.7548908798739427,R2L
-4.173704013716208,icmp,ssh,RSTO,-0.8593383528090275,-2.111704135170151,5.57194080230276,-6.580654568111852,-1.0941935200259039,1.1713955537345055,R2L
-2.2218457032637886,udp,http,REJ,3.0099054880603284,0.18370612523908678,-1.2805135197368207,-3.973004833690819,2.699183051124178,1.4046263649351183,Normal
0.5323312553982169,icmp,dns,RSTR,-1.0788019095506403,0.44892213981531254,0.15326938506415266,0.24127618697981112,0.44662434332495193,-0.5507595293542042,Probe
1.346039908977795,tcp,http,RSTR,-0.7477230110043456,-0.4634616891805878,-1.223641452120555,0.668745332830213,-1.4322129829989294,1.6051858603178455,Normal
-2.5658198627642994,icmp,http,SF,-0.5769813542936946,-0.18365413995384638,3.3178224753113614,4.168013354053411,-4.102112229466894,-3.2364316606600063,Normal
-3.5720640590347914,icmp,ftp,RSTO,1.605700634406921,-2.881356084164994,2.224730677271854,-1.347745149405323,0.4691787094183495,1.7301004785546987,R2L
-0.13234630553069682,udp,ssh,REJ,1.1046774007889675,0.9119136865682586,-3.2404950153219705,1.477140918209487,1.074796556301663,0.92942503044994,Normal
-1.8391036919605463,tcp,ftp,REJ,-0.2092600866727452,-7.213031414577547,2.6981182588891164,1.877918358591286,-0.039266477679527734,2.5868371003604507,Probe
0.9588182109982759,tcp,ftp,REJ,-0.35276932500225877,1.6168608210993702,-0.9012855292704085,2.075744233028781,-1.6713622141418547,-1.0211817633897953,Probe
-1.798035836380838,udp,ssh,SF,3.3299149395560463,-3.387951855174613,0.6013563100347802,-0.49293819453965804,-1.7453133030185066,3.392190096575645,R2L
-1.9259663060153382,tcp,smtp,RSTR,-0.03236579598884348,0.6439590450251698,0.6275189724884125,-0.029158495600032624,-1.0855039738535321,0.4233234972806079,R2L
0.03987680808306959,icmp,ftp,RSTR,0.027873993205874137,-1.9135170949312241,0.49518332927657793,1.785946290678276,-1.771217565493889,0.6614834565769088,Probe
-0.3456509659224021,icmp,smtp,SF,0.14402657492387894,2.877006121669966,-0.32476015572266803,-1.1542904369063616,0.7143077709522094,-2.5645983671143853,Probe
-2.105883212549573,icmp,ftp,RSTO,-0.5690831864125097,-0.10599869411879823,1.6884900312950486,1.6618835752537993,-2.386326254480819,-1.4109634440023275,Normal
1.0153135895705514,udp,ssh,REJ,0.31695491747476834,3.041438536323453,-4.403224212936905,-0.30913313259675695,0.29550125968173635,2.011743438591977,Normal
-0.8318346591603744,tcp,ssh,RSTR,-3.641634760397776,1.6288583231083453,-1.0623742283276902,-0.37223418717742196,-0.17387601995150448,2.782159120487255,Normal
0.1574953411429758,udp,smtp,S0,-2.068292921738059,0.9755028840775234,0.32467033210492935,3.8683692422209273,-1.3710660534584997,-2.234559613866928,Probe
-2.489444110908856,tcp,ftp,S0,0.6368805499463163,-1.1505602141261873,1.6843470453844165,-0.03607900446910242,-1.694938532220153,1.1255578573961542,R2L
-0.10270114048582424,tcp,dns,SF,-2.144562049643576,-2.655065703912643,3.005948713665102,1.0080661698664894,-2.676464260147428,1.792037856909115,DOS
2.2472992673536702,udp,dns,RSTO,2.9263242405605085,-3.3718754219247633,-1.5160728553129592,5.391947392279511,-0.30017292133495377,-1.0650819267785905,DOS
-0.4865839906993896,tcp,http,RSTO,-1.757325144788898,1.660148545347929,0.9260486794449836,-0.7966075857131253,0.003340770169961038,-0.6546697308205769,Probe
1.5670806367493197,icmp,smtp,SF,1.827157253013032,-0.626233432024196,-0.9491308185603697,-1.2447446972743013,-0.9559446568614793,1.5299908426474425,Normal
-0.7577564919645465,udp,http,REJ,-0.15819110059085928,1.9077334040937528,0.5055510118564537,1.3190522978891246,-2.73409567910935,-1.9472284447969708,Normal
1.6130478168062043,tcp,http,RSTO,5.201635215915136,-8.19664522421495,2.526016206908162,-0.9610329434353491,1.561478223860993,1.4956007549727464,R2L
-1.2755023802137881,udp,ftp,RSTO,0.8723819842344889,-4.288691083980265,1.743252168790351,-2.529630995341662,1.722311104166092,2.498291409229908,R2L
-2.9591927132701845,udp,smtp,RSTO,-2.2253088289907943,5.505537940177085,-3.430508786587083,3.83318061624327,2.292819838860276,-2.489114923432244,Probe
-3.7915935365298346,tcp,ssh,RSTR,1.358040367695816,-7.786152639449457,2.726908907794213,0.9211846952894752,1.957598218245337,2.1820130654717573,Probe
-0.44742294233164903,tcp,ftp,S0,1.6506004970388406,-6.502644074530841,0.30582043181223173,-0.3273247590959894,2.3976745395695582,3.922791580840786,R2L
-1.8995863251997709,tcp,ssh,RSTR,0.505905533780111,-6.823971292701781,1.8677101291086795,-2.4256314890761415,1.9533669514322711,5.432522245365312,R2L
0.2957439510519825,udp,dns,RSTR,0.9921703819291926,1.8701415917075024,-1.760171558492648,2.684615371076983,0.8311312787660432,-2.4936627090954486,DOS
5.302505007137239,tcp,smtp,RSTO,-2.2332831616950948,-2.013437986730658,-1.000720374167182,4.20831695021662,-1.9194299191238509,1.0140171009393995,Normal
-1.6605252657853897,tcp,dns,RSTO,-4.297280467662969,-4.149014146919125,4.077320189828532,3.785578402969852,-1.5155154159505644,-0.045028817925630404,R2L
3.131703005424788,tcp,smtp,RSTR,2.177423087287691,1.0065925427117624,-1.5954016848951111,-2.7117912304421146,1.9438736557597558,-0.20033279225109646,DOS
-0.952628128149879,tcp,ssh,REJ,-0.5341961640107602,0.4153278295316461,0.9480349453151056,2.2895930770226514,3.5000819183273473,-3.909038050664118,DOS
-0.5457938082956666,icmp,ssh,S0,-0.38757362425914765,3.050301637167483,0.5587008056409037,-3.5120547690404815,3.4823310132802154,-1.9216185081378336,DOS
-2.217434324271264,tcp,smtp,RSTO,1.497823617487478,-5.602634934172571,0.7163854040807305,2.321948917265842,-0.6699965251205227,3.6044802278171604,Probe
2.764098215771797,tcp,ftp,RSTR,-1.122839060577324,0.9498270220180159,1.3228968128540746,-4.597351084983927,1.598717605070145,-0.7960997105864271,Probe
1.5505373621733218,tcp,dns,SF,1.0610499750875562,0.8603203778472631,-1.406008779684758,0.3731350282566937,-0.41178268943565177,-0.22697019631345228,Normal
-2.010308225428317,tcp,ssh,SF,-1.2571704558819516,0.16458311183121374,2.1513353281438685,-0.5164914357974218,-1.7041535777477788,0.7475058503366827,R2L
-4.358253981004192,tcp,ssh,REJ,2.4936187122528715,4.895211718478771,-1.1292475812998566,-5.0436952475305485,2.1673450369011373,-1.0887079865504532,Normal
0.17076562495151526,udp,http,SF,0.6881825260095885,0.6709085543855462,-0.8531720617347227,1.7126702133442855,-1.9541527601701816,-0.06056674932711614,DOS
-0.46378589234789025,tcp,http,REJ,0.9633150218642568,-5.848207903776489,2.2019631405864097,0.16128566606737746,-0.7467144062395961,3.2785357798858037,DOS
4.298097712974988,tcp,ftp,SF,1.1950529545758832,-0.047268356771394765,-1.406218796162924,-0.20109730977864856,0.3841386399762542,-0.00017280877000347417,R2L
-0.7555614520324931,tcp,ftp,S0,0.2581200638953278,-7.297099375480546,3.9221369774119976,0.6476093271749706,-1.3595122587802495,3.113026814666976,DOS
-3.4684680583226015,udp,http,RSTR,2.6666610525070613,-5.801566173603404,0.951643935273593,-0.6438818132806676,1.435999001760799,3.5434667426117983,Probe
2.178236754164312,udp,dns,RSTR,-1.228889463654971,2.686215480820291,0.03364041837745835,1.7012361037658155,1.6498691139150217,-4.4343166154852,R2L
-0.4113116661377263,icmp,ssh,RSTO,-2.2431537195079763,1.8231378431682108,0.9943924884744431,0.5660136692806821,-1.3533537208099504,-0.8453363559683023,Probe
0.9672285585692191,udp,dns,REJ,0.1262024564544988,0.27184762982302846,0.4145548264600475,1.0550901039256302,2.0822842958672543,-2.207672697520613,R2L
-1.5605584626007616,udp,ftp,RSTR,3.6008735675793457,-1.900378935758614,0.6449209092082037,0.5639062204786442,0.4935667561534216,-0.5219439277070863,R2L
-0.9375513029827146,udp,ssh,SF,-2.641721974746626,-6.601932171145496,3.4320532354725963,1.7200544624782559,-1.227276286429419,3.559539947193965,R2L
-0.8815856453369673,tcp,smtp,RSTO,0.8117293398102092,0.38374259905705993,0.4955859051779121,2.689624072037765,-2.3369965700748,-2.063380941018506,Normal
-3.166114331232518,tcp,ssh,REJ,-0.9259826480029556,-0.3498559939198546,-1.3665269845079813,0.697253618102079,-0.3136200803372813,3.5426746450767728,Normal
-2.4344078743318374,tcp,http,RSTO,1.7771254308793427,1.0854159267597703,-1.8934034654760503,-0.24039800061943317,0.01902065115933882,1.1272747575419328,Probe
-0.6711992326145714,udp,smtp,SF,-0.8929565623518769,-1.0315752568953178,0.5338141220735945,-0.5895536819741324,0.014415664665953676,2.1214709804161282,DOS
-1.2386880583540125,icmp,http,RSTO,0.7250385559663277,1.0362346020044573,0.600070653540105,1.0594976850929174,-1.4231144886182368,-0.9934864854071146,R2L
-2.6425619627242147,tcp,ftp,S0,3.5119726737153503,-3.7654567891046726,1.5166363841166695,-0.44980588803645694,-1.7347204564822243,2.435435530863928,R2L
-1.1482705325526354,udp,http,RSTO,1.6073688018057712,-2.7496319944360708,1.7531638237738858,1.0166603784245558,-1.3595756536715218,-0.22774629003437163,R2L
-0.8760033603632436,udp,http,SF,0.19126778439557235,-6.1636292569943585,3.4328418518009625,-2.632209045553108,-0.5677336863294749,3.2585049201822978,R2L
-0.14059559589491966,icmp,ftp,RSTR,-5.115178140468336,3.829318403155845,0.09584800036535979,-4.451240449578801,2.015668487042378,2.1273011476843995,DOS
-1.8811186708424232,icmp,http,S0,0.5678211818018881,-0.4774192594727956,0.5125701876382829,0.4473038404877381,-1.7190234728504508,0.9345791311306434,Normal
0.3434467651708253,udp,smtp,S0,0.4517693625767569,1.8540429194331436,-1.5353178078862983,0.6079343655761429,-1.0726694342664904,-0.7844890510125557,Normal
0.6758725620017791,tcp,ssh,REJ,-2.518400476196083,2.809400173198675,-1.4879277798924946,-1.8021117037422774,-0.4627380179092606,1.9560062560848852,Normal
3.054182950615931,tcp,http,SF,1.3437400444382406,1.271242504261504,-1.9782468214088538,0.8763361510837554,-1.762492923803519,-1.1829080720393033,Normal
-0.5082377478814492,udp,http,REJ,1.2425148965391808,-1.7302669486907385,1.1262915074277045,0.25098060863214205,-2.648365008214017,1.0054245983398038,R2L
-0.7067759539235596,icmp,dns,RSTO,1.5791000846542889,2.2862419017994426,-3.7089804530837163,1.5772865344532134,-0.16739909620153282,0.34492070210443204,Normal
2.959170070992357,icmp,ssh,RSTR,-2.5742833721517515,3.991963637387764,-2.768678641894596,-0.12201324876744318,0.27640266565401816,-0.9797641474799497,Normal
-0.9325135432129738,icmp,dns,REJ,-1.001445265393506,1.0850863796340864,-0.2580702726257331,-0.2597845760712007,-0.4781623610792062,1.147093203746489,DOS
-2.0383926801163916,tcp,http,RSTR,1.5183166058998578,-6.954438430036923,2.445657433239563,2.352676192004009,0.25576613684936356,1.109312283713643,Probe
0.9801497496259024,icmp,ftp,S0,3.466627350303553,-3.159639189900479,0.729201247574766,-0.2607348634881169,-0.6867616958822261,0.8359143294973573,R2L
-1.523982504591611,icmp,ssh,RSTO,-2.481274417163183,-2.6698286465611965,4.558755906972027,-0.6799476707503579,-2.105219987935114,-0.18359241759293576,R2L
-2.7720966611784115,icmp,ftp,RSTO,-1.859114597218238,4.83487828829313,2.2362223454560484,-3.0523463519505607,1.1553796550307232,-2.727773154840906,DOS
-1.7349261381736425,tcp,dns,RSTO,0.5570893475180897,-2.4828014720805727,1.1648463838707734,-0.9257591896131467,-1.1741566599465145,2.505764975871374,R2L
-1.366672334736808,icmp,ftp,S0,-0.23141957356986598,2.7331308174798448,1.3065389912480407,-1.2564831406409522,-0.03220009160433679,-3.4767931109022903,Probe
2.652196957659289,tcp,ssh,RSTO,4.022618990661261,-1.7918973651389958,-0.7767931332426242,-1.2575674019535965,-2.965844982502547,2.409087848943436,Normal
-1.7197599740562546,tcp,ftp,SF,1.5916929747783426,-4.232119076941931,0.9681471559534783,-0.8641460460576523,0.9553912633316589,2.263610793493135,Probe
-0.5621007624152177,udp,ssh,REJ,2.8371214710007866,1.6269536153983462,-0.4660573161947541,-3.5560955136322123,-1.0041992605187644,0.9655003634941696,Normal
-2.2545978747338613,udp,ssh,REJ,1.898011279489681,0.7653730508965471,-0.7024304725962047,-2.8641401281012215,1.1481372951375004,0.5756420419648107,Probe
0.4029693022343874,udp,ftp,RSTO,3.198946351915004,0.5325802303310324,-1.8010043547180605,-0.5882786062625075,-2.067287230550777,1.3723597977391675,Normal
0.7554222533279802,udp,dns,S0,-2.8491117425252037,-3.4619418747317905,-0.7499428477347478,6.326922166085188,0.1626500391556882,1.2159961904977674,R2L
-0.9307555723401615,tcp,dns,SF,-2.0328145206067276,-0.3697059259882762,-0.6305284472524557,3.7676741890383116,1.1172029779395785,-0.5730466740605533,R2L
0.7576724266932955,icmp,smtp,S0,-0.24846122185727149,-4.114020312786539,2.1319919330604327,-2.362195114609082,0.6980888826888831,2.7142619678580004,Probe
-0.5507218806608345,udp,ssh,REJ,-1.17449831123065,1.460996871035682,-0.4011993217952561,0.0349074514932281,1.2872630081707537,-0.6754506147447336,DOS
2.958372096078098,icmp,smtp,REJ,-0.3442477074034147,-1.4496301581299904,1.5140973618995046,-0.8380952369471402,-0.6088159129045754,-1.0539031923033948,Probe
-2.0179876459943396,udp,ssh,RSTO,-0.0803717027584745,0.8831607349022976,0.5124492944726267,1.7357123887671977,-2.4027788702438673,0.009619591292156615,R2L
-0.9648224363415794,udp,http,SF,0.22875834640420745,2.145503051757401,-0.20249842238114302,-2.134102769755163,4.699395348759264,-2.2137856841355306,DOS
-0.6601620918145992,icmp,dns,RSTO,-0.5558508765615315,-0.594455430907342,4.1592079027581805,-0.7012024715281766,-1.9639377057010412,-3.2714614803080497,Probe
-1.7818460537003271,icmp,ssh,RSTR,2.636445428760448,-4.985264898624843,2.2717562322497185,-1.5370015252432718,2.5521652732055484,-0.03331894228894461,Probe
0.8289722001861384,icmp,http,REJ,-1.9035331008494183,-0.4113517237144152,2.112715863231032,0.6676082633162658,-1.2686304557810915,-1.2636328837941888,R2L
0.5087521709515319,udp,ftp,REJ,0.6280108637373081,2.7973701032603913,-0.727742280937312,-2.8589200315894563,0.4518460241598943,-0.6589419373707961,Probe
-0.8241161323648507,tcp,dns,S0,-3.933164509450212,0.7066538062190332,-2.5467185250537963,1.3822312188097645,1.5627797459859751,2.5467622220154817,Normal
2.5621846803685067,udp,ftp,RSTO,0.7272286544591359,2.947008803474912,0.4591631438542232,-5.832505743816273,3.391644670905529,-1.440918781354303,DOS
3.2740731137976296,icmp,dns,SF,-0.659817648763656,-5.829347738804627,4.064631713264229,-1.534325311782532,0.8105010042540255,0.5858875974880383,Probe
1.443686067595435,icmp,smtp,S0,2.9800469254830353,-1.3390767893673299,-1.795050148521888,0.43163596762103473,-3.1591009559266667,2.576881283400209,Normal
-1.9563712874014825,tcp,ftp,RSTO,1.1922509940690809,1.8044452246416927,-3.0122361873452146,-1.759560982984685,-0.8701388154047013,4.622508272063054,Normal
-3.5111624262977097,icmp,dns,RSTR,-0.015269911016940085,-2.2608436678610104,-0.34920071194709545,-0.3367091707368618,4.94345953431418,1.2641726279551844,R2L
-1.682576097483288,tcp,ftp,RSTO,1.1995063062646423,-4.319609733357466,1.832027129225129,0.3690607084539981,-0.3555757655844505,2.4210565690968533,R2L
2.110821107037527,tcp,ssh,RSTO,-0.7436614453335458,-0.3100296994262354,0.2774828742721108,2.527646353760201,-2.2548934153614466,-1.2231445926713556,Probe
2.4729905079800205,udp,ssh,RSTR,-0.2904126864224761,-4.436180995569766,2.0918671942914884,-3.6733781707771125,3.680040709379039,1.5077068252325412,R2L
1.5405435875921683,tcp,ftp,SF,-3.505484277662308,3.3903398160574465,-1.8764777852772543,0.6920318449367473,-0.3433160839544338,0.2847137793610959,Normal
0.1824091682127511,icmp,ftp,SF,-2.9253787931135515,1.1145787580747053,-0.5369184604196746,-2.3716472766835874,1.0320990692363963,2.102835889114426,DOS
-0.6635251721394724,tcp,dns,RSTR,1.9882811001069203,-8.762481627028807,2.9593969966919915,-3.056784588695075,2.2374802638277513,4.748314732751859,R2L
-1.716218748329747,tcp,smtp,RSTO,-0.7038332426529119,0.4093307672740639,0.421254553614247,0.3045026029427539,-0.5310191490394809,0.6795785691853824,R2L
-0.8899375023222708,icmp,dns,RSTO,0.298394347652692,-1.222030391281214,-0.06812868691200169,1.6254942161579329,-1.1637301789273553,0.3432269453436093,DOS
0.33780643868759297,icmp,smtp,SF,-3.1076327994026784,-0.8464623647634065,1.3649962688138777,2.410453540815381,-0.12505217682144454,-0.9119091138279583,R2L
0.14185635189379775,udp,ftp,S0,1.0388972313843967,-2.8329150304774773,-2.514011215240398,2.9859230468538893,-1.9801571462941108,5.196683599394333,Normal
1.0605730948099237,tcp,dns,S0,-0.18126963342909796,-1.892482444152786,1.235165013013993,1.0492592762783162,-0.7639838534486497,0.7222655729581549,R2L
-1.0451766362734587,tcp,smtp,SF,0.8437732832468794,-3.7081433842634293,1.6665759979216124,2.7763166004382454,-2.5906731269034733,0.039217703333197296,DOS
1.779513055050168,icmp,smtp,SF,3.0375279367284884,0.29048620826606536,-0.46703068089668853,0.08285442203568409,-1.2933556082005877,-0.7504386146368621,DOS
0.5774316036525096,udp,smtp,SF,-0.2582304777399702,1.757565566981559,-2.9201623299821318,-0.09808307004277163,0.07901417526253751,2.1799032717642333,Normal
-1.3121674276632993,udp,ssh,RSTR,-0.06603875842109252,1.2263310867700163,-0.628750733001705,1.1478345084720218,-1.7093685322726606,0.33523149067192126,Normal
-1.5558996828438065,icmp,smtp,RSTO,3.2971518653729928,-1.4075099913686355,0.635525613171029,-4.48169151911489,2.252279823375133,0.25220306217125643,Probe
-3.5642133616944216,udp,ssh,RSTR,1.6756312770919162,-7.850379186376035,1.4498306716329843,5.600286314219335,-1.4751508516228329,2.333065825717714,Probe
-1.7165788174839753,tcp,smtp,S0,-0.870711194829388,4.058188485502957,-1.422997540061901,1.08312676429071,-1.4550568465832114,-1.383498180754105,DOS
-1.376245475716547,icmp,http,REJ,-2.1279746004152154,1.129819586519401,-2.1286265807618703,1.1306111584875371,-0.13695951107021553,3.2797351510154047,Normal
0.024215798471060368,udp,ssh,RSTO,-0.18493442958800133,1.4443033578624556,-0.30793211331016357,-1.7780496476070906,0.012166764529156104,0.2735532014676919,Normal
2.670788030480721,udp,smtp,SF,-2.0562929431432337,-0.8060515914496003,1.2817712427338255,0.7994902128979523,-2.714242941852466,0.8000400512604056,Probe
-0.2698349035398302,icmp,smtp,SF,0.1744578242467567,-2.86197507150201,0.437971275259213,-0.46032962012747713,-0.3368838892116841,2.748468488867295,Probe
-2.311539679229366,tcp,ssh,REJ,-0.9070057412507306,-3.5304455834967445,3.299882035200065,-2.4886695300839894,1.1009769306690895,2.565006650019364,DOS
-2.8474281644051813,tcp,dns,RSTO,-4.052807178681729,0.05048959143179773,1.607922472964502,3.078879703736278,0.4069003829657355,-1.2551760437408754,R2L
-3.0387047939041296,tcp,dns,S0,0.5250585366124183,-0.047880957495680256,0.6820769711991529,1.7106650653585385,-1.9117600619577293,0.5802371908815476,R2L
-1.99316288831323,icmp,ssh,RSTO,-3.7860536777023706,-0.9896782038513501,-0.7023914231974164,0.7332769149989845,0.8403211156574979,4.288330191354708,Normal
0.37532974096588756,icmp,http,RSTO,-0.5253381793445282,2.029332462788471,-1.937969250747157,2.319681760299262,-2.3521985910908674,-0.25032948309208636,DOS
-1.7554010827706896,tcp,dns,RSTR,-0.6828560705953289,-4.070783093870048,2.0956216143077384,3.009553737148121,-1.9264611995837422,0.7637443623563789,DOS
-2.3487074253295663,udp,http,RSTR,2.2825780402321154,-2.829864164151365,2.110849123803841,-0.3579660284250298,-0.9888239620444516,1.5827800293799932,R2L
2.2412727003657897,tcp,http,RSTO,2.3825523875656565,-2.4850611925421147,-0.6498815943646604,-1.0064834672835008,-1.4387292877755378,2.8053776866959925,Normal
-2.442117883215863,icmp,http,RSTO,2.3740908949391266,-1.6972891280586853,1.3275424208558655,-2.691449870889215,2.7124594507600475,-0.7257727596914358,Probe
1.6822077023606865,tcp,ftp,SF,-2.4809478592855116,5.600373172802725,-4.369118200573327,-0.29668601039709475,-0.27068057627424147,1.1543920349377332,Normal
2.068726644453972,tcp,ssh,REJ,3.6482162614612568,-2.469036326421711,-1.3627375035371958,3.2393401276278313,-2.6711532978511747,0.5376937746038597,DOS
1.4282756434613746,icmp,dns,REJ,-0.4724979102370137,-0.649713716296557,1.7961607761934206,-5.314972468510175,4.265976972121677,-1.0105466387544686,Probe
-2.2493752859800527,udp,dns,SF,0.486196561662675,-0.1633984418252412,1.4296336025549665,0.06722609211784228,-0.8370612932548676,0.927956084610736,R2L
-1.8877494153003855,udp,dns,REJ,-1.1258072142282005,0.5532336378535019,-1.0178575068666762,0.5298020450846831,-0.778194638472509,2.2714924361771462,Normal
0.7367184012795454,tcp,smtp,S0,0.808885130101018,-4.09048931169199,3.990701061067968,-4.3526997094924464,3.0404261157544266,-1.2244413734272683,Probe
-0.5986275958905156,icmp,smtp,RSTR,5.5221381357323915,-1.936388239077491,-1.417268307010855,-1.994719870882329,-0.9527053072265375,2.6168603747035926,Normal
-2.8610183930259705,icmp,http,S0,-0.6318577653489423,0.3797815420129392,1.032942494157913,3.870704527980918,-0.9359545499231845,-2.164312997975947,DOS
2.7637610923409444,icmp,ssh,SF,1.3293377808905382,-0.6899814733034674,-1.2512330082540626,-0.050320955238904785,-0.7964163993832027,0.5469133969416369,Normal
-2.447626491121878,icmp,http,REJ,-1.716679573333558,-0.8915813750654428,2.184278145998143,-1.4002348194614316,-0.8039912358184553,0.23893249881242873,R2L
2.7429119277888203,icmp,ftp,S0,0.1007111545997752,-0.2133735407586186,0.38333300769059675,-1.1232447156690286,-0.775210329310291,0.2526654197759367,Normal
-3.73034553131159,tcp,dns,RSTO,-0.015214502981959033,-1.6571815315006821,1.3984525796927914,-0.30706825740230353,0.6700795264343791,0.7999732065455268,R2L
1.2541630541449567,udp,ftp,RSTR,-0.4773786841755425,-2.443170371494284,2.07398963835532,-0.004177017925616851,0.8555838831125897,-1.5593517320981296,Probe
-0.47388529302343696,icmp,ssh,SF,-3.9848264817989887,0.6250920505165479,0.6349435884811783,0.6537465352645139,-1.1597210778329305,1.177721728471484,DOS
-1.602752097008596,tcp,smtp,RSTR,0.6367190305138033,3.4652040003094915,-1.4963574233699473,-1.5924811750182262,-1.7448681014904501,0.2717491099938907,Normal
-0.8878366768860675,icmp,dns,SF,-0.5807802961665252,0.9747936208718568,2.2278334022350763,-0.11548819183089698,2.154957887712765,-3.127725579484848,DOS
0.07930035452145279,udp,ftp,RSTO,0.29196568096246267,-3.49382756434348,0.9203477061934704,2.030803898270253,-1.9060810391887277,1.6531698566256356,DOS
-2.081933214956027,icmp,ftp,REJ,0.6154426386694842,-1.0356938554494455,2.548328559600489,-4.3584366852216965,2.283772104060245,-0.32025777786992515,R2L
0.8523532866248449,udp,ftp,RSTR,0.6578552756524221,1.1562573512545247,1.1926867848330938,-2.19813610081518,-0.2651382812773482,-0.6773947233108599,DOS
-2.1687113614227034,icmp,smtp,RSTR,-2.723223821782983,-4.258612522589316,4.308243410975859,-0.7631450127235548,-0.5755462718493596,1.1077730956228093,DOS
1.050302468633272,udp,dns,REJ,-0.7984987987417826,-1.345869518718418,-0.0055364738643290945,-0.06490624068257647,-0.7860949791147736,1.6811353441480397,DOS
-1.955316319326712,tcp,dns,REJ,0.6555514993701643,-5.522694526724049,2.6857440696585044,-2.731367020002946,1.159229346424066,3.032511863625907,R2L
-1.311741128030505,tcp,ssh,S0,-2.6138276986927824,2.11296028228344,0.6548266116472385,0.4008997727362478,-1.6765476578504273,-0.5730027043505173,DOS
-0.7173271691267112,tcp,smtp,RSTO,-0.4493600445394823,0.4799294257245403,0.15266745509556945,-2.9955520299642204,1.0960570728487884,0.9619850464889624,Probe
5.051806356709667,udp,ssh,RSTO,-0.17059478762439872,-2.2617412802145953,-1.8945577502271473,3.890221262147226,-2.8182974241766225,1.4424776023188182,Normal
2.1790915280253764,udp,ftp,RSTO,-1.6178673596358735,-0.5005523728323135,-0.671678269077827,1.4727135359718047,-1.6137369613906585,2.0746104688913563,Normal
-1.8205957559411168,tcp,dns,S0,1.7971793515116983,1.2855295115143577,-0.4270695566558731,-4.2968550154697525,1.9322820297380703,0.377051670792363,Probe
-0.21449543951046846,udp,dns,S0,-1.1318883426920834,-1.2549418403638009,1.506750228343083,-0.18923268359331982,2.2817216273015464,-1.3955556821526773,R2L
-5.096981754387888,udp,ssh,REJ,3.767797410179093,-6.025649559688338,3.130562886041093,-1.0500808714725716,0.8399830500734873,2.3985771260541773,R2L
0.04040681017220393,udp,ftp,SF,-1.0466537468721828,-6.062806699584019,2.646493936610744,2.30969037539262,-0.3822840624201618,1.59777966226257,Probe
-3.4049697670386694,icmp,smtp,SF,-2.3247094857573183,1.539606347415213,-0.3107754416669182,0.4105863223538312,-1.6680195589273104,1.8573349587768633,Normal
-0.5820701066288967,icmp,ssh,S0,0.657915775870439,-2.057126482925394,2.509010024702355,-4.169476365807127,2.1333235332148552,-0.4453364256681087,R2L
-2.389296418535115,icmp,ssh,SF,0.6086080583277301,-1.5058423538928845,-0.3081005822781586,1.0009968404572127,-0.9315343761197579,1.963227591325726,Probe
0.3610491861251983,icmp,http,REJ,-0.8743879191824095,4.724170019107114,0.5313334126812006,-3.628332713432288,3.071725536939137,-3.0021636962477753,DOS
1.559870350863449,tcp,http,SF,-2.4218664133599335,0.701588243122096,0.8894057338262237,1.0029023517851852,-1.754071180869322,-0.9083658795614082,R2L
-2.222713503150407,tcp,ssh,RSTR,-0.8503526799192382,-3.7459448925408565,0.9193265677342735,-0.6942886898014461,1.009659862834194,2.943325476060765,Probe
-2.2530577003188723,udp,smtp,S0,0.489376733640285,0.30158025147711204,1.027928277493987,0.1445151262839793,-0.8798332308253992,-0.26446910429730286,R2L
0.6871908392683899,udp,ftp,RSTR,0.2218640159642815,0.19357096410010183,-1.2811203691919233,-0.1644288213581147,-1.3305750636835367,2.7550656930050756,R2L
-1.4509442188943253,icmp,smtp,S0,2.7180247698856204,-2.0936690075718487,0.3553790689638532,1.268977435052693,-2.4518716212178537,1.4846730259051073,R2L
4.213100195024563,tcp,smtp,SF,2.9342048478338527,-3.0395920392441274,-0.167759433308715,-1.0476218509420507,-3.260619796630082,2.49275743198179,Normal
-0.39955639206207927,tcp,smtp,SF,1.143627577882408,-0.3988864759546505,-1.3399493437345282,-0.6438276352988098,-1.6459468113307545,3.097920134263644,Normal
-1.2971180689777553,tcp,dns,RSTO,-1.214080485693565,-3.013537852568246,2.083961412740217,-0.6018072611613231,0.36629353811966814,1.5234467789527,DOS
0.30006444486136297,tcp,ssh,S0,-0.01459032803104754,-2.6348261022685415,1.9545680038066773,-4.827149317960588,2.889535123961082,1.8542761912162073,Probe
-0.07488722685721261,udp,http,REJ,-0.3344862823315158,-2.9431290648470942,0.028363396951649134,3.3683213685708853,-2.2253724967289723,2.18945778242231,Probe
1.936113511414522,icmp,http,RSTR,-1.4256558161248982,-0.2248084985722703,-0.8602598181599725,-0.10116179425622926,1.3628348346006018,1.1518664772248908,Probe
-0.7700540898808924,udp,ssh,S0,0.02423761016115966,-0.21713994190957453,-1.1483054004278774,1.3136643640923267,-0.5582115916352672,1.7306106945410322,Normal
-3.1747572445496424,icmp,http,RSTR,-2.085928884690029,0.29246616831503536,2.807389440122493,2.5404485090832254,-3.205057635365019,-2.058906935599315,Normal
1.9760334381114202,udp,ssh,RSTR,-1.7340666648685907,3.3466296795336556,-4.254271285709686,-1.2202384255567162,0.8869922483926622,3.3578744684914614,Normal
0.7922146496211286,tcp,ftp,RSTO,-0.13219769278682558,1.2234479568471386,-0.3450762834623653,-0.5118560949263442,-0.6076031228014191,0.07540497883113828,Normal
-1.5521124701293398,icmp,dns,RSTR,-1.4716183176794617,0.14393681296910837,-0.7357009161756785,0.22085130765563304,-0.4728263791952714,2.6476864384735856,Normal
-0.08003538812901478,tcp,ftp,RSTR,-2.131520103170173,-0.3450672035105253,1.730091644928435,-1.4869755889261178,-0.9439333900047469,1.124293388308183,DOS
-3.14130937382324,tcp,smtp,SF,-2.6033845530052333,1.3063580094592981,0.19206415352127504,2.289080178021578,-3.883236774351662,2.3302785869771268,R2L
0.44841218427465623,icmp,ftp,REJ,0.6268406139066931,1.5681428349169577,2.001080612201765,-3.487108066833472,-1.005316062078467,-2.2994514251787725,Probe
-0.072041019354538,udp,ssh,RSTR,1.0223962019602915,-0.11378170369062592,0.01262284610979214,0.6044392219141291,-0.08393036952113109,-0.5029320658946514,DOS
-3.4714358919881945,udp,http,S0,-5.758808336151544,0.06473490611455807,2.1608980339486537,4.473957505205223,-0.9846542047290794,-0.8798313385694903,R2L
2.161839536028203,udp,smtp,RSTO,1.9634856541784513,-2.1560362887265994,-0.7278498482920266,4.2315529051763034,-2.401953878294459,-0.4292520240514641,DOS
-2.3092082542395334,icmp,ftp,SF,1.4928460267514319,-6.867145691436416,2.359953518900973,-1.670114239189615,2.2832787222457744,3.206716370573278,R2L
-2.9693915951994407,icmp,ssh,RSTO,-2.477789528486214,-0.7528532523152579,2.568694302940502,-0.9916238267110248,-0.9067861731652942,0.5058588847113343,R2L
-2.0599952412537137,udp,ftp,S0,0.8827722525342429,-0.566493030326602,0.30322177258077687,-2.9059566599824067,1.3688056852315342,1.3950041683551855,Probe
1.6821823708240977,icmp,ssh,SF,-5.734816598787748,1.7821363365188745,-2.1419456499953777,2.060585197121766,1.829115454005839,0.21248934840286737,Normal
1.4532516270819875,tcp,ftp,SF,-0.27691361361142797,1.1974136413217196,-1.1704698808070328,3.1816801879093988,-1.0254209894087456,-1.3948326215694622,Normal
1.4315846941035688,icmp,dns,SF,1.8948465906563614,2.2047210982176475,-0.5511203425535687,-1.7315955549589113,1.9535454797946672,-2.133180119656397,DOS
1.7722176759488193,icmp,http,S0,-1.2615934368958501,4.121673901554514,0.15608977602300378,-6.7056376999010885,1.544912444259345,0.4838243631247572,DOS
-0.42976160274425035,tcp,ssh,RSTR,-2.4280930604934268,-3.1925459403878844,3.6690689941545362,2.960592942156505,-1.8066894140621574,-1.3915731259871502,R2L
-1.0322640981907818,tcp,ssh,S0,-2.2909885851848903,0.5535936969054234,2.8700493706216834,1.773154379243478,-2.504067507862127,-2.2062971777254705,R2L
-1.8563355927453697,udp,ftp,RSTO,2.3592685610618247,1.6317693397821649,0.15588652382685164,-5.302227660472725,1.2121987552863867,0.22448705714602468,Normal
2.2326832560688943,tcp,ssh,RSTO,2.0075468733934905,-1.1207355326692412,-1.4033609060433876,0.011369230499488302,-0.03338247629027258,0.8612849745018123,DOS
0.6372583010700585,udp,dns,SF,-1.6115553486038816,1.8787267685577467,-0.4959618963251573,-3.029532372325645,0.3205035987529339,1.9420352377704764,DOS
-0.24098238806133399,udp,http,SF,-1.1115855831487924,0.4395011301421209,1.1491936723531706,-0.48772892792748557,0.3239554169664909,-0.5644504160827637,R2L
-0.8202833934752402,udp,smtp,RSTR,-4.202524573319631,0.7357675394239407,-0.03299771741379409,2.092801058393667,-0.4417621361419898,1.3521394353944978,Normal
-1.3619362230190768,icmp,ssh,REJ,-1.46832650775016,-0.0018836092008446415,2.283502515972907,-0.18381581456832205,-1.0289443196570467,-1.062443832936602,R2L
-0.17477796608818985,icmp,dns,RSTR,-1.965557732429203,2.3825041159649385,-1.5463282021536013,0.586627980008961,0.46179174392823175,-0.39144585024678547,Normal
1.7530143020853561,icmp,http,REJ,2.144619145932975,-0.9325616401361276,-2.0537341517432175,4.366883302273741,-2.6124212615811255,-0.1617995495695802,DOS
0.8119836132774492,icmp,dns,RSTO,-0.7366871435201998,1.1822904337105584,-2.500849973548479,2.73863221188739,-1.1408850868539653,0.8205369812529814,Normal
-1.0686601431962353,udp,http,RSTR,2.4501256387886645,0.5013473067036619,-1.7241346522091878,-0.8200638143534943,-2.100315894734562,3.0898752125484648,Normal
1.1373649335051987,icmp,ssh,S0,-0.6122651080821503,-4.122827038015346,0.563106041347872,-5.021159414201721,3.3354408635926527,5.941243346567389,DOS
-1.6334058029587637,icmp,http,SF,-1.0612974200139769,-0.4828231334509008,-2.653562636281821,1.6266014669999231,1.0005594836114367,3.4571025362786933,Normal
-0.7519458707551072,tcp,smtp,REJ,-0.8108425137801282,4.059823600612888,-3.7756310950230256,1.7656214944675024,2.772970927296863,-1.3715155851121237,Probe
-2.4229358348193633,udp,http,RSTO,-1.4372590799904494,-3.475812140104619,3.2445557295051133,-1.0526766005977768,-0.7846120112432973,2.3852295161485175,R2L
-0.15028733857649923,icmp,smtp,RSTO,-2.681540049689623,2.2958881814906045,-0.48347461984942885,1.4149855063383707,-1.9310420747557473,-0.558513916323309,DOS
-2.5429421728230235,icmp,smtp,SF,1.2606357709566853,1.8826393966915704,-0.3873105814436619,-3.8541033848676043,1.3697804055495544,0.4222865553697962,Probe
3.8428532818722423,icmp,dns,RSTR,-0.2710996432493199,-1.2091233208531154,-0.01101118590920569,1.1972219019305281,-2.3098959554405396,0.1851551315238762,Probe
-0.24423423058070126,tcp,smtp,SF,-1.4986139278737713,1.1221948318755093,-2.7051970382447914,4.036278882156751,-0.21689078385497618,1.1164713558221935,Normal
0.5595639299033075,tcp,dns,SF,0.6789966415548554,-0.5763888467746152,0.05346460071022863,-0.5099892284271607,-0.49233276756803535,1.0248173199682833,R2L
0.4874968544000813,icmp,ftp,S0,-0.17759137574985484,3.200421070175995,-1.7142936299665423,2.3320001699351973,-2.072146373245676,-1.2473236271173036,Normal
-0.09015670136766152,tcp,smtp,RSTO,-3.0292504065315042,-2.526557287063248,1.0876587651692815,3.1039673723984618,-0.818269897693702,1.2915046712629623,R2L
-1.5932966307928513,icmp,http,RSTR,0.25977661523684437,-1.9018369507968027,1.7539750191293075,-1.8769258963611872,0.8344943304537404,0.5512889751371954,R2L
1.1727943664948643,tcp,ftp,SF,0.692272890275435,-2.7417420642760035,1.0722467332142225,-1.6805171630379103,0.7406934561455698,0.750533941079838,R2L
-0.051131486137936055,tcp,http,REJ,-1.2925888878585756,-0.08326795517306328,-1.2306952407343814,0.24604971912939863,0.08702719244041535,3.0287919352882042,Normal
2.783150240240653,udp,ftp,S0,-0.9793281551393368,-0.7274068114306813,-0.44260716497401464,3.69008993506063,-2.018862371100896,-0.897907297875332,Probe
-0.9124937483219653,icmp,ftp,SF,-1.8592457625997694,-4.728337056859857,3.7312521406037895,-2.5086374379645844,1.3200669588750475,3.503283311651824,DOS
2.614596669074467,tcp,smtp,RSTO,0.16161675111133278,-4.450007996059067,-1.6682720834361382,2.8828641559014363,-0.5526939266124541,3.819746260204742,Normal
2.350694962187762,udp,dns,SF,3.9464732968672815,-2.051594716933993,-0.404567785448129,-2.057870963418544,-1.3257681658126264,1.570294060904354,Normal
1.860071039550351,tcp,ssh,RSTR,-1.296188616189951,0.8385311071581001,-1.5401422786676093,0.3061674800758721,0.8802829513636903,0.8670533033317427,Probe
1.3388215015181797,tcp,ssh,RSTR,1.306610015901412,-0.025122606127932056,1.493017572157465,-1.1908510919448967,2.9022453049463364,-2.7053063252485865,DOS
2.6324981710795647,udp,smtp,RSTR,-0.7426430738874439,-0.9721355194671509,1.6803924642448762,-0.2046888284442895,-2.1929349398732807,-0.4900085373146268,Probe
-0.9560593090904803,udp,dns,REJ,-1.4892050589865957,2.6230783469788093,-0.1588057000073424,-0.8607328514664764,-1.1067442854939011,0.733389532893433,R2L
1.5221288378066045,icmp,ssh,S0,0.3922049959171192,0.5181113963071989,0.871680427543295,-1.0720308107297798,-0.964113954528543,-1.7023093489133512,Probe
-2.0241133382107823,tcp,smtp,RSTR,2.941533899858899,-1.4585007535626175,0.18029611056412864,-0.6793155613944838,-2.4288621518849016,2.3684237261144014,R2L
-1.5715423971359481,udp,ssh,S0,0.6016460425139878,-4.930946398382526,2.8792006380520037,4.222149528334422,-3.404289325498263,1.3056897200201194,DOS
-0.3125383997666106,udp,ftp,RSTO,-1.996014770955194,-7.791643279758344,4.468943295365513,0.2501341120106837,-2.9911170777619227,3.903983528240431,R2L
1.2048418046448592,tcp,dns,REJ,-0.6158652431781693,1.30751245590451,-0.6784040297915734,0.13731913736397178,0.1897760450635264,-0.8330770301513579,Probe
-2.3195696718671504,icmp,ftp,RSTO,-1.9535536017745883,-2.1033274600560863,0.05289967021154185,0.5872114107294375,2.4291209175516744,1.6464285464374764,R2L
-2.997896921039663,tcp,dns,REJ,-2.078205259840441,5.220978209462267,-1.2363044616872911,-0.7449566537266363,2.4393667957810106,-1.7983933419112779,Probe
0.4825923672142918,tcp,ssh,RSTR,0.17106632925963217,-11.414938303403387,6.377531541662477,-0.9706366592795292,2.685510028430328,1.458553726499589,Probe
2.6176934004685712,tcp,ftp,S0,-1.0475267340120529,-0.44757266179404237,-0.6068827572430378,2.752602197515014,-0.25603530052836243,-1.262706342157826,Probe
0.7336837937670715,icmp,ftp,RSTR,0.7443061186080651,1.7498013388935085,1.2139829922200294,-4.297362233443744,-1.0795144469346167,-0.9006046783500583,Normal
-0.5065441708837998,tcp,smtp,S0,-2.979370430362959,-3.105409339741143,2.674987131266426,2.5998101121461104,-3.5254526434312528,1.713174211360918,R2L
-1.4764835289411111,udp,ssh,REJ,1.4332533581615872,1.777802523444821,-2.103287346054613,3.555331622895403,-2.7247930472193103,-2.018160497291305,DOS
0.4848341047263497,tcp,ssh,SF,0.7651172980895512,0.8444451447179814,0.7920025572059846,-0.46420160815193484,1.4862297200854828,-2.0974915091423516,DOS
-0.1667653840182015,tcp,http,SF,-2.1745847993662313,0.7112729427035068,1.826469739637794,0.10087064483110507,-2.1569434148235054,-0.016973978825742697,Probe
-3.8658089248531944,icmp,ssh,SF,0.05308779740044378,-3.9573667276881905,2.6222510541029767,-3.516787408999414,1.6762218272454101,3.091701099475334,R2L
-2.397123357576422,icmp,http,RSTR,3.420421938487923,2.9750821354369332,-1.0184541187962346,-3.4510260050291848,-1.9138885378402186,0.847000798490089,Normal
2.2809567202376035,tcp,ftp,SF,3.1061167018615996,-1.3844793013119387,-2.755621177502713,3.4396667185507823,-0.1548577919693328,-0.41361449283634655,DOS
-0.6071347416137334,udp,dns,RSTO,-2.74407682237831,0.15016879623147827,2.4023521654042943,-0.755482443124113,-1.659781572315382,0.712616816146602,DOS
-2.634113533631023,tcp,http,REJ,0.9778389916981942,-2.5199903464811935,0.7490734109563286,-2.986206309738056,3.132726009029327,1.8532925499771902,R2L
-0.26429999552586203,udp,dns,S0,-2.445254085481121,2.196253435914233,-0.5421201628242966,2.730762169058671,-1.6930734793030902,-0.13912957317197994,Normal
1.6245909811685482,udp,ssh,S0,1.9102619271387806,0.3928361354421143,-2.636475694368342,-2.747973882136453,4.282256860379963,0.8794644827904075,R2L
2.9831405460538587,udp,dns,RSTO,2.1866364903297475,-0.41686409819003967,-1.2820923259881494,1.3977002363487316,-2.2351762883467727,0.20284566091763057,DOS
0.5154372671544168,tcp,smtp,SF,3.0990202680445447,0.10194881177280195,0.2924229426302203,-3.3815037339551455,-2.3475907444215984,0.5016353275354916,Normal
0.6647140796795472,udp,smtp,S0,0.09956351827494903,0.20302471497607802,0.8547065285057822,0.3929427725591004,-1.013349586447544,-1.8114711358982403,Probe
3.5933269286639233,tcp,smtp,REJ,-0.12355523340112329,-3.6502897770557485,3.114868507442448,-1.4749236094049003,-1.8533503181114817,0.25192605771279797,Probe
-0.9177359932567626,tcp,ssh,REJ,0.7065484359175953,1.8447668215314623,-1.2980472004567145,0.9459075617691597,-1.9398750116043617,0.6551589776137381,Normal
-0.4996119442099928,icmp,smtp,SF,-0.05617088649467017,-0.8056472187986534,0.25573393317392,0.4876443407212855,-0.6478287688835027,1.3732906710553756,DOS
-2.6494952499757383,tcp,ssh,S0,-3.1597147475541645,1.2337581431750415,-1.3580263529534014,0.36980152890665335,-0.3820631240180936,3.540061091046239,Normal
-1.9286897458826135,udp,ssh,S0,1.9602348165434558,-4.99427802158476,1.9622605881318942,-2.3797475908649166,2.1020743342423422,2.174986965914638,Probe
1.1572026739635872,tcp,ftp,SF,-1.1397582480270296,3.08587825986028,1.528284252237527,-7.643945471775109,1.9734531520802574,0.666526010153446,DOS
3.18401890963702,udp,ssh,S0,-1.872898450454159,-0.9813472237617306,-1.4160081638300182,3.812888278043376,-1.0760913889135106,0.5667681420817505,R2L
4.253841917334478,udp,ssh,RSTO,-0.5204965781065914,-2.473678213685371,1.6277587261685151,-0.24592540305232888,-2.3669279899618116,0.47004398090025656,Probe
-1.28685996437159,tcp,ssh,SF,2.2350695613203246,-5.832197356057344,1.9860725987086982,8.373009207015986,-2.090586098562859,-1.9390988625200438,DOS
-0.3727777323524337,udp,http,RSTR,-0.0560518021630767,4.710240483692407,0.3738642816271336,-1.9924224134326283,-0.9578161486979617,-1.9813156402157315,DOS
0.021122128686305253,tcp,dns,RSTR,1.0248542820380357,1.652149452043141,-1.283753990086407,-0.519332325092714,2.1913551749492086,-1.2354498156982863,DOS
-1.7660463110041336,udp,ssh,S0,2.350272661060357,-3.6738037319452195,2.209064454788667,-2.1681820375656518,2.7815054514250885,-0.6882648850065849,Probe
1.371314581100436,tcp,http,REJ,2.736194758108361,-0.05437213928085581,-0.34083632347679516,-2.2992613030255638,2.318808096597497,-0.6455402604228713,DOS
1.947737386586304,udp,ssh,SF,1.9479244673245122,0.10766421736532969,-1.763407758591523,-0.037225456348207356,-0.9382779253120982,0.42180886981109567,Normal
-1.9637208548457932,udp,ftp,SF,1.0431169824306679,1.4060353219068615,-1.0014164568979358,1.486233683371707,-1.9504638029023846,-1.023491800657836,Normal
-0.28329953014237874,udp,ssh,S0,-0.99177236139702,0.377679541226689,0.9599425806978844,0.8942412940937539,-1.9647133590214354,0.8407198653443285,R2L
-0.127300111880832,icmp,ssh,SF,-0.8231074229807804,0.6977689262510492,-0.6956760497151744,0.01653312084613507,-0.07733077349462136,1.754749793271873,DOS
2.1906240198870437,icmp,dns,SF,-1.020096002190781,1.0164537354589223,-0.45297537129568,-0.5806052902952522,-0.725863448797476,-0.49207457605932525,Normal
2.6184715965215184,tcp,smtp,RSTR,3.143097508946274,0.566791892529867,-3.071916593893617,0.8739598668332988,1.4630366519570217,-0.953047297776424,DOS
4.13606042807423,tcp,ftp,REJ,-1.2918153387600848,-1.9157732262266425,0.02665313227780952,3.9253728114958126,-3.108102267268805,0.07451524025157563,Probe
-1.0330195142222331,udp,smtp,S0,0.05255121749694136,-2.0405709365175113,-0.7998529385347377,1.0043494624965266,3.4931485826382196,0.6728211747276127,R2L
-1.0588146709306425,icmp,ssh,REJ,3.169787944967567,-0.05210651793179449,-1.766049082127275,4.406057703650208,-0.3409930307051736,-2.0811093523943986,DOS
0.1335531445407303,icmp,http,RSTR,-2.7828029437368165,2.758353681491094,-1.6696344204595523,-0.17218784621689298,-0.411116465157752,0.9581733006775257,Normal
1.1105899753156274,icmp,dns,S0,0.883096501662826,-1.6864826687498635,0.5451908429849402,1.4728922524710824,-2.2167758342036388,0.13158286161414356,R2L
-1.3639691058954404,icmp,dns,REJ,0.7851665157221943,-4.90674811278958,1.7636629790359648,-2.0394789416944237,-0.7201411850004673,4.209269334289341,R2L
0.12003888492779657,icmp,http,RSTR,0.5527167922356012,-0.8490488108172273,-0.8781040302117749,-0.8840827695261952,-0.6736437073437601,2.635881936915914,Normal
-1.2773765276059037,icmp,ssh,REJ,0.8582952410618444,4.578982260410418,-3.014709012011055,1.3005404519839288,-0.5429277854988017,-1.3534926561180254,Probe
2.128286384614137,icmp,http,RSTO,0.2817243660030555,-1.1037643153541723,2.230177399420347,-3.001280325826263,2.3101057728183676,-2.8158992960104223,Probe
3.6576666415686674,icmp,smtp,RSTR,-2.5059492810935406,-4.825699584073537,2.5011408234018537,3.412949832494432,-2.1799765974480794,0.7063097931877482,Probe
0.7031755050897048,udp,http,RSTR,-1.3034998582620283,-0.4821579507710354,1.6597467299774022,0.09516647213243158,-1.2410165102318154,-0.2871387102291365,Probe
0.8002232536873732,tcp,smtp,RSTO,-1.7588390784014907,1.3237763373135267,-2.021629844755799,0.969280493973907,0.026233317275740742,2.1050463067281564,Normal
-4.587776380214793,icmp,ftp,RSTR,0.7756831872474077,-5.29090159989963,0.17835566285711257,2.5311273555529845,-1.148942006966235,4.498417423678494,Probe
0.28149756480081334,icmp,http,S0,-2.341848804661779,2.1320672266880094,-1.0304392682375196,1.956911618947801,0.005868376768526584,-0.5695805985503023,Probe
1.7035483386261605,icmp,http,RSTO,-0.42476577496652035,-0.2448199208463025,-1.1835590917688883,3.6178469670806415,-0.20633709719115345,-1.4547372108849728,Probe
1.1057784537824844,tcp,smtp,RSTR,2.194460507531857,-6.379282552962897,2.3969936081257943,-1.3588610159693348,1.0747696961655615,1.6033370874072377,R2L
0.5797485996684661,icmp,http,SF,0.27140845471645925,-1.7057574598023568,0.29923366044497013,0.3144449369016537,-0.4734266505002509,1.1250411707444827,Probe
-0.8913710849472845,tcp,dns,SF,0.16337489251403414,0.7767763763789385,-3.4824916459297546,-0.5642731777484253,0.5138295730009992,4.622987176262566,Normal
-2.4502561505436953,udp,smtp,RSTR,-0.7475326540453457,1.3693549943783048,-2.277337981859441,6.742375503778245,-0.13706375268089,-2.4126461374843453,DOS
0.21373897137088216,tcp,dns,REJ,-2.6101509412842625,3.7886418719388364,-3.6721280243960344,-0.9048182473698074,0.18328075398748012,3.267481912612077,Normal
0.8466159706228573,icmp,http,RSTO,1.8202032780851152,2.0503221066190136,-0.24961554795555774,-0.6178350606612512,-1.4114689443172908,-1.072952283494402,DOS
0.25573796036185503,tcp,http,S0,2.0991108037592356,2.9933307828319595,0.4535799472108133,-3.529069361231596,0.11653726435715384,-1.258766448038104,DOS
0.046161851971846746,icmp,smtp,SF,0.8896973047830534,-2.424304026234956,2.144267751322706,-2.24103921234701,4.258939996672568,-0.8701122953006587,DOS
-1.6602887767966323,udp,http,RSTO,0.1613922063689377,1.7827655546103474,0.7143780028413578,1.6789954376955187,-3.1310315869191006,-1.8659133878111303,Normal
2.280755960927255,tcp,dns,RSTR,1.882029183361055,-1.4043960272853533,1.1845156458913157,0.8221106619569298,0.06694079369353034,-1.7225424604367352,DOS
-0.028221945009382132,icmp,http,RSTO,0.2747303873142428,0.3623536920462036,-0.2568608639662565,-1.0749644835484795,0.1754689316245135,0.44338395840902134,Normal
-1.80897310429865,icmp,dns,RSTR,-0.9996419803276374,4.278755770506087,-0.30136487182297844,-1.8263554043964247,0.9823960276509056,-1.7218338305257022,Probe
-1.747341320398084,tcp,ssh,RSTR,1.4954765048904186,-8.285765917133924,3.6711198700030345,-4.715215652619669,4.3531122692968385,3.9301888785501617,Probe
0.8468201924359917,udp,dns,RSTO,-0.799726701910678,-1.6066651679400585,0.39203186554498715,-1.276136523097067,-0.09880341181540142,2.576396072865144,DOS
-1.613704310127201,udp,ssh,REJ,-0.14294566820819177,1.9768264430032976,-0.2687283980436338,3.95340182168328,-0.3160303593447267,-3.1472231654408422,DOS
0.11545076456729786,icmp,http,S0,0.468033592487746,0.9773392469198053,0.20432482163002508,-3.4216587310935087,-0.033479215325209255,0.6312467387994174,Normal
-3.0443015778778273,icmp,dns,S0,-0.5909350604594508,-2.6876563904614694,1.0502827335980534,-3.1698039593737053,1.9133084135927438,3.5836023125879675,R2L
0.1541583910994191,udp,ftp,REJ,1.2341277512296913,-2.2880835273208326,2.8276442071934778,-4.904582910774639,2.6475765654508656,-0.6359990969354099,Probe
-1.2662680639820585,udp,http,S0,0.4951491030328852,0.9333884190559746,-1.3009802931450754,1.9488459390424553,-1.5241408866491746,0.9562567029699242,Normal
-0.25525817048481747,tcp,smtp,RSTO,-0.4956239926568442,-0.20182519077774225,0.14574658487388625,-2.127580569267009,0.07912935605432292,1.674890870928376,R2L
-0.05404937711051905,udp,ssh,RSTR,-0.6080636031051838,3.37397067423281,-0.9879982469740679,-0.28282622247642053,-0.4255099238900931,-1.3443869002274225,Normal
1.70474152857101,udp,dns,RSTO,-2.015183858642974,1.66228077163321,0.8840972723223404,4.553908667303509,-2.168170704770586,-4.015775234769225,Normal
1.3850582065099877,tcp,dns,S0,0.03135739628531342,2.3532110967218753,-0.8054240583847112,0.6970177603443691,-3.195247743120218,-0.5838687289772828,R2L
0.07025980542207044,icmp,http,S0,1.7338848649914445,-1.7257657746933752,1.514315496560977,1.1787634506383597,1.2223010751275072,-2.5664676301526175,R2L
-3.8582245805009863,udp,smtp,RSTR,-1.518478355599746,-5.994646007975353,4.346333711943124,-1.360773537119664,-0.4877195907219749,3.055589807334553,R2L
-0.29599382341858016,tcp,smtp,S0,-2.6094442252769747,-1.543353798293391,0.12649829213086206,2.7135080551401716,1.008566281207572,0.14223852476879217,R2L
1.082398541239317,icmp,ssh,REJ,-0.3725377276909614,2.719081917027554,1.3295666231794394,-5.523787867586205,4.0466494265313715,-1.6934272977048344,DOS
0.9406593135086536,tcp,smtp,SF,-0.05411495640565156,4.692398121961153,-1.4177244392765003,2.09062566589201,-3.256177010500629,-2.33677175081252,R2L
1.3401811121984673,udp,dns,S0,0.2592537212671243,0.4730632219077978,-0.25388877695996603,1.6730188376469974,-1.8193737106075765,-0.5569047427057565,R2L
0.8414840346511837,tcp,smtp,RSTR,-0.10877876140841702,0.32656526151667725,-4.302252183540476,6.205876447855045,-0.4650490989908025,-0.42348994737058054,DOS
1.1939970828127457,icmp,http,RSTO,1.6583304228150866,-2.3019961392689985,-1.4068828351261111,0.6983791985060286,-2.1303441206478153,3.143125564349199,Normal
-2.7097320987079487,icmp,smtp,RSTO,0.3102956581909424,1.326356407281127,-1.2243922915766805,1.5465566044741095,-1.790689139085364,0.5784166864436271,Normal
0.08440459528616906,icmp,ssh,S0,-1.8748705325065065,4.338481598417323,0.7022573440401279,-3.987226133456104,-1.1303998250599263,-1.3831229642980798,Normal
-1.4073405107844355,icmp,ssh,SF,-0.43803780163653505,3.0749368292017967,-1.3562477978802718,3.0799457291198427,-2.789290315157246,-2.177007609142762,DOS
-5.701964620815773,tcp,smtp,RSTR,-0.139007561686585,-1.4205413634150226,0.4703259511864978,-1.780691213616819,4.966994690070625,1.4698134185833918,R2L
0.8214077757266687,icmp,ssh,RSTR,-2.9566297391419103,2.3346846099577583,-4.561970312315972,0.6187431066653875,1.92026721127916,3.078798014844602,Normal
-0.7711710283403383,icmp,ftp,REJ,-1.5556587140522384,0.005851339066161831,-0.4941417014144559,1.0455640863263058,-0.39736138293295686,1.4673194221433083,Normal
-0.7604843027158091,udp,dns,SF,-5.0401694762124665,0.45320437879021147,-0.23546088671579302,0.5935733797854588,0.2856532628368962,3.037475169832381,Normal
1.2065743586660158,icmp,ssh,REJ,-1.7697753021541376,1.104360616322375,-0.8040115662250953,2.4908139427624474,-0.9494239204355142,-0.48359980715580453,Probe
-0.10514480652835023,icmp,ftp,RSTO,-0.0007787264804630656,-2.4876995188035607,0.09568343335571994,1.93646049939793,-1.1837612549023713,1.5118227212048034,Probe
-1.6870273311326838,icmp,dns,REJ,-2.7875273681086234,-1.3191330307517117,3.0470630227676314,-2.649045572162718,0.8951889570580716,1.2985372675928737,DOS
-1.362211892412797,tcp,dns,RSTR,0.9848440045966613,2.007765038255541,-1.259710416717457,-0.10180603127637251,-0.5544334635614616,-0.398701498908834,DOS
1.7214779515015595,tcp,dns,RSTR,2.252118328653692,1.7473608464810872,1.3926031602258842,-7.127673547448657,2.917359940141125,-2.3638816135216105,Probe
0.10032225189582977,tcp,dns,RSTO,1.2738570674493759,-0.8635202951673431,1.4230371162229274,-4.497926159828533,2.432326792635558,-0.5353800212716286,Probe
-1.912444292690453,udp,smtp,RSTO,-0.8939772915989406,-2.0467778447215177,0.8882856692791479,0.1380545663953944,3.23029888581822,0.4426624804433721,R2L
-0.4009316553762676,icmp,http,RSTO,0.7295930421990643,2.2450088136219923,-1.1133714305580371,0.40429770917405644,-0.10872251116129417,-1.0831792308777544,DOS
-2.2136263059644756,udp,ssh,RSTR,-1.5592810853796508,-0.0958819582748404,-0.49977847790011,0.6700399494859294,-0.6775360067041563,2.784841604357202,Normal
2.7110368039126715,icmp,dns,RSTO,-2.3328427935485383,-1.4379598800648645,0.8548877203440466,2.279927771895437,-2.469210559304086,0.726902366009696,R2L
-1.3899706664803224,tcp,dns,RSTO,-3.660001052483789,-0.4165676191103732,-1.6317743209299411,2.4361656088661703,0.8058956695297275,3.8752974166554086,Normal
-1.2888708261920245,icmp,smtp,RSTO,0.9007926105326918,-4.146476982482563,2.258905497507927,-0.629833132785265,-0.05273420472855006,2.1537938367643013,DOS
-1.8169330361762803,udp,http,S0,0.8462790568648456,-2.0685094760026095,1.0210524765473676,0.9089050953400377,-1.6727142132396036,2.226701264147294,R2L
-3.6515207035270234,icmp,smtp,REJ,-0.18164087136151896,-0.762311245791637,0.5947883483132372,0.7863653945428136,-1.7832621130869635,2.0979301285801295,Normal
-3.6398278716434858,udp,dns,S0,-1.6808247091833701,2.2506001516910286,-1.3232292396646184,1.167410242963405,-1.6523394146259196,0.9532357345149507,Normal
0.9353346599343897,icmp,smtp,S0,0.7253929045062051,-2.6963105106375074,1.5203930403903205,-3.195123513442299,2.1226858753024693,1.0338934760351717,Probe
-1.0054883223772895,udp,ssh,RSTO,-1.5553486310749243,3.753007836137056,-0.8586927517361835,-1.0229311276850386,1.0953577708949087,-0.8712915114211717,Probe
0.07139635460254912,udp,ftp,S0,-2.869289323255931,2.912946268464101,-1.7508383480587688,1.1639534584235935,0.8792825498619734,0.4857096086979411,Probe
0.5500622847614509,udp,dns,REJ,2.203068580694378,-6.162691709097685,2.3215815495393732,-1.6647946142183165,0.5438385870342044,2.130910499496504,R2L
-2.4970639227035702,udp,ftp,SF,2.248962349930303,-4.043171777296765,0.4622266976706326,0.010548682372462636,-0.1864442062548184,3.1941694848554425,Probe
-2.126128470888487,icmp,ssh,REJ,0.7222578647913986,-2.0532660880335967,0.315939412569599,-0.7811226221677112,2.2157847955930468,1.04659755614168,R2L
-3.6548358401953194,icmp,http,RSTR,-0.782319991455122,-0.7085643760555168,1.535328212218373,0.29310494599622566,-2.386371402021679,1.8672080314356707,R2L
0.2542878622054967,icmp,smtp,REJ,-1.4654043265858574,2.408703182493668,-1.4645982597868845,1.3876934488359614,-0.9212310853861003,-0.8325476875688897,Normal
2.23516169711473,icmp,smtp,RSTO,-3.3046689785334045,2.3535049936691474,-2.9183008283561804,2.352316792037915,1.1385684509359373,-0.5791264251013379,Normal
0.048993136742312426,tcp,smtp,REJ,2.4553518444131344,-1.7914068644777408,0.6564936875845838,-4.801787139046855,3.228780383184204,1.1004957256052885,R2L
-1.5279316981062903,udp,http,REJ,-1.189563763085547,3.646578373709318,-0.030428963985309032,1.565782437698134,-3.4342230919559302,-1.2577266904103332,Normal
-4.154581224216315,icmp,dns,RSTO,-0.7974817851842534,0.8500736839647806,0.17197287757226531,0.5191194243699594,-2.4438387211687966,2.441473302859655,Normal
-1.2080429737505727,icmp,ftp,RSTO,2.60557342639855,-1.528781911594283,0.1684097240010891,-2.0394993392792284,1.2843941208821819,1.4653255990002636,R2L
-0.6076452644729586,udp,http,REJ,2.623491883118298,0.6827948878527982,-0.49394453546177797,1.770726253419947,1.8137335093022289,-3.02560975392668,DOS
-0.15081960402763173,udp,http,S0,1.5082124028079913,-4.377797706923203,1.7453568887826614,-1.9771089477130293,-0.3410004498288868,3.671591513904412,R2L
2.525125376312924,udp,ssh,REJ,2.615762307428997,-4.212235027503777,1.9744759662183924,-0.16125969843737145,-1.081146171419313,-0.5442089887181951,R2L
0.5764300569864047,udp,http,S0,0.3372496022080721,1.31789491220704,-0.04138897221415383,0.1874450468908839,-1.7136339152845825,-0.35232857377669635,DOS
-0.14583359888769776,udp,ftp,RSTO,0.20053861621790947,0.9806922498022934,-0.37315351077572445,0.4208521867261631,-0.3416817088836288,-0.7259577482895969,Probe
-2.0782631912268013,tcp,smtp,S0,-1.8862643000664372,-4.65782693986087,2.513356479614797,1.4018946534233039,0.28043499177052744,1.815482408820777,R2L
-1.9944805055129387,udp,dns,S0,0.029257434220761658,-2.2964524370777033,0.9412747749337339,-1.2733350814465245,2.8214868878893924,1.1937399092550143,R2L
2.5812454306287895,udp,http,SF,-1.4269535417589232,-1.7547993342620016,1.9981428608432483,0.11494396640690448,-2.524002350624762,0.7290488634214036,Probe
-0.6000068517811337,udp,http,RSTO,-1.9903805000691621,0.5697944484460739,-0.87273302466071,2.5368705619467713,-0.4535109905836041,0.2250927485897264,Normal
-0.22609560495379344,icmp,http,RSTO,1.121124995219525,-1.9308970830481287,2.1564069125771277,0.004394052896638883,0.23434457713474188,-1.1207200019771761,R2L
-2.572319444175442,udp,http,RSTR,1.4683077891821141,1.3871073740771296,-0.9767098836197436,5.874370971997882,-4.4585087639872345,-1.547809742595914,DOS
2.394123979391559,udp,dns,S0,-1.2355682746247227,-0.7617668788148345,-0.2630068900081658,-0.1856561178325454,-1.1656459785058049,1.3243389596758295,Normal
-0.5777921741193603,icmp,dns,SF,1.8933136659575465,4.822533215509687,1.2761396466223007,-7.86395834686232,1.1803676797055527,-2.6576444236305163,Normal
3.991169378297627,icmp,ssh,REJ,2.9553133333114836,-2.4775964014814718,-3.204964884510857,3.449253307909322,-1.1714523964130685,0.9975110171147141,DOS
-1.2076631766910715,tcp,ftp,REJ,1.4315864971471997,-3.5127460114635896,1.8522275785376365,-0.04597727135664698,1.3921072118613336,0.600709069895287,R2L
1.6797344248712105,tcp,smtp,REJ,-1.8257791344189753,0.2543219204644618,1.4642511306427957,2.509524287961715,-0.1287721825317787,-3.28602083914435,R2L
1.0444337622694917,udp,dns,SF,1.0027890976044311,-1.5305960883369814,0.6320441486661585,-0.2533003308085328,-0.8623525690181072,1.550356983653285,R2L
0.498752377849935,tcp,ssh,REJ,0.5034867419443085,1.1521843366705058,-0.14906897592917145,-0.5725130558740484,-2.903554116964379,1.3398088893542726,R2L
-0.753163041761397,udp,ftp,SF,-0.11968419016138732,1.8366136397738002,1.3175531727287835,-0.023591005333772546,-1.3589779651242897,-2.9136417630565097,Probe
3.223964963869308,udp,dns,REJ,5.438862414961563,0.7496027363429059,-3.1784731526007257,-0.8073574272070116,1.7910689064763192,-1.1295457944311127,DOS
0.25214470116861465,tcp,dns,S0,0.2861462236355854,3.6376801765234736,-0.9219322733300879,0.47159538908996707,-2.564072154100894,-2.3050080660514465,Normal
0.518793930613535,icmp,dns,REJ,0.44101223766146125,0.8125254873839136,0.2247855668087595,-3.3108129407789297,0.18169122525128767,-0.12187872155145008,Normal
-0.5837032799596824,icmp,ssh,RSTR,0.1179530638984494,2.213282670737812,0.7013638452289819,-1.3144822390484214,3.11810855544712,-2.8681487110086357,DOS
-1.9643224586053418,icmp,dns,RSTR,1.0760222639573556,-0.741260793450942,1.3173207923323016,0.49236714130881903,-2.2088120231953257,1.6223639934951086,R2L
0.21983989071610366,udp,ssh,REJ,-4.404870575324351,0.5583964194376085,0.8465551784371768,-1.5708986018671625,0.1280746831160915,1.4217882431478044,DOS
-1.962483754933436,tcp,ssh,S0,0.9126535861872891,3.2866806405543034,-1.5381849624362829,-1.5733435079121263,-0.5657267861924917,-0.008112039737233179,Probe
-0.79765047348393,tcp,ftp,RSTR,2.9702475144203704,2.5399819476769676,-1.9399294950583643,-2.3536078551665187,-0.5839475070926563,-0.35732858852726945,Normal
2.8040409210593076,tcp,dns,REJ,2.1245859649267818,-3.963984847261384,-2.8844784893236604,3.3742211542453706,-2.1688030429985776,3.6877867211650175,Normal
-2.1378960180973685,udp,ftp,SF,0.8374798261046391,0.3571762256310919,1.1511977227582582,-1.883611789537833,-0.19640486490194975,-0.10333007766965108,R2L
1.6895764696097668,tcp,smtp,S0,-2.843499710856542,3.4624050397836017,-1.334109490259047,2.8984507230713934,-3.922281783600681,0.5089795707121841,Normal
-1.7915037131535598,udp,dns,SF,-0.5975629676028578,-0.69651341204326,1.2791004013097607,0.4111383216570509,0.21969810512191668,0.6717686066856774,R2L
-1.1419943158014814,udp,ftp,RSTR,-0.997235569726987,0.4988474043545198,-2.6277433166818165,-1.0932559168226543,0.6023205768222093,4.982033178999831,Normal
1.3000671612199828,udp,ftp,REJ,1.9251071247175098,1.2053971256595195,-0.9050965386223773,-2.2878192300252453,0.31103909827543363,-0.8487164327283128,Normal
1.2375934379885094,udp,ftp,REJ,-0.08897218345583491,-3.51355821703151,-0.3846533780616519,2.864907327129992,1.8802964390976293,0.4363463008315478,R2L
-2.714268336034287,tcp,ssh,REJ,2.2599826476324196,-2.3737796640442355,0.5932492325976184,-0.5355261242170796,1.5976153240953508,0.19426430789811056,Probe
0.18339606633756733,tcp,smtp,REJ,-0.39589014797636035,0.4699764037847887,-2.806063598437641,2.609509727378332,0.25125444691810905,1.2338636660135385,Normal
1.0403803278088666,icmp,http,SF,-1.1169913484999145,0.4872689506060225,0.9565645743126665,-1.461043800310667,-0.015591287347825555,-0.15817397965361601,Probe
2.257645636905896,udp,ftp,RSTR,-4.657965281108,3.752467469621305,1.337872478239099,-2.4309023900499866,1.577407526994397,-2.6257290396238298,Normal
1.0461295517078386,udp,smtp,RSTR,-1.6944655128258106,2.677904831705494,-0.8519688231418892,1.7070610076607529,-1.659751829211535,-0.6113293713426926,Normal
-0.11540071585160461,udp,smtp,REJ,-2.96568036574749,1.0533772341038423,-3.5960340186280293,-0.6748173150374569,1.973033249428965,4.691945919903574,Normal
-2.3119473450388313,icmp,http,RSTO,-1.7542043783579317,3.803083796193187,0.27797305714452225,2.1650386820937757,-2.9614839724742525,-1.6632218998961203,DOS
-2.0827493589455686,tcp,ftp,REJ,2.286434657587518,3.200229561569081,-1.7921397662073,-2.2433752289564737,-1.1359259367395753,0.5651013996638692,Normal
-1.1981941911593854,icmp,ssh,RSTO,-0.007906587400304588,2.5667538421804093,0.35495736229968955,2.540656539765737,-3.533320477812647,-1.9594412084127173,Normal
-0.8641132755188137,tcp,smtp,SF,3.891580462201038,-1.6015759145189699,-0.37086019855317964,-4.329839364295789,-0.655294575902503,3.0163867795114734,Normal
-1.1481083654784947,icmp,dns,SF,-1.0213156359873956,-1.4435917742958626,-0.6034695249044104,4.236301760280563,-3.09466421440498,2.0821495103364005,Probe
3.1941804041653707,tcp,ssh,S0,0.5292971195142582,-5.094572542721705,0.9644675204906571,-0.46676955134404613,0.9032076958062427,1.9012703312077646,R2L
-4.6544051275818346,icmp,ssh,RSTO,-0.8567918379948158,-0.6267163412707616,1.116932269091216,1.1666785332275595,-2.982842398656329,3.5527620218490408,R2L
-1.5666791638862603,icmp,smtp,RSTO,1.959153099641138,-5.556083228947971,3.784271004565987,-6.171472450000582,4.001961002983016,1.5802571354952497,Probe
-2.4273982364940614,udp,smtp,RSTO,1.0018072746927098,-4.187364577294946,1.0745957940141289,-1.8174727210020392,2.608949431106531,2.053484260823703,Probe
-0.7685733103587697,tcp,ssh,SF,0.5105228802655475,1.3177588963629516,0.04746287478442457,2.1308027982266893,-2.2728896785938293,-2.3705173737142986,Normal
-0.11410073176796676,udp,smtp,REJ,-1.88892108881986,5.186886445500521,-4.8486210999628225,-2.74169294281954,-0.1772994094548176,5.081621669888331,Normal
-1.6789356093855488,icmp,ssh,RSTO,-1.5326513463447926,2.890553493027671,0.3903677183353019,0.09717997789860074,-0.5777860755488375,-1.2064440455015537,Probe
-1.2360321658781932,icmp,ssh,REJ,0.6426625574467764,0.9919211323334726,3.528496005685256,-3.795943336467775,0.2144887066037784,-3.7099247667129758,Probe
1.2595331720645493,tcp,ssh,S0,-0.02308434469261833,-2.6821921673793283,-1.723213763221875,8.561692565882838,-3.5115070447197674,-0.3347891177670911,DOS
-1.731570072981349,udp,ftp,SF,1.2274896782870983,-2.3559470663312894,-0.7409443290532949,2.7117195979591284,-1.6828693045821934,1.9316502333764491,Probe
-1.383164000922768,udp,dns,RSTR,0.5874556348642482,3.36715098902532,-0.19923020389302804,-1.0219310594327022,3.8868207515443594,-3.5989393235941813,DOS
-2.541824080683758,udp,ssh,S0,-1.5037646900290782,1.9087019323115781,2.3216853797882715,-2.196384544417136,-0.7821819634424423,-1.5696367460302323,R2L
-0.004158685842358789,udp,ssh,RSTR,-0.8468555247224812,-5.127576367227772,1.8230526272860639,2.377772613590236,0.800716002731482,1.468419765122094,R2L
0.30188544752175783,icmp,http,S0,-5.302102959616911,4.551892905891041,-3.2382283533418055,-1.8912370686204263,0.5976381986428132,3.603006529144985,Normal
-1.0420751814588507,tcp,dns,RSTR,-1.8710405893270343,0.3058262845786089,0.40601019150736783,-0.9303932878195589,0.5454334481326693,0.8249341868520511,DOS
-2.8294525439528586,udp,ssh,SF,2.666525100573219,-5.003464257265023,2.4899873187658943,-2.1301165425127415,1.1429327093092683,3.187398878267119,R2L
-1.184059792936916,tcp,ssh,RSTO,1.3280410119220525,1.7001836277951456,-0.13583110413506239,-3.0295393704083575,1.5503789877610141,-0.9267585527545859,Probe
0.32819644800192527,tcp,smtp,SF,-2.5378411639496967,-4.523743537410607,1.8118783383192092,0.5458921206482458,0.1628975763935654,2.593512850083284,R2L
-0.4327607064494414,udp,ssh,SF,-2.217371488968013,1.040043281782798,0.9529917335956991,0.817152911923293,-1.175527916424076,-0.15307957531844651,Probe
1.7992955396499966,udp,smtp,REJ,1.9967799536506532,-0.5635817216630172,-2.1054701563125424,3.3081110223903147,0.1976147180665324,-1.1265091091342567,DOS
-3.390621774806119,udp,ftp,SF,3.1367252723959367,-1.7233268601977008,-0.09589367821291916,-3.3472997614148734,1.5396702556621915,2.697555728822665,Probe
-1.4872759622422551,udp,smtp,RSTO,-2.9925783528923917,-2.0954045136930275,2.090084873068786,1.2479772693784879,0.7279408529983792,-0.4346496878676438,R2L
-0.3888778616131603,tcp,dns,RSTR,-2.5262522330948745,2.331532698319175,-0.8352522489910335,0.555108759632009,-0.9902389984979588,-0.20044955086013116,Normal
-4.850116962619678,icmp,ftp,REJ,0.2823995302598157,-4.546666054657309,3.5730437232737957,-5.497633841135766,2.063874514105634,3.18918264277592,R2L
0.8331492394050377,udp,smtp,RSTO,-2.0941722528968683,1.153367871656398,-1.7560297587535225,-1.708879498518638,0.583103074837267,3.143004284076904,Normal
2.7390714246839236,tcp,ssh,SF,1.6086887350769903,-1.158472825740865,-0.10958723241617263,1.5027347699435871,-1.177185899776508,-0.5745782178642129,R2L
-1.8002828499366768,udp,ssh,S0,0.9069639790813675,0.16415145213546173,-2.5516824598192094,-2.688461570037943,3.471974237954387,2.619642476925363,R2L
2.1183562482642437,icmp,ssh,RSTR,-0.4441796970897204,-3.3420765540183557,1.1641018088872581,-0.03391868564036235,0.6572694328473789,0.9085951299566576,R2L
-1.5827266584461912,udp,dns,REJ,-2.0631945781922485,-3.1165294273202906,2.826632757444258,-0.6487792772445395,-0.8932230372243903,2.109048012649624,R2L
2.3165616365125237,tcp,ftp,RSTR,1.437185853556698,1.7065762127140605,-0.4978456247963975,-3.65133151957298,0.9293120031706894,-0.047120845789511145,DOS
-0.2887903320372964,tcp,dns,RSTO,-2.5367470964155734,-1.718754682190551,1.6860328017738841,-3.5881038071235416,1.848914136044543,3.4122997412230998,DOS
-0.9809316721141991,udp,http,S0,1.4629094161918745,-0.21954417331632664,0.031225946606527333,-1.149023750639017,-0.35987529756123926,1.262937611424617,R2L
0.29547914529024577,udp,ftp,REJ,2.653108160481027,-2.855204958992478,-0.7905308005965239,-1.953759358922895,0.2858724942648918,3.2464705121695223,Normal
0.8559643170142599,udp,ftp,REJ,5.606831680755144,-8.486520290107018,3.0483779556417447,-0.6592670157123166,-0.48664922686411416,2.680994236555053,R2L
-2.8161972940282127,udp,ssh,REJ,0.35351248105534827,-1.0927978797126165,1.4726867732457558,1.7104713041975501,-2.829384503164497,1.3643840002499934,R2L
-0.1417178141472909,udp,http,RSTR,-0.46846381020586325,0.3559431624549197,-0.6289432020481631,2.9495734472015283,-0.8138459614301294,-1.5557971166862146,Normal
-1.06368054948868,udp,ftp,SF,1.7059827875277849,-0.39791566412122964,0.42208728883461266,-3.008891554002161,1.5849911149837705,0.18291768682143672,Probe
4.184709624169676,udp,ftp,RSTO,-2.4629655480242505,-0.3284710821765461,-2.7782574372474667,5.470334093873897,-0.7756707189272597,0.4760538046137869,Normal
-2.384015858844575,icmp,ftp,RSTO,1.9384634742190698,-4.6061228866899135,1.9284146077395359,-2.1763542646102154,1.8621781954313716,1.8318559176910325,Probe
-5.27415986397443,udp,dns,SF,0.08912972927132312,-0.3440799876075261,0.09659826557952167,2.812208184564172,-2.3900024073793693,1.3891017410601991,Normal
1.1396367049150358,tcp,dns,RSTO,1.3928714125407706,3.3396290206478154,-1.886323953978223,3.227619567164491,-1.8563125324086864,-2.9444471656591027,DOS
-2.3946921908276058,tcp,dns,RSTO,1.242079858753661,-2.1468171717066062,1.379583149373531,-4.393911741088707,1.6395215608347777,2.51403419210685,R2L
0.2710346519886716,tcp,ssh,SF,-0.11723338693404983,1.0470075127518026,0.945011997114635,-0.8129150553425329,-0.4201048331692918,-2.0726267869693613,Probe
-0.44542702773486786,udp,dns,REJ,-0.018255222576783803,-2.583660988569613,2.0387517706415714,-2.7899935711553,1.2826572732258223,1.1232370654057893,Probe
0.2500299037617587,udp,dns,SF,-0.5969796178592974,4.55203073599586,-3.1434312012711048,1.1402433828545726,0.2468768153188592,-2.3608541125122513,Normal
-0.14959675226848146,icmp,ssh,SF,-0.7571065087245372,-1.948743005623252,1.5231943950112106,0.6046183591218076,2.2746431993765084,-1.0579994276546683,R2L
-1.7717902809446382,icmp,ssh,RSTR,-0.874998126697974,2.5618154683875876,-1.1923645919212142,0.22030009385939037,-1.9680109858569903,1.3948496955928937,Normal
0.9473190219799752,tcp,dns,REJ,-0.48424306593868294,-1.4033340380088,0.3131697242079112,2.395687541092763,-2.8036401500843575,1.7684476513485938,R2L
0.37866137483622375,icmp,dns,RSTR,-0.48078388187015364,-3.2160710378110453,-1.4550456272854975,0.3990302216574937,0.5564575375901908,4.223615949541842,R2L
-0.4948886584415464,udp,dns,SF,-0.28039524057606346,-0.19227808121019216,-0.057520854442049796,-1.1279996866900701,-0.3675032990706468,1.2570664287309599,R2L
2.7211369470754425,udp,ftp,SF,-0.32138141897616945,-2.52878746904422,2.7012300340974194,1.9873455278564138,-3.4498228207224733,-1.6453737931533041,Probe
-1.3698852091019784,tcp,dns,RSTR,-0.10229681863523754,2.8669594874269975,-1.1227545978912952,-1.3209985285006238,1.9525558578800006,-0.8749194783453456,DOS
-1.5805664674288527,udp,ftp,SF,1.2519727001534404,0.9037332877392711,-0.15632259287043704,2.2346260907329354,-2.459648700999664,-0.9027932113907229,DOS
-1.801309757755798,icmp,dns,SF,-2.0917677253046874,-1.421064306784732,-1.1635253007426407,2.5874567981752254,0.8743889555515856,2.1219823482074016,Normal
-1.6493345356273348,udp,ssh,RSTO,1.7867441601318013,-2.3232069977892675,1.1367580081124478,0.12607021346835962,-0.2687737369786837,1.0119083135260714,R2L
-2.171736615605461,udp,dns,REJ,-0.40729975036454225,-0.4384329028585353,-0.4953304049650491,-0.6032653367504229,1.92052084945559,1.2544319182417754,R2L
0.3672187264718545,icmp,dns,S0,1.9717260580584866,4.372538903634679,-2.791591046538305,-2.7047382606084835,1.5788372677248979,-0.864570306136276,DOS
2.142603359171043,icmp,dns,REJ,1.5148320558776516,-2.307593330681323,-0.7910687602558535,0.5464524662702874,-1.2975418105711536,2.2484592037488333,Normal
-2.46194992252098,tcp,ftp,RSTR,-0.2910018470582434,-1.4510869289468795,1.2554516245380196,-0.452606320048043,1.0042476311554447,1.5053704981349036,R2L
-1.2292355843308906,icmp,http,RSTO,-1.8701422319835443,-1.0070249262450837,-0.42330188516514555,1.6086236432358836,3.520812554284126,-0.446439485754337,R2L
-0.4374457237192825,tcp,ssh,SF,0.11535752937349719,-4.426807227987807,1.5905409859381798,1.6919155471715943,-4.20687144494835,3.6630600431945552,R2L
-0.6465580406446397,udp,ftp,RSTO,0.2526055738586578,1.9926566296146833,-1.0214170431974638,1.2795361417951177,-3.9432889775648903,1.8670530215385193,R2L
0.2244040712237061,tcp,smtp,RSTR,0.6100317699510135,-2.3892538265004104,1.255511393195874,-0.7058525212989413,1.1242476005047801,0.007787382259820563,Probe
-3.206019841221712,tcp,smtp,RSTR,-1.6195498133649866,-1.511482045806906,-0.2635894810992241,2.033551653127108,2.019053626727417,2.3277226391697017,R2L
-1.8336739774115836,udp,http,S0,-1.9967051431354004,-0.5063173511661558,-1.148040035426122,2.043278073695394,-0.06966895254858252,3.2338258150352983,Normal
-2.9160432832640537,icmp,http,RSTR,2.9323032232825694,2.0237795149124382,0.06156499878808197,-5.499958093476583,-0.990910896353674,1.0930852753765385,Normal
0.880716519572458,udp,ssh,SF,-0.03873517463895393,-3.8966795243929786,-0.7067978584962471,-0.5972036874111086,0.8247877731969522,4.155725299387326,R2L
3.977147587508448,tcp,ssh,S0,1.9796073683273812,-1.7736375927354564,-0.9857115455658039,0.6947477995368052,-3.51213964903726,1.3059208120709678,Normal
-1.2086323734216764,icmp,smtp,S0,-0.5223782621373352,2.15842751869359,0.14552061118067516,1.4649069162681234,-3.1652335669787024,0.11613208435922895,R2L
0.6146805720505248,tcp,ftp,S0,1.4325634522362685,-2.580385755702145,2.028192486300826,0.13198136615761405,-0.1319700936927003,-1.0946554893019016,R2L
4.7934611556744,icmp,ssh,SF,-0.0278031522204516,-5.129103852138986,2.647379471235986,2.0319713141624147,-3.304385490330523,-0.24835261320923296,Probe
-1.4489077749753867,tcp,ftp,REJ,-0.14859652652116018,1.5687635397519009,-0.5383678071246449,0.5336623590455882,-1.674361476810886,-0.5957449570919833,Normal
2.1797721134410954,udp,ftp,RSTR,2.060122012983596,0.24299866764561592,-2.5237089039153293,1.2940587018602312,-0.9067202995128381,0.421619189265088,DOS
-1.1726754815304161,icmp,smtp,S0,-2.4421443725023493,-4.049996176502088,2.674290490507107,-0.7078210447017456,-2.4958606442563416,3.578221379212555,R2L
3.7506185837766965,tcp,smtp,RSTR,-1.1199093264756748,0.8855761610622437,-2.1640287084675647,1.9982246701804895,1.968906081738405,-1.879530067581615,Normal
0.4980913259092117,icmp,ftp,RSTO,-2.0855357864976174,-0.7021077208157993,0.6611479544452086,1.9252531643909079,-0.015228260637436541,-0.7909769647731746,R2L
-1.1567359928962557,udp,http,SF,-3.02632865899902,2.9419428030192107,-1.2896057415349154,-0.49799052430280133,-1.0072963659498995,1.6590142643945414,Normal
-3.699656875463741,tcp,ssh,S0,-3.134843240108202,-2.519043203800002,4.01171445101342,-0.6326410655063462,0.9725990733256618,0.105363418207852,R2L
-1.7090959826195964,tcp,ftp,SF,2.007015319436331,-4.326018039849394,2.8750609464010726,-6.400231541721078,2.0677609966183264,2.83807779356074,R2L
-0.6052964948580013,icmp,http,REJ,0.1931978632151956,-2.1014847469116025,0.46079979085624245,-0.0957473190649207,-1.1065489439061735,2.6250437463052094,R2L
-1.6791483900180308,tcp,ssh,RSTO,-3.1894066941170505,-0.763138160717332,-0.9506836255642299,2.6284551058327716,0.5966094570400609,2.373960415511953,Normal
0.6014662071246164,udp,smtp,RSTR,0.4289057273420298,-0.9517319082485713,0.8080075892378984,-2.1287220129721285,1.9250263114254482,-0.7257329630731624,Probe
-4.3506089512693915,icmp,smtp,REJ,0.5517222934883484,-1.150135035181935,1.10341307468872,0.7702110039464296,-1.0816148730966073,1.448831644703272,R2L
-0.7745933918497555,udp,ssh,RSTR,1.0830802718589643,-7.403003204060801,2.9872802999619763,-0.14186438828289186,0.10856196429211673,2.835768972649286,Probe
5.270704053564817,icmp,http,RSTO,4.875078627921645,-2.491077116906392,-3.4885406697793253,3.553452473723457,0.011565165597144156,-0.5923580532232253,DOS
-2.230955076106887,icmp,http,RSTO,0.04421937219583816,2.3049698088716863,-0.5833839172503756,-2.7534658130280003,2.367614114452598,0.014668306486868232,R2L
0.930890237177172,icmp,smtp,SF,2.060994726685423,-2.0545324936710454,0.661211308894067,0.1837078781204109,2.141716391716688,-1.1103034749720402,DOS
2.5294551690935574,udp,smtp,RSTO,0.8364730430628083,-1.055444571772479,-0.8794794693196051,0.020861046187301578,-0.615240051241307,0.8129655746880906,Normal
-2.1110879647328087,udp,http,SF,-0.19722268290294198,2.5651819258502466,0.16653518675855472,0.04034336892238249,2.6560651241372186,-2.809161699513254,DOS
4.0878772253916384,icmp,ftp,RSTO,-0.7128902349560062,-0.9959919527329536,-1.3096646640807659,1.559801934795406,-2.0022640990175042,0.8394302900435907,Normal
-1.1528036598949172,icmp,ftp,REJ,-0.7233648197485605,-3.8162691940087505,1.9192759212225812,-0.12614697412037054,1.2222087576797533,1.3321123941771642,R2L
-1.661337878224892,tcp,dns,S0,-3.052271654218993,4.82214880161361,-3.728502086619846,2.1854390543897715,2.8224193536995505,0.1088347721072156,Probe
1.9863878483863098,udp,http,S0,-2.3387737652331295,-0.9570291979129782,-0.304746254444175,3.104234033437363,-1.0960953840981573,0.964013667103885,Probe
1.355834924158772,icmp,ftp,SF,0.6223106055940628,2.1483108821584693,-1.261376483880139,0.22016564055954405,-0.4631296098789205,-1.8015511374722677,Normal
-1.9091963489511365,icmp,smtp,SF,-1.9783750646843399,1.5830980259695888,0.7794836436011889,0.6123530525568736,-0.9074711528066096,0.007552347678397631,DOS
-1.1324201094869506,icmp,ftp,S0,-2.5752285366479337,-0.9226792692836403,2.4443484313590673,-0.9018332791550444,-0.45219471151290025,0.31221916569154295,DOS
-2.1870742621598147,udp,ftp,S0,-1.423498617788004,-0.9379100020511975,0.6901577727742219,4.847646505577178,-2.8172768572413602,0.00915517223313922,DOS
1.7521454768112583,icmp,http,S0,0.4878700568220904,-0.5049259110816774,-2.082699294821919,1.8716318616951833,-3.239758860706743,2.655355926157475,Normal
-0.2090183375267355,udp,smtp,RSTR,-2.1006134683884947,-3.4405743420667942,2.3319186312204527,-2.5609259885585094,1.0527260051196223,2.5859193790827373,DOS
2.561091771431386,tcp,ftp,SF,1.996551554096731,2.253382051959415,-2.246003691972611,-2.5907550865701645,-0.6958239139141269,0.938566382284983,DOS
-0.9737729768803378,udp,smtp,S0,-2.9302521470292096,4.421711487524275,-1.8153253650391856,0.2746826340948786,1.0588342648579,0.26014666669768705,Probe
0.6423850211583406,udp,smtp,SF,0.42195240737107786,-1.1881147889137487,0.7779880493399491,0.47719289751998384,0.7803038150974173,-0.3835311633332348,R2L
-1.4498457118094148,udp,ftp,RSTR,-0.6297739202619097,0.7995007683194182,0.18802381029043902,1.7007402354960548,1.252151933245816,-1.8210492806274747,DOS
1.150014614293208,tcp,http,RSTO,-1.8215182127341416,2.5349425808430786,-2.3781917776627908,-0.9818862987113038,0.39217347334485764,1.842874972824698,DOS
1.9016104878020579,icmp,ftp,RSTR,0.5965227803706283,0.1279170815815928,1.1665024955291283,0.2573067759549735,-2.889221395008666,-1.8340979569437035,Probe
-1.9866393176806771,icmp,ssh,REJ,-2.275862042919538,3.5960781695648323,3.294930933944136,-4.382406349632966,-0.7707567237040753,-0.7852328965533862,DOS
-0.29593595731784506,tcp,smtp,SF,1.7371695546856893,-4.226655666678713,1.425204248045825,-0.6997331039226702,0.1479732316417104,2.0651836091239693,R2L
-1.8004885327426274,icmp,http,SF,-1.2036550577495044,0.5852625620239181,0.3847629737848417,1.7670334891688884,-1.8460176522378173,0.2696552631912488,Normal
-3.2890443569233376,icmp,dns,RSTO,-0.6501829289426675,-0.9821071485872958,1.2936787289744711,0.39549989608173036,-2.0975890677511115,2.6877856540032905,R2L
0.8808478447835085,tcp,ssh,RSTR,1.9427353226772768,1.3439505105982488,-0.49644424630062334,-2.504737008831401,-2.913475759203722,0.7383272207577367,Normal
-0.052189648374849185,udp,dns,RSTO,0.6584099495910092,0.6208892739270659,0.84488809613676,-5.869651056655786,2.7381811033080914,-0.18188654332841203,Normal
-0.9352751799083332,tcp,ssh,SF,1.76358100371964,0.6006009082584165,0.4463278597021767,2.383404260992245,2.070856470739109,-3.877024822312192,DOS
-0.591525928495929,udp,ftp,S0,-1.6030367480551235,1.8073082135618983,-1.7700924620272165,0.5953957843262079,-0.6822168517175367,2.064736583732267,Normal
2.8245620638563347,tcp,http,RSTO,1.1324447795175472,1.5674630892701913,-0.7662050139982743,-3.1815559738611445,4.637602583864977,-1.9257880115773736,DOS
-1.286294688740626,tcp,ssh,SF,1.5707695155511687,-2.6583657008074404,1.207991265714127,-0.6926098316479005,-1.3578712781028686,2.180319728150905,R2L
-1.2957873387777337,tcp,http,REJ,-1.9142824429321221,4.539292388126813,-0.866981057929291,-0.943530290532052,1.9134044883998924,-1.9467188520267755,DOS
0.25027611482519263,tcp,ssh,RSTR,0.2671868232176413,1.7416623021321305,0.6097588316486608,-3.2498953600489995,-1.4807138006305336,-0.1992837767903184,Normal
-1.3237048792883477,udp,http,S0,0.8714320888390019,4.352719169770984,-3.923805314595236,0.9419476607509915,-0.10516591769667727,-0.6964942777299572,Normal
4.493686575760911,tcp,ftp,S0,0.5487826995088139,-3.7889156877996832,3.124270836824166,-2.544369012067044,-2.3360199373826527,0.5314413753679432,Probe
-2.242891639394101,udp,ftp,RSTR,-0.8672934587654972,0.170007274345223,-2.1913988057691807,1.2279786382139957,2.272261823056424,1.7377506771068854,R2L
-0.4599713323270129,udp,smtp,RSTR,1.3254715726624913,-1.5165046157317152,0.5570141120025951,-2.962440388233001,-1.2480043792489042,3.413159238301322,Normal
0.6838280151460874,udp,dns,RSTR,0.13716924880555803,-1.9616848326830028,-1.7280650217338347,1.2292622763976757,-1.0794112625995722,3.610167082973469,Normal
-3.4538825578370282,tcp,ssh,SF,-1.5335455936915987,-0.060879456813428275,0.4571107876417527,0.8671782748706393,3.8644003291121796,-0.5619697659103267,R2L
-0.3710574942907361,icmp,ssh,RSTO,2.7704998859088006,-0.15202129780456985,0.393533484959229,-0.7462448723817048,-1.075828518016352,0.0491255690367568,R2L
-1.4952976367731217,tcp,http,REJ,-1.7411204754281608,-3.910976323275676,3.143549660792281,-2.1849393536458646,1.0457041959143005,1.9889082291895983,DOS
1.8191222322193148,udp,ssh,SF,-1.663552588668285,0.3695456691108209,0.25472252445693344,0.7436147584932001,-1.976829976929681,0.6766125804562879,Probe
-0.580974980152084,udp,ssh,REJ,0.24601475625747937,4.651821215076135,0.2665675669208185,-4.897171188994511,2.7740375621680147,-1.9416822664612883,DOS
-1.5925250788443903,icmp,ftp,REJ,1.145089272123837,-1.324301678009496,1.0844436007358091,-4.753634593422095,1.9619520508027222,1.965459131089895,Probe
1.4200330152901164,icmp,ftp,S0,-0.24782500260441176,4.079027097019803,-2.6312897965309054,1.6111396549717711,-1.4399129753734519,-1.650710052067779,Normal
-0.7695192384161458,icmp,ftp,REJ,-4.293746576230493,-0.18776185831188436,-2.141180762550226,1.5545576282343043,1.6903318370915037,3.910904595279277,Normal
0.00022047984052364633,tcp,dns,REJ,-0.20583725381830265,0.42576047565547515,0.2435814003275638,-1.3070470322733074,-1.3564615555642845,1.317018136626204,R2L
-0.20674483353803463,icmp,http,SF,0.09051618357842384,2.460957508367041,-1.2975411132312762,1.2568280975250488,-1.7341963787302284,-1.041991051137443,Normal
0.7443554542904038,tcp,ftp,RSTO,-0.5121949517324935,-6.516978699212807,2.4211794674130256,1.6158121924252888,-1.2114285464154864,3.856363877772953,DOS
-0.012288994156041455,tcp,smtp,REJ,1.0220581455717228,-2.484193101450584,1.9076290244538714,0.5643318150954719,-1.560701721847599,-0.4481545148912405,R2L
-1.3518152238735581,tcp,http,S0,1.9831076269971328,1.7381063809635178,-1.3896435105125584,0.7798364035633294,-0.5251647094347702,-0.994007695376548,R2L
-0.051842991085751744,tcp,ftp,REJ,-0.19517292995718805,4.144601534274641,-2.1535515442686273,1.081317447712503,-0.4536956973099757,-2.3356159664970306,Probe
-0.7494927808712979,icmp,http,S0,-4.214119307021593,2.676190289914101,0.7121451367915742,2.590556312944326,-3.174493791752542,-0.6766076640411016,R2L
-0.16199707765299998,icmp,http,RSTR,-0.8386919287690122,3.8180509824002096,-2.0653049703394557,0.7336141409569158,-1.132249587410971,-0.8880153453145172,Normal
2.18274441627572,tcp,http,RSTR,1.7029540096649107,3.7254986795509724,-2.1665090861115184,-4.109994390638807,2.7821500225538855,-0.9160611091867157,DOS
-0.9452542503958523,tcp,ssh,S0,4.042634216972358,1.1112961699313237,0.2647313194312506,-5.335213356304667,-2.2157649125541923,0.5815138385001517,Normal
-4.551252325018641,icmp,ftp,REJ,-0.4819412171095575,0.06862438518603432,1.0623325639416636,1.8847311222952339,-2.7432342246002466,0.6092165056528525,Normal
0.40876534705570944,icmp,http,REJ,-1.1838535211525882,6.446934627861522,-1.4775209247429744,-5.271063590749991,1.0341875816263928,-0.3211494790614917,DOS
1.5585559038783443,udp,http,SF,-3.8955672836653554,2.0340509750805085,-0.33155190975609294,3.9246545124212244,-0.5877148513956185,-2.9952359945318925,Normal
0.6829818004864638,icmp,smtp,SF,1.7424691753705208,-1.1411398650045483,-1.0135277022413216,-1.0701830354946233,-1.495483063394742,2.5096718375546345,Normal
-2.587103505977608,icmp,ftp,S0,0.5171516133616423,-7.94614320756974,0.9054078554350395,7.008013781967134,-3.022961689596463,3.9782541396810034,Probe
-2.245585128603091,udp,ssh,SF,-1.6566242317179913,2.751867760673086,1.9661673224299876,1.1953384445925463,-1.4492872092665272,-3.6406549331903078,Probe
1.062954307643404,tcp,ftp,RSTR,1.8482852217553916,0.9833190077760015,-0.6149648121824726,-2.0691283595995906,-1.8064907939054113,0.1239282460782537,Normal
-0.09943687125665623,udp,http,RSTO,3.6169184421401943,-1.1716428067900175,1.242016707740408,-5.499680402435505,-2.055596583544026,2.3348421073001293,Normal
0.6730387190207496,udp,http,SF,-3.351840906617302,3.3328013407294397,-0.936645764572912,-2.397684637241806,0.44361527751156027,2.280471387457701,DOS
-0.14518728920002033,udp,ftp,RSTO,-0.6163809388774044,-1.5166302332487722,0.9886489964840394,-2.2668743944521457,1.0853152221370228,0.9075676919118801,R2L
-0.17513877241677833,icmp,ssh,RSTO,-0.0963809875126882,-3.901418680477925,1.7040208651288782,-1.1204521512797334,0.28181187402340013,3.6635956120987276,DOS
-3.268066236894125,udp,ssh,RSTR,-2.320322092145476,-1.6999739607224167,2.6908790854382905,0.2814581313222933,0.27797274945130757,1.1032337796063327,R2L
2.852610663348531,tcp,http,RSTR,-1.1640513630172986,4.758136957747756,-3.961063666492203,0.5232434296875419,-0.26750613458478545,-0.47447025211671545,Normal
0.5400898138386123,tcp,smtp,REJ,0.46596993864533287,4.8389275942705074,-0.44524823879590136,-2.6197612149981313,1.7858640539665669,-2.801910425606599,DOS
-2.7627686466587615,tcp,ftp,REJ,-1.8028780798642712,5.326481482237222,-0.9203000861006625,-1.9597820148759806,1.598263743717013,-0.9043490064070674,Probe
-0.12151083459785228,tcp,ssh,RSTO,1.499242023424661,0.44466026091042665,0.26813744269835926,-5.577283814620846,2.6704241815353154,0.4558292951715679,Probe
-2.1058009572042202,icmp,smtp,S0,0.3948638623564459,2.297950838721932,-3.0229685930553964,0.4957687704961247,0.4228670080533621,2.121927881812715,Normal
0.6265118634671534,icmp,dns,RSTO,-2.975545588987739,2.2387371322542737,-0.6953366932560767,-0.6596352335251283,-0.6064603349896535,0.9427931798925812,Normal
-4.795556937766918,icmp,dns,RSTR,-0.9685339136029978,1.5313680386790123,2.4165751976532803,-3.1045859225168693,2.7472388528706704,-1.7364352151950726,R2L
-0.3681701398716206,udp,ssh,RSTR,-0.15985827251254436,3.1719859548898826,0.024239965174988276,-0.9575754607330704,-0.81654015880694,-2.1446169755034683,Probe
0.4245081941111102,udp,ftp,RSTO,-0.8728466871760545,1.1344372851275646,0.4270112685726416,-1.6573725947845372,0.5881660934679487,-0.34821375076353644,Probe
-0.018060076340684406,tcp,ftp,S0,1.1209194460869771,-2.6756281664643056,1.380735836482644,-3.0149649372103573,1.762463223522996,1.0999715954382148,Probe
0.6072384170685008,udp,dns,RSTO,-1.0664963499370053,-0.4756504478601471,2.1150954915511475,2.0579272861632907,-1.625355223378909,-2.9607730040579163,Probe
0.6468939422668705,udp,ftp,S0,-1.4624049831314319,1.5908591717224179,-0.3044889541006477,-0.8330656780691876,-0.23500488382945528,0.8140788684051006,Probe
0.8761969581423004,udp,ftp,RSTO,2.063895152709172,0.3024278553724696,0.45376437465124464,-3.592163810213905,2.4732989635050684,-1.3557259080511148,R2L
2.7040222055898844,icmp,ftp,RSTR,0.7180112268563685,0.4312792283117651,0.6404536940323133,0.9417197876738772,-3.630569473312022,-2.016331773815211,Probe
-0.06020085732567193,udp,ftp,RSTO,-0.5714009380642524,-3.9966842765275294,2.1385154689003096,-3.682235575193349,1.048839845289554,3.3472538777568506,Probe
0.36787090602019434,icmp,ssh,SF,1.0249061813128684,1.4195432873231215,-0.570675558913863,0.24372771454038133,-1.9384073643894701,0.023343393552441194,Normal
-0.9874352160219046,tcp,dns,S0,0.08418626304020127,1.799375300802662,3.664084316139495,-1.6002740578405097,-2.9019112584328193,-4.373183239962446,Probe
0.36077384884876906,tcp,smtp,SF,0.07130157612941401,2.441800302457382,-2.728438776191435,-0.4359553384583773,-0.6117117977557718,1.8178090873460766,Normal
-1.2173204758255078,udp,ftp,S0,0.01657142286521296,-4.479199862248159,2.158500107443578,2.569516943352941,-1.9217609711903982,0.5847427121610147,DOS
-0.3052355142198808,udp,ssh,RSTO,-1.787829586553154,5.85595208812554,-3.0857804310169747,2.0444345375222617,-1.8989318673270699,-1.3421848146568667,DOS
-1.8096941495406866,udp,http,REJ,0.3663172274912905,0.5455177306610998,-0.6279983823779285,1.9656838142762376,-1.8516543672324972,0.9504681143297015,Normal
0.02686955517081102,udp,smtp,RSTR,-0.38242534793553806,2.2548192936405513,-0.37394781178433445,-2.5784003031446296,1.7219729344148398,-0.6989718777453291,Probe
0.11005634129167707,udp,ftp,S0,-3.2696715419552955,2.3720828666072675,0.6087143903540579,-4.226321006513203,1.5687799778925529,1.2196076489551677,DOS
-2.3973610677914516,udp,http,RSTO,-1.9942694628341604,-0.01653156955836626,1.42978380953135,2.6774154898290474,-3.975976215871774,1.866984892626721,R2L
-0.002309258198015196,icmp,ssh,RSTR,0.7686450380450038,-2.2239934962080508,0.5909064030916527,1.0473169117726606,-0.1979092113535863,0.10647587588197427,Probe
1.423709312038926,icmp,smtp,SF,-1.3443015526343036,2.826868345246921,-3.430484436702405,-3.0862243256273776,0.6983975051066427,4.091825680294116,Normal
0.16399659676718703,udp,ftp,SF,1.1198624361652307,1.056676824539461,0.13236412602449232,-2.3911379983532663,1.6398632144894882,-1.2783698372890497,Probe
4.169683256551441,icmp,ssh,S0,0.3580011604078821,-3.5690680086491073,3.5554301500061882,-1.7145624178693168,-3.0493372500599727,-0.4056590465792791,Probe
1.0655358527102041,udp,smtp,RSTO,1.9324126058622515,-1.6298929214336428,-2.3419593962223706,1.5458931537673986,-0.1999248211713216,2.0872926707742256,Normal
2.8610590250230743,udp,ftp,SF,0.46378025603194817,-1.607218529265037,2.660936715814645,-0.3863076224570595,-2.5772638958308907,-2.2779737073274458,Probe
2.2151286745235126,tcp,ftp,RSTR,1.6041290019216254,2.821133706443223,-2.0381743633800538,-2.9786604132611365,0.9841240810326833,-0.103174021686946,DOS
1.847521598403234,icmp,ssh,SF,-1.207641711265856,-0.14227312041541632,-0.23986340961308406,5.008595156415464,-0.3562138653751522,-3.3944694390284456,Normal
-3.1740372037267957,icmp,ssh,RSTO,2.9090842163394144,-5.0204072111781946,1.6896216436008127,-2.5715307600265,2.934506080374054,1.7808840005915625,Probe
-1.1604710691479645,udp,ssh,RSTO,0.28729327713621244,-6.15773599313984,1.677593062526263,2.4230462545019216,-0.06726623500378248,1.9437180962922387,Probe
-1.4489006034521044,tcp,smtp,REJ,-1.2246687308039559,6.631931807732093,-2.8710447999773883,4.359200587194523,-4.067429396491622,-2.7634506145382285,DOS
0.6370577685149241,tcp,ftp,RSTR,-1.9509298700699045,2.3999952023917617,0.0674117579363448,1.245274905596891,-2.429584311482073,-0.5410633099851276,R2L
-4.0749547416369385,icmp,ssh,RSTR,-1.362004667142248,0.040942184244702064,-0.823002634615923,-1.5774432611372609,-0.627258796083827,4.672580070066883,Normal
-1.494427145149586,icmp,http,RSTO,-0.09136292654488232,4.119667825953788,-0.961320296582227,-3.52015084432026,1.9189507069756853,-0.8599466376732683,Normal
-0.3672409830534825,tcp,ssh,RSTO,1.8996613197155545,-3.73033597986103,1.4370473055916775,-6.602165142500883,0.40905384136642486,4.580148007239178,R2L
2.0139838847232023,udp,http,REJ,-0.06338330364762923,-0.45170185795616336,-0.8880221109081672,0.9022074016854036,-2.138992449126998,1.2014263561956342,Normal
3.192045634049853,tcp,http,S0,2.484492304405679,-3.8251706095672358,-0.9687413275508258,-0.6673185772461371,0.37993105417458817,2.37823937325935,Normal
-2.60835741322521,icmp,http,S0,2.412539863446513,2.7517646126936435,-2.702499832356016,9.01853804313786,-6.707766863016041,-4.346252603298389,DOS
-1.8708665940508187,icmp,ftp,RSTO,0.3535293396570238,-5.510957432424145,0.46109557201343065,-0.023388353396227277,2.9945320979878787,3.0066470594918497,R2L
-2.199388588131707,tcp,dns,RSTR,-2.401840187429555,0.7028246921276246,2.230490596610427,0.42957687178108617,1.4675640265422722,-2.0099051862806574,R2L
2.645769792604888,tcp,http,RSTR,-1.844586178422782,2.527823585427845,-1.7380771350454531,2.6614875847145254,-1.0670406558138157,-1.1524692731598818,Normal
-2.0810798683296117,tcp,http,REJ,-2.386493045029553,2.8935703067133884,0.871104576094177,-0.46937644670464945,-0.9082119744773606,-0.48866039372938896,DOS
-0.37283023693884765,icmp,dns,S0,0.3459640167295214,4.043406854642227,-1.0591246703786301,-4.563815638974439,1.2606124994721548,-0.03389869344939456,Probe
0.6446960861856623,icmp,smtp,S0,-2.1713189496349794,-2.4283697156742505,2.0528342150888568,-2.4342256097426107,0.7232208040592567,1.9492652552822864,DOS
-3.5194275941336315,tcp,ftp,SF,0.4871114783742684,-3.890526454762648,1.8570618292514496,-1.8869923903676484,1.4934232462021684,3.7343571019282225,R2L
0.21487177952311698,udp,ftp,SF,-0.4851292942797619,-0.4295710838235551,-0.34170533479013887,3.13135533304994,-0.8242413584662321,-0.11928023610776872,Normal
0.014279212852501999,tcp,ssh,S0,1.81225782770001,-1.1152679330215989,0.10128670340836166,-1.8125242254333724,1.462764370602295,0.7341755143823725,R2L
-2.033930439132193,icmp,ftp,RSTR,-3.1545114546324817,-1.0064962858947704,0.3856464238992885,1.2035252525878009,-0.254486778067225,2.762856435839594,Normal
0.6916747454040268,icmp,ftp,RSTR,-3.1011612982314847,0.642592266047346,-0.12401038877112591,1.8461273859432263,-0.42469301515082325,0.6745681332928704,Normal
0.6809909001620795,icmp,http,SF,0.9515187424518492,0.4077312134915209,0.4138064325424097,-5.313974628957282,2.2533518459952613,0.6948003041130734,R2L
-2.228374558788862,tcp,http,REJ,-1.535765381825632,1.4125112960927293,0.32399265997122906,2.9347628080481907,-1.9146004400004277,-0.3555701308836876,DOS
1.3424200094653809,tcp,ssh,REJ,0.14068559727839736,0.226010001387616,1.1941718732081263,-2.061036771334719,0.5202083980543917,-1.5785667955453127,Probe
0.3562180028323412,icmp,ftp,S0,-2.4707533390071132,-2.6157522719768576,1.8126818822086364,3.1486179125288705,-1.6825942298612961,0.26962517664539787,R2L
2.2448766055029994,tcp,ssh,REJ,0.6988871818871663,-1.1922544274442164,3.206853965641978,-2.627920335813435,-3.4943257221358954,-0.8556744491529411,Probe
2.44299164805507,icmp,dns,RSTR,-0.3640352920817642,-1.1141000472224474,-0.5214256764668561,0.25997059783251253,-1.0902288144904928,0.8458335440833454,Normal
0.6622713195141494,icmp,ftp,RSTR,2.5452952525498516,1.595789812719851,-0.7507641183605317,-2.4367702940483817,-0.9620851358335534,-0.25285828964213897,Normal
-3.4124850887807034,icmp,dns,SF,2.7877180714338445,-8.507557669967147,2.149562256316062,2.074189056249081,0.020479463744611848,3.6100238518781076,Probe
-0.9882187429874003,tcp,http,RSTR,-4.8611999813499125,-1.011567519882038,3.318730481129237,4.046738690397254,-2.9251626857611495,-1.1664471580216653,R2L
0.20478425395148814,udp,ftp,S0,-3.79365200433974,-2.540656756290656,2.254002148223797,-2.074571647332533,0.06490254624849845,2.5910151558779395,DOS
-2.2387416279108794,icmp,ftp,S0,-1.065564028683081,5.071926595775343,-1.2128920711307196,0.5588564018320171,0.46940018682172124,-2.675862606020872,Probe
-2.480780150711035,tcp,http,REJ,2.9992375626889,-1.8366666764999244,1.9417972283783902,-2.1427203984969876,1.230703751621482,-0.029897392215590513,R2L
-2.4673866732995466,tcp,ftp,S0,1.8057043941844175,-0.7583262158761414,-0.5303424338523237,-5.763609692158138,2.337394353331512,3.9921760090797846,R2L
-1.0225189321560222,tcp,ssh,S0,3.1004653493517336,-1.932985961879499,2.309990358899662,-8.443631669024372,5.301862144238646,-0.3714494411525777,Probe
0.5521777926159381,tcp,http,RSTO,1.4830760910348535,-0.336288355287337,0.8020683508683132,-4.833175103684147,2.6301524210119647,-0.09932948789402674,Probe
-0.10812130842052192,icmp,dns,SF,1.8866557184816584,3.705153353953697,-0.6166111057156758,-3.848020818281795,-0.6124644518116421,-1.526779748142479,Normal
0.39430338257291,icmp,smtp,RSTR,0.732939349769712,1.1455610716502571,-1.5636287787324372,1.9991259885025419,0.29357520025479034,-1.2985233216846144,DOS
0.8187600798252148,udp,ssh,RSTR,0.7752018933329338,1.221736185765433,-0.42367050187841304,-2.485139655472573,0.34197444849086844,-0.20394638389354514,Normal
1.706560349963851,icmp,ssh,RSTR,0.4440379518483595,-2.1395697042915485,3.0308731377357763,-0.12295062082001888,-2.469809621086733,-1.9200000435097566,Probe
2.531074881083746,tcp,ftp,REJ,-1.6834369834329532,-1.319095516153712,0.6889863218256269,0.5071887131099649,-0.9696907059182038,1.0634465681262997,Probe
0.9343163445299614,udp,ssh,SF,-0.45409247977343337,-1.9454174254050114,-2.1942821329900055,3.0955852282728973,-1.6657055798495937,3.8425468614256175,Normal
0.8885353798709024,udp,ssh,RSTR,0.43338158183093944,-6.286152831897561,3.0413751703136267,-2.402679040793415,0.3118020710935274,3.6722975871735546,DOS
-0.7798095045691358,udp,dns,SF,2.376465967406475,-2.93800332312485,2.280251937131533,-3.491614491319381,3.2841645096723258,-1.0568124240007268,Probe
0.11445868011693239,tcp,smtp,RSTO,0.3540787229395761,2.0208826209671016,-4.107316752587453,2.4649151473759217,2.8104253909065813,-1.1628822757290869,DOS
1.7100638608591456,udp,ftp,S0,1.9586764112796415,2.952362255216957,-1.6415484198188535,1.3012305950176781,-1.9458174677102775,-3.2888916932714958,Normal
-2.1123889338108945,tcp,dns,SF,-1.1131745736845582,1.2777552567711117,0.11152508692140317,3.746232154102247,-2.689697135919727,-1.6661102094076292,DOS
-3.166279352937697,udp,ssh,RSTR,-0.7432598439869937,3.7042922298256515,-1.9156223958494831,-2.6069724097564895,-2.042464914798277,2.8842952277966707,Normal
2.898137216739942,udp,dns,RSTO,-1.2663233006996264,1.6362696556481595,-0.8640041738726382,1.3098081563744564,-1.9281273586916754,-1.2711306598358467,Normal
0.8556305788858145,icmp,ssh,RSTR,0.6453198825482388,-0.06324599443261482,1.7072606456284551,-6.316886705001969,2.6692275528004537,-0.19830012068748193,Probe
-1.2491069409400612,icmp,smtp,S0,-0.5567045747508164,-5.241271742963744,1.1928819403582198,2.9954267003243706,-1.40172769616394,2.8907671212894597,Probe
-1.4848445082050794,tcp,ftp,REJ,1.5946542228860725,-4.515626998249016,2.070680552091718,0.9824700307225979,-0.5350962886972201,1.51250048994409,R2L
2.5422222554297136,tcp,http,S0,-1.7337496896139828,-1.6941264620975731,2.749937984593223,0.08339302073593445,-2.7536993085946504,0.1375167370693553,Probe
-0.028896369873035344,tcp,smtp,REJ,0.7145744747441758,1.6957976922646252,-0.5937134771653833,-1.485176667256521,-2.1058097296479197,0.45512829394767196,Normal
1.4344509548020845,tcp,dns,REJ,2.9508576011443313,-1.5785337654656464,-3.361887188847144,2.8718847504980802,-3.3639749537861303,2.8822109996681964,Normal
-1.6454789284734177,icmp,ftp,REJ,-0.9750990509200761,1.2761810440689743,-0.38907448821695745,1.4437508145988915,-2.102311490860748,1.4309040288041124,R2L
0.350125270705549,icmp,dns,RSTO,0.06932875108701775,3.395250189893351,-0.3317427896097169,-4.115941000417912,3.0550425061652957,-1.2484338063571807,DOS
2.0243066075230933,icmp,smtp,S0,0.305397963283921,-1.106799846672106,2.23589164771278,-1.8897074876037603,-0.5677156608942923,-1.7980163460136058,Probe
-2.829497512638384,udp,dns,REJ,1.6444003158778466,0.5833539217381188,1.5224878596816849,1.4636270765025776,-3.8001464990328615,-1.3365742723340195,Normal
-1.0678219962053395,tcp,smtp,REJ,-0.13263847250323246,0.6271534662653487,2.63881514568295,-0.8052787556951735,-0.13093246530074254,-3.728570872622609,Probe
-1.8537749244710366,udp,smtp,RSTR,-1.660195399473051,5.006849791663356,-1.6594500936745287,0.8672742577319655,0.5349085348230043,-1.91166394859849,Probe
4.075199479646338,udp,ftp,REJ,-1.113683870770528,1.5155528479514067,-0.989511759297979,1.2835346143231172,-1.608592182897902,-0.6803102144965854,R2L
2.866849479075615,icmp,smtp,REJ,2.748018318191455,-0.13260558594636404,0.15386804948151256,-4.953489362561339,2.7238135797186622,0.15774239233975895,DOS
0.9833637129877453,udp,http,SF,-0.1933564164850562,-4.641474730407893,1.673558949886709,-0.3546367540414553,-0.9297050257359913,2.530494296454158,R2L
0.6626125369605891,tcp,smtp,SF,1.7947523432603787,-4.7404959411751815,-0.09028112298055357,1.6125621879330594,-4.264393449616657,4.870585478707058,R2L
-0.8570105772134439,tcp,dns,REJ,1.6383242369241087,-4.422729055262289,0.583792629331229,3.370562173758917,-0.34081293356001874,0.6011281988515922,Probe
-0.7193827055243103,tcp,smtp,S0,-0.05376568666464321,-5.710559415646644,2.243792420221016,1.0752599340758249,-0.668067016205547,2.6701929524497645,DOS
1.0658748551605473,icmp,http,REJ,-1.5954059808425542,0.24809774942196855,-0.3311711313988581,0.9004996543252822,-1.6894754034570154,1.8411377654411525,DOS
-1.2261313743446562,tcp,http,SF,-0.15997924756120185,1.0836127017822923,-0.6530426605577815,1.3193936030024744,-1.6491709375995487,0.39692920190428393,Normal
0.005370910597221501,udp,smtp,REJ,-0.34272225076930507,1.239705202773061,-2.681973294575754,2.9225405970636684,-0.40227007398444725,1.2473909243875552,Normal
1.3511861781054006,tcp,dns,REJ,0.8977209633605989,1.2512809803418843,-1.2120442014601653,1.6539981864747089,-0.08983118926048528,-1.5576244018721184,DOS
1.6625733163573226,icmp,smtp,REJ,-3.8898465893424374,-0.720245915383937,0.5238176907946399,4.8470302764535305,-1.2900760750988898,-0.536307591488671,R2L
-4.102978621440595,icmp,dns,REJ,-1.1078522505270527,6.877700310588639,-2.2216626415957945,5.558186570816772,-3.8462550459077818,-3.820967585544677,DOS
0.2960725716234097,udp,dns,RSTR,1.081715318909671,0.16888568695695305,-2.319079205189049,4.083974825896677,0.3960802651968184,-1.4292715602334878,DOS
-0.7603713688376743,udp,dns,SF,-0.13251156849289591,0.93915500203804,3.1164509247822245,-1.9268559704501909,-1.6721528437519404,-2.8008139699092434,Probe
1.2833143603961203,udp,ssh,REJ,-0.17840332052612917,0.5477214232131602,0.4299864343846056,-0.15108765603050708,-0.855952629447024,-1.4078865372299227,Probe
-2.6486008546606477,udp,smtp,REJ,-0.49417341794639613,-1.670359090362674,1.6373181737491476,-1.3383543931809554,-1.8225908654728606,3.3894027081503095,R2L
-2.2418579992888903,tcp,ssh,SF,-4.82040924245101,-2.327888849530353,3.1064443375498914,4.578373283346857,-1.8772959214308043,-0.29624466222153933,R2L
1.0334863629151938,udp,ftp,RSTR,-1.6211105900701313,2.433438129792942,0.2768888312497838,0.2531332654471072,-0.5927890661462436,-2.166038884628357,R2L
-1.3356925177921837,udp,dns,SF,-2.542086765140122,3.562959348674598,-1.1640580036875416,1.501360165050452,1.0478565353297848,-1.262497487995208,Probe
-1.8047356698552632,icmp,ssh,S0,2.621688281910858,-4.9937572102859855,1.9658417700049016,0.445673417649828,1.139936345160843,-0.23074665742124933,Probe
1.6638969444169929,tcp,http,RSTO,-2.7924883921616246,-0.9300854661906759,1.304323989660072,3.352103518326206,-0.5451069270795135,-1.6012184502868778,R2L
0.6969813464371398,tcp,dns,RSTR,-0.3071286286224282,2.112752301769918,0.15265010488751463,-3.925587931593518,2.7418950683903294,-0.5369334343504133,DOS
-1.2533266026706462,icmp,ssh,RSTO,-1.2354068106986904,2.356353618498446,-1.306991575456049,4.125135120380652,-3.299212065383477,-0.4927712064471119,DOS
-0.6601125256225286,icmp,ftp,REJ,-0.4043130353738973,0.11173198685129633,2.265979870571476,0.5362382634932971,-0.32581588204845846,-3.563434143211383,Probe
2.0849336617830385,tcp,smtp,RSTR,-0.8847622542766815,0.8084255312827501,-0.7220002538970935,-0.2499251140354877,-1.097516675096127,0.683705582964631,Normal
-0.858105464724863,udp,ssh,S0,0.6608694549231069,-1.599094667509058,1.1396950786860969,2.2335692949860904,-2.557346990192536,-0.3214281421474552,DOS
5.216236343329123,udp,ftp,SF,1.1618809216896748,-0.48446809894681536,-2.72349176976474,-1.5062588806124433,-0.4886285876110328,2.303603744613258,DOS
2.209014305340629,udp,ftp,S0,-1.4724637181184541,-3.8397240392171366,4.50434384935688,0.24537138096502106,-3.3524915424157347,-0.0880639550466441,Probe
-2.207180917579162,udp,smtp,REJ,-2.023894288594636,0.0014766483632635667,0.8927191600795679,-1.5201780968565464,1.9060402890205337,0.21095443162825878,R2L
0.26467618704704643,udp,dns,SF,0.6254422622558551,0.4813841760310516,0.08918328313928581,1.1537305757072556,-1.6286640239952614,-1.0724102675853366,Normal
1.8850794053540691,icmp,ftp,RSTO,1.5414195884763664,-2.8605894357165003,0.7767357746864954,0.26365819683657166,-0.3994908498385684,0.6140002228616357,R2L
1.2395687150652237,tcp,http,RSTO,-0.3800663530423838,-0.9809998563246155,-1.0694147710208057,0.6308136389913244,1.1975579451790175,2.039243575893116,Normal
-1.8826126186272962,udp,ftp,SF,0.22402607006938302,-0.9320469083748191,-0.055185219205295066,5.283897033166778,-3.37415505884467,-0.006853812987125174,DOS
-0.5941132401213296,tcp,ftp,RSTO,-2.385502577759174,-1.4860052051946728,-0.6618657383445163,2.95369321203589,0.7422827168040395,1.3341389338113778,R2L
0.25744290428294725,tcp,http,REJ,0.25716107426525037,2.8606073806821635,-0.09143112524385621,-1.1520211609697388,-0.19682070591327727,-2.5784072513880627,Probe
-2.418076304472906,udp,ssh,REJ,-1.0962767374158011,3.068863669216248,-1.3276688753928423,4.756228833559535,0.8956955212020528,-4.493973592680922,Probe
2.3546431065898408,icmp,ssh,RSTO,-2.1708762766536536,-2.0164788524046267,1.4592717914176445,1.781952019375631,-1.8469747796106066,0.7290806353364399,Probe
-0.47833956642534603,udp,ftp,RSTO,-5.198640391505737,2.460678195298205,-3.6247147924593763,0.436618461011772,1.7069571819108442,3.8216862133504765,Normal
-0.29235577762600395,tcp,http,SF,-0.3901354659880454,1.1335893245190365,-0.5089809242002769,1.34029237125219,-1.4426165342477502,-0.21161413054365186,Normal
0.5243412614641052,icmp,http,SF,0.09071630152049781,5.695186470968433,-2.6118595954071417,-1.6923613604146825,-0.13606253951873626,-1.0623621475955478,DOS
1.413025855866258,tcp,dns,RSTO,-1.8688541196090431,-2.4487531813683296,-0.3896194762856562,2.126222533774768,0.5290309131335774,1.7594079528023632,R2L
2.4759972007377673,icmp,smtp,S0,0.5349822711965087,-3.343722169348334,0.005130332511696034,0.7302317223740111,-3.632997580705763,4.214070035987184,Normal
0.5990607149868099,icmp,ssh,REJ,-0.10518390189299365,1.9028994141358941,-2.4350282958849574,0.9531199302936187,0.9438364394085754,-0.4444840078309714,DOS
-1.038940539840501,tcp,dns,RSTO,-1.4642657501868046,4.069343405873998,-1.279658255798085,0.2576372035568893,0.7657792883527605,-1.7549550126815459,Probe
1.0878555415989457,icmp,ssh,S0,-1.5020040950218831,1.2659425009256644,1.680186700470335,-3.9699031343790034,0.29196705437302173,-0.9926310108261884,Normal
-2.398795482931699,tcp,ssh,RSTO,-0.817607825348731,-0.2464808068662098,1.5063992783030082,2.5101171333635275,-2.275528022069488,-0.9088065897312272,DOS
-2.568495734883654,tcp,dns,S0,-1.04980798780566,0.5031637863872322,0.804450692358107,1.277213232964143,-1.9085897482846534,-0.8019477996626827,Normal
1.594104831704858,udp,ssh,RSTO,-1.4397259460706828,-0.3615725597279808,1.1967054866414928,2.0751595022619074,-3.644639347234363,-0.03546313813805846,Probe
1.5268085158104034,udp,dns,RSTO,0.7880853909657667,0.2743487340916122,-1.315047496158311,0.21796519728073133,-1.1818500646155385,0.31788220695368496,Normal
-1.1644033284992146,udp,ftp,SF,0.18694804779308338,0.602713065802639,-0.9636945310805389,-1.9204612779067014,2.3454079597639055,1.0683739417082154,R2L
4.1594126498776856,udp,ssh,REJ,-1.15709523474595,-2.6896770150529057,1.4432944422164005,0.37087329013301157,-2.457475280231693,1.4085583246123434,Probe
1.9752610922616909,tcp,http,S0,0.0010074426055093344,-1.0233832709220418,3.6683317419117825,-1.9345335907772228,-3.088641827261405,-1.8724482316512905,Probe
-2.701026243515053,tcp,dns,SF,-1.4632141399942673,-0.30043466728105855,0.6540965793510019,4.290695775308895,-1.7916784016470557,-0.9423221996630713,Normal
-0.8999003508361546,udp,smtp,SF,-0.11876977885939677,1.2530003374110255,-0.6999509826240586,1.0921747939083601,-1.131245426624967,-0.597495395909657,DOS
-0.38855687026324737,tcp,http,REJ,2.012500801246554,3.1818777576287993,-1.881717426298536,-1.2741459611522945,-0.7020855599680043,-0.5483559963398725,Normal
-1.4160241725902578,udp,http,RSTO,0.6801422314045011,0.335148480027318,-1.0924205666845928,3.2230955373953583,-2.5600101717646297,0.5912593067104297,DOS
0.37082603992509977,tcp,ftp,RSTO,-1.6036332574049015,0.5412150862288873,-0.33670856072542965,0.6416123389273877,1.7241992419956973,-0.46291775816258596,Probe
-2.664909455328419,icmp,ftp,S0,-2.416459619317365,-0.6682975182318602,-0.714540372941888,2.8894094707661258,0.9967439511166142,0.8815425965660424,R2L
1.542191382883169,tcp,ftp,REJ,-0.979536157246941,2.0909586184298603,-0.45260746055685996,2.0052701678628293,-1.8249132234022745,-2.2250559409996793,Probe
-0.7742974460383294,icmp,dns,RSTR,-1.9689478789822232,1.9045853655186384,0.30843849526123246,0.8491148219373688,0.7739575448297888,-1.8609610504808776,Probe
-1.8541869728497735,udp,smtp,RSTR,1.0348628043137673,-6.502128618426615,3.533657615653109,1.2243550125898268,-1.3520510737472715,3.2071224213923024,R2L
1.0392394579447792,tcp,http,REJ,-1.1144862850231174,-0.40070202561059054,1.3858651457745343,0.47493211379781725,-0.966131235742459,-1.1729151616606397,Probe
2.330046279812313,udp,http,REJ,2.2218375723631567,-2.9154943253893877,-1.901757193474762,2.1065893261124344,-2.735569423996065,3.3356007211535785,Normal
1.3409651995431826,udp,ftp,SF,0.04945154625531245,1.2947821938372972,0.8179844227543058,-2.5009487554920256,0.04996362921686004,-0.297107204186262,DOS
-1.4682146242726688,udp,ssh,RSTR,3.7737018697042126,0.3384893743517303,-1.7127406238158684,-3.6600921248201073,0.4895555833178369,2.01642890181021,Normal
-0.6823999803028822,udp,dns,RSTO,0.30511677477152377,2.390522836236256,-1.0322042625698373,1.8102115202261566,-2.2639347238250243,-0.86413816116934,Normal
0.8725177015956977,udp,ssh,RSTO,-2.4803440631325633,-2.0548564582621838,3.313454015726116,-0.002535676944692666,-1.6279457868059017,0.4069303972198304,Probe
-2.6057882199482414,icmp,ssh,RSTR,2.200613630168947,-5.505831375712865,1.9453623595726333,-1.8670946704063307,-1.8475601080815296,5.556010539064772,R2L
1.138242475403906,tcp,ftp,RSTR,2.288403113514188,-5.87792942404296,0.6436639735852933,-2.1357507981023236,0.2177301074266822,5.194883837850674,R2L
0.06464282723987602,tcp,ftp,REJ,1.462045419514407,2.290164276032923,-1.1748332732904143,-1.2315718759043324,0.4771501733362252,-0.8111333332314785,Probe
1.7692626091891017,udp,http,RSTR,-1.1675720012775304,-0.7327791561733901,1.7805831620659998,2.5893862330085975,-3.895441951722691,-1.2775506679346356,Probe
-4.309697296454029,tcp,ftp,RSTO,0.6651606750418202,-2.270792273535795,2.432516185880462,3.3704852174284414,-3.103280346470711,0.673317236988799,Normal
2.292023315232742,udp,dns,RSTR,-0.32441887255062674,-3.546656778629066,1.0499238601364538,1.401640344045873,-1.1606975468928014,2.1318086904487203,R2L
-1.7053755182732955,tcp,smtp,RSTR,3.0431407430381157,-2.907251655890004,2.113844489085997,0.10368200349409,-0.8690828088450033,-0.4858869845484537,R2L
-1.252838946366482,tcp,ssh,SF,-0.11516252810946792,1.214391659296903,-0.5457718782765926,1.7328247566270605,-1.7766931011205738,-0.4624546673092613,Normal
1.56531236951971,icmp,http,RSTO,-0.9187553013488692,4.093465361877243,-0.4519562757910901,-1.3026478472726903,-0.1114123928774502,-2.605837964352037,Normal
4.243162312261974,udp,ftp,S0,4.60899417869755,-0.8746843011950849,-2.996005248977732,-0.6016201555608288,-1.3707665612736433,1.548744368788296,DOS
1.5261800583983027,udp,ssh,SF,0.236849139962657,0.12626103377063413,-0.8581899243639459,-2.3874526144423296,3.461447699190437,0.10685615585211927,DOS
0.4601692545910935,udp,dns,REJ,2.0752959459062224,0.5771678505658911,-2.5306494947072355,0.1756424847103783,-1.794466419251871,2.0646345030057747,Normal
-2.0985375073543224,tcp,dns,RSTR,1.911710117634886,1.8988343040370508,-1.0478228741866005,-3.8478382080704803,3.4686917965439785,-0.4129165254600242,R2L
-3.6401866772348135,tcp,ftp,S0,-0.03324896457797755,-6.078107412849456,3.7175021242218382,-3.736602993176531,0.3360493438914214,4.47259568810713,R2L
-1.36021798622868,icmp,http,RSTR,-0.6601003706575441,3.3769363332334867,-0.9699748648925954,1.0712472151341699,1.5561416881675454,-2.6123067309777843,DOS
-1.7432449185580887,udp,smtp,S0,-2.9055813743310046,2.148386973818544,1.2320735352991803,2.6289906585640606,-2.9392434221132984,-1.2922164082379686,DOS
0.053189803323804186,tcp,ftp,S0,4.134561459789006,-0.981106004804095,-2.3155955786530193,-0.8477477826840505,-0.4027505722557748,2.2746444248744124,Normal
-2.4004514181696375,udp,ssh,RSTO,0.2839841033127857,-5.006873066604419,3.638720533639322,-2.5591846819270776,0.45160401986836085,2.0268646458753654,R2L
1.1700532272121642,icmp,ssh,SF,1.4747945652617414,-2.5332957309335504,-3.9385427027931637,4.286520544825285,-0.5689618511700852,2.642860310052325,Normal
-1.25586799356181,icmp,ssh,S0,0.7527583959318787,-0.16924872595858315,-0.8095731206832173,-1.9759970466748662,4.049700376734666,0.5311962478247803,R2L
0.12765962917252627,tcp,smtp,SF,-2.0650240482491364,1.9544353708783617,-4.305415530293354,-0.26475610461608134,1.2841952931715435,5.124849304163051,Probe
0.8108469951159751,tcp,dns,S0,0.32261711516467606,-1.5451727983586088,0.5877612892099986,-0.24120885387011345,-1.8024437200878918,1.7817063737668968,R2L
4.856813365465795,icmp,ftp,SF,-1.7753356148461168,-3.0858545348207715,-0.45941103086426494,2.3023961320316526,-1.3768550251654972,2.606033607102586,Probe
-1.1827073139248556,icmp,ssh,S0,0.8939304312085818,-0.8679710816033793,0.02252671495604952,0.7924220341413616,-1.452528003440929,2.247235994024992,Normal
1.1934343530929676,icmp,ssh,RSTO,-2.293226453554859,0.3884620964868907,-1.244632913552418,0.9220951253952421,-1.2908586659145183,1.019016326174731,DOS
-1.5204325255437405,tcp,http,RSTO,-1.2411064938406686,1.5991936618316946,1.0036702305249603,3.4095054377755774,-0.8482004660671386,-4.273385429420081,Probe
1.327671751950608,icmp,ftp,RSTO,1.56161398514335,-0.5173087843770183,1.587740999614618,-3.9888947163885935,-3.386757268023404,1.54257067034691,Normal
-1.1997793341348637,tcp,ssh,RSTO,0.9869297821528946,-1.4867228258908147,-0.7260440378820627,-2.463359479985642,2.23249917711426,2.0124160494715966,R2L
2.7674904083212892,udp,ftp,RSTR,3.8424148623642327,-3.6122664459773044,-0.7736123403064704,3.428151377105022,-0.1654999362243843,-0.813291153075739,DOS
1.915792722072532,icmp,http,RSTR,3.0513311168667134,3.002208602434954,-2.5376849410097053,-4.744805426635569,2.604820160646521,-0.039668280729578065,DOS
1.7235107763778852,tcp,http,S0,3.3268812263049665,-1.4776631843311392,-0.5844947277155528,-0.500924201711176,0.8181605960730456,-0.029601372115877544,DOS
-2.6298015853599406,tcp,http,S0,1.0506349150527017,-1.7798972049908979,1.6942413160921306,2.1587299409280525,-2.094924022203935,0.16559582318212596,DOS
0.35296455721489295,udp,smtp,SF,0.5585832571867082,-1.906341611324406,1.3639583140994411,-2.1779582994617686,1.1435678851055362,0.17537075249165168,Probe
2.8114762771021544,icmp,dns,REJ,1.9467213488014146,-3.4825621442004393,0.8257032920525564,1.5579703413160877,0.7045589174725939,-1.9821339058332437,R2L
1.5489295349096563,icmp,ssh,RSTR,0.16553658376749136,3.0966380218551195,-1.7618520797915087,1.193024610047358,-2.511192394774419,-1.4905540627759417,Normal
-4.602233710853703,icmp,ssh,SF,-2.489392221234188,1.257688292612551,1.2546408617278715,0.3939666313551101,-2.430344547342224,1.9635569790414968,R2L
-2.3537854069149557,tcp,dns,S0,3.5129271429461557,1.1660906192607523,-1.1719103334621628,-2.4409551418816497,-4.976799422879173,3.883789090980362,Normal
-3.797451183241046,udp,ssh,S0,-2.550863334967617,3.966364430940974,0.0366394455894985,1.2452635851273206,-2.8263163379788327,0.6331175124760278,R2L
0.27250189524424817,tcp,ssh,RSTR,-2.5819396708691253,4.413584815725099,-1.506630470467996,0.9846719518140543,-2.8475001849523944,-0.14245353431298624,DOS
-0.8671771499756324,icmp,dns,REJ,2.8962910337166967,0.9311559375065999,-0.20320150682758353,-2.937467912119167,-1.3234559649048674,0.82370438993666,Normal
-3.845800361742622,icmp,ftp,SF,-1.7667638888333959,5.247415046809692,-0.29422398469641875,-0.43953174284595525,1.5877757747423304,-2.7765567643649502,Probe
0.7344381313466573,icmp,dns,RSTO,-1.3237361067449722,0.45345623071362545,1.0442883907314708,1.3919326742241913,-1.2819639969014218,-1.676516157228645,Probe
3.3191717711894864,icmp,ftp,RSTR,2.140914425295919,-5.000208744345817,1.9032634586293438,-0.30632886515768204,-0.650287708055652,1.1819216767417806,R2L
-0.7839422484520036,icmp,dns,REJ,-0.703184825383739,1.3498482448395719,0.01661290645989122,0.983839244950938,-1.7679902461422383,0.08128856015295771,Probe
-0.9590613094773237,tcp,smtp,S0,1.5143840071687857,-3.394374355045194,1.5407952700450904,0.766051902122368,1.1284015928092388,-1.0478271312373426,Probe
-0.354734142626574,udp,dns,REJ,-0.5117477310699059,-2.517343300969788,2.0024512777602075,-1.967768554980927,0.5110345724804335,1.13913444677701,DOS
-3.478242739869001,udp,ssh,RSTO,-0.7065224616719938,-1.9632213169608064,2.114183439158511,0.22215214540058814,-2.5744436627555825,2.799094266366845,R2L
0.7923733504368164,tcp,smtp,SF,-0.5469906107990372,-0.7689266523788838,3.0768249710306437,-0.044663504187126814,-2.138041050240999,-2.30532737440501,Probe
-1.2250333197546444,icmp,ssh,RSTR,-2.477691163061613,3.012237695845716,-0.2248185327147343,1.2701783881088178,-0.4377787105247414,-0.8517202395287045,Probe
0.31026344125623817,icmp,ssh,RSTR,-0.5998091701313724,-0.8324285306058926,0.8984614409584539,0.862765261130323,-0.8774560316871696,-0.6915152394925388,R2L
-0.43952719960053566,udp,ssh,RSTR,0.6045638153875195,0.22367731367664384,-1.11565342938483,3.0719774608088675,-2.756426795646078,-0.2868534913809593,DOS
-0.7447583681626335,icmp,ssh,S0,2.4036002799106835,2.3438220071114078,-2.295093055514803,0.9888381560342774,1.405200075743819,-1.885134337592559,DOS
-0.32150470897887096,icmp,http,REJ,-1.5914958759891327,0.6021270234203697,0.8319613681077085,2.13351183006067,-0.6618670110998895,-1.9197525385442868,Probe
-1.6315151051825816,udp,smtp,RSTO,0.5698821103532079,-0.6981608110989946,-0.38941926822319206,5.864707956470432,-4.147577261059224,-1.1141173908551574,DOS
3.551758284348088,udp,dns,SF,-2.1313476476482194,-1.2747936702705351,0.7554400261428197,2.2516148108577676,-3.4482760701135877,1.0466105995325963,Probe
1.0814357589743642,icmp,ftp,RSTR,1.357675012346427,-2.00440120174098,1.3256792992576258,-1.2685430911485562,-0.9368106835084414,1.1120240558496974,R2L
-3.5200252786200856,udp,dns,SF,0.2379125039756751,-0.8011057113401608,1.1607128462712681,-0.5039234663946569,-1.5067993245937463,3.4902992464178237,R2L
-1.922118648013429,udp,ssh,RSTO,-2.112882803967204,1.8243082942613964,0.38846082348612276,0.8280751032213911,-1.4400632040058958,0.01148379434322877,DOS
-3.84956940890328,tcp,ftp,RSTR,0.9270683297158928,-2.7989362722781532,2.22265679668305,1.2386229602705792,-1.1232131628254318,1.5272376390676552,R2L
-0.12354987701506981,tcp,ssh,RSTO,-1.768653685926794,1.3980413353877434,0.6787439044920345,1.5335145387723719,0.01811056500180863,-2.3258432582864983,R2L
0.9419861865775161,tcp,ssh,SF,0.9773816929579682,-4.388814548222454,0.7114276913100042,-1.5190640885028688,2.3260630497383703,2.7699740522554093,R2L
3.323859330254701,icmp,ssh,S0,4.080353897706189,-1.9147390068104562,-0.9257230609501598,-3.8774031098812327,4.264316331353664,0.23730076362615216,DOS
-0.11790217093286326,icmp,ftp,S0,1.4955609902859859,3.450845379034021,-0.12349332779034361,-6.4203033556766895,3.285289242899872,-1.90387827866898,Probe
0.45434351234824244,udp,ssh,S0,3.1762585545515445,-0.810224473753986,-0.9619035782439597,-2.227522720048055,-0.7531851150602904,1.7798516586102942,Normal
-1.042232423607819,icmp,smtp,REJ,-3.8335345932632037,3.895027911006604,-2.1130627165302567,-0.14267526729249347,-0.3477313523833442,0.11258406870180171,Normal
-2.3216702922294523,icmp,dns,SF,-0.11326091999896093,-0.3965343129749231,0.29358315362351595,1.31738382581798,-0.21751867486881793,0.9026978958426924,R2L
-0.021742390762971575,udp,smtp,SF,1.5368978200547732,0.6012855285411992,0.23032204230165354,-5.437930507400383,2.684739015351841,0.13296136040732798,Probe
-0.9671445373685094,udp,ssh,S0,-1.2518227442545893,0.8021058624333561,-2.1212394191353576,1.4837851313825559,-0.03278850058595395,2.1321761432891515,Normal
2.6395108861722365,udp,dns,RSTO,1.9605004011977374,2.4921090077972226,-2.0713796266012996,-3.6196094084909833,3.070152333403909,-0.7180699838612083,DOS
1.843427768679114,icmp,ftp,SF,-2.6444247734012727,-1.1624022689918123,0.3791552625597472,2.297181726177626,-1.0800426018816534,1.2483604262421788,Probe
-0.1646054710588183,icmp,ftp,SF,-2.371756605867392,-4.6041715873608915,4.600792868569137,1.6422546135622558,-0.856527580339941,-0.4191130521012618,R2L
-1.0576184615159467,icmp,smtp,RSTR,-1.1207937483108101,3.542713204763752,-1.3490693922737678,0.6821927188533985,-1.1891851573213443,-0.7661698638058063,DOS
1.7618550695458457,icmp,ftp,RSTR,-2.801160286358982,0.14422868961905488,0.34091223124667913,-5.160589051976801,2.107293034243757,3.793975924908202,DOS
-1.062040184175813,tcp,ssh,RSTO,0.8518453339897915,-1.0643983126765126,-0.3301540994249891,-2.126819411058705,0.6330657747269932,2.249976899379221,Normal
1.423277700972162,icmp,ssh,RSTO,1.0541141863490124,2.1283082442563477,-1.161442366748513,-1.6897126439749557,1.9594721627815095,-1.219571580471048,DOS
1.7077943423708475,udp,smtp,S0,-0.10282260161351986,5.603025115315348,-3.258117863209184,-2.384481541263012,0.7416371187749097,-0.6712573291929558,DOS
1.3357215495755024,udp,ssh,RSTR,-2.4915101286015133,2.4523979736966437,-1.8248356704917637,-0.726681505972208,0.008394909790840677,1.4053969848909578,Normal
4.424903913541428,udp,http,RSTO,1.423374145841624,-3.3747481976693945,0.022631886585468886,-0.5291176724285254,-0.5816463113849542,0.8706116263649156,Normal
5.190563555958293,tcp,ftp,SF,3.663546910291766,0.3647363528825907,-1.3301577080106333,-3.0464499848033815,0.9622184464678585,-0.3342253585488866,DOS
-2.071389019306234,tcp,dns,RSTR,-1.897554989536006,-1.2977195446733358,2.636382038121223,0.21556490502742706,-1.0269841222240124,0.29236423435330083,DOS
-0.8744583166878842,tcp,http,SF,-3.1153931269282773,-6.63195625253644,0.9283477971392416,4.983260131449876,1.0326261357303155,3.509268988907571,R2L
-5.59346149876604,udp,ssh,RSTR,3.312716570545627,-3.9058465755259633,2.8429016269046663,-2.796261911935578,1.1265932422264986,2.441705636197998,R2L
-5.445180041533973,icmp,http,S0,0.07851795336994505,-1.3794206909478048,1.6303450677519402,2.531989358235475,-3.003814713357192,2.794672257102232,R2L
2.355727531077865,tcp,ssh,REJ,0.4287210877070581,-0.2973665923206712,-0.14565352394141418,0.34459129219307516,-2.508450867130682,1.66787700654919,Normal
-1.8020852771908396,udp,http,REJ,-1.2888080020480437,2.715904531623152,-3.962264122576125,-0.30015110092349656,0.09312608195298266,3.8829415582839286,Normal
-2.235566465237137,tcp,ftp,RSTR,-0.7870033989017601,0.05346873003917753,1.748911583751433,5.765566457844732,-5.013502296206761,-1.4852881350860603,DOS
2.0040757776744904,tcp,ssh,SF,-0.615004598029292,-0.6212391208280251,-2.259346093196998,3.827930088379004,2.508791506355224,-0.09182034895823721,R2L
-0.32209770567067786,udp,dns,SF,0.36333580885094585,-1.6162550652609098,0.6038020814346335,-1.6527201918868217,-0.4818927625849033,2.1794076344001923,R2L
-1.167449800625886,icmp,dns,REJ,-1.717440084720593,-2.54305993481137,2.061261672119694,2.553092018481749,-2.5633918522216463,0.5044676344426431,DOS
2.6477652769705715,tcp,ssh,SF,0.07462065427648223,-0.015185185530176174,-1.330031939381556,0.5488704790607736,-2.0102159736687155,0.6597883680562795,Normal
-2.0183936202187374,tcp,dns,RSTR,3.6717633607958593,-3.288103956452649,1.63491585166359,-3.090530337144123,2.8148261793588665,-0.028339184136232154,Probe
1.0125117124405933,icmp,dns,REJ,-1.9889885671765064,-2.298479405662601,2.456704615899027,0.6334202417528424,-0.021182436178418307,-0.4682185668398289,Probe
0.9862466065740174,icmp,dns,REJ,-0.514031768218697,-3.0174096131229944,1.3297836486469765,0.9833432544922848,-0.7248719353866124,0.5251997173658332,Probe
-1.9090959463068158,udp,smtp,REJ,3.121231175801899,1.1191111516436316,-0.8935736142692906,-3.4292114963286657,-0.3204979252708472,1.7683707471304364,Normal
-2.7359283103393284,tcp,http,SF,1.0982268534353294,2.15538647942079,-3.2324971757267686,0.505736411955305,0.23102621120219835,1.6868976045179815,Normal
1.1576696427690127,udp,http,REJ,2.754959938241215,-1.8713910369028528,-1.1789840574138126,0.5499457529596792,-1.614177541215227,2.8063476579705817,Normal
1.3914543134230928,icmp,dns,SF,0.046652079767893095,0.3996362901733344,-2.700869567422939,2.2012497778592004,-0.059958287693368195,0.35824962650167835,DOS
3.2445778937547827,icmp,http,REJ,2.585633803898633,-3.0219726142679306,1.307571323356569,-0.37110808288895497,0.036025334695043654,-1.7149295630614652,R2L
-0.6520513011163023,udp,dns,REJ,-2.6957794089729004,1.6737421953585505,-0.7744191597404881,0.47187687092748004,-0.6643942828845892,0.8929635302393744,Normal
-1.879686335943928,udp,http,REJ,1.4174166846736513,-10.140712257602724,3.1981535739738907,4.229744189702268,-0.15800395966102943,2.8973430011236236,Probe
0.004984811797608235,tcp,ssh,RSTO,1.1738012818581034,-2.828332864442944,-0.16185183810087356,2.693401227015182,2.171355191866986,-0.8441135470169226,DOS
-1.4371873506591977,tcp,smtp,S0,-0.36752081585543706,2.429176420513225,-0.2902621308625628,0.5033816560458753,-1.3349162933109289,-0.9516383522861438,R2L
1.0042752442298437,udp,smtp,REJ,0.4916881009656551,1.1365255249020503,0.07902880399442958,0.22504049476105323,2.280914796336762,-2.6348564294120225,DOS
0.0954584466912567,icmp,ssh,S0,2.7891889691850285,2.897661046718773,-0.050155385455674883,-4.616182914112355,-0.8858676453979353,-1.2960724014605618,Normal
-1.2658190325373675,udp,ssh,RSTR,-0.3089456186265317,3.072653691502696,0.8874450463201806,-1.427709932552924,-0.4146605941985101,-2.5539424283263616,Probe
1.5472415945193128,tcp,dns,SF,0.2562486699959414,1.598450984693433,-2.442674794224007,3.044668488947606,-0.914477555232502,-1.0532771701592862,DOS
3.9583701414397807,udp,http,REJ,0.8576309583644062,-3.03266131664901,2.988015042868616,-1.5950981542823122,-2.5649222867849053,-0.9646287596199349,Probe
1.963239092126634,icmp,dns,RSTO,4.7133964640163795,-4.27400370287082,-1.2639505282680632,-0.2423672005538706,-3.76757754322667,4.274256637538122,Normal
0.19131906800640097,udp,smtp,RSTO,-1.587973398223232,3.1672781409567796,-2.0695201858948,1.2290081440668799,-1.5432083901064715,-0.5884311318990865,DOS
1.6054386419074738,tcp,http,SF,3.210297309099254,-0.2580015416350567,-1.5822992741307709,1.3499550707019279,2.0554092286137084,-1.9982133129608783,DOS
0.1575464769541126,tcp,ftp,RSTO,0.7287989663253629,-0.8581380638842702,-1.5435052601088648,1.3608486702290272,3.5754123910067697,-0.009346533329719131,Normal
-1.2096548849336821,tcp,ssh,REJ,-2.105614914404539,-1.1047495256996998,-0.2659849114089574,2.4577969614990542,1.0043023842697887,1.012582123951272,R2L
-0.3345657614091322,tcp,smtp,RSTR,1.8033252186772404,-2.6655086304749855,2.3289355575404374,-6.10016399968187,3.441493928424479,0.7411890010916008,Probe
1.0640818727744759,icmp,dns,S0,1.5935477332192676,1.6462979142150818,0.07026925630975034,0.19037755563330896,-1.7323762968957315,-3.487923191004098,Probe
-0.25734514083520366,tcp,dns,S0,-0.4213254857465597,-0.5427423145183687,1.4496989555211754,-2.199354971745978,0.06484289764222728,1.0603071744514436,DOS
-0.23918872061913632,icmp,ssh,REJ,-1.3441823619898958,4.447895953174164,-2.897583639068398,1.4717018758954847,-1.779302204472219,-0.5968568037754556,Normal
-1.26645068544769,icmp,smtp,S0,1.2743239280029504,0.2773374539765335,0.323405470482226,3.583289987014449,-2.5418945493607423,-2.416231033666007,Normal
0.12013094461338836,icmp,ftp,S0,2.0722442149097553,2.354154335608918,-1.2618292279679957,-2.301871290821764,-0.6088290094711886,-0.8542268165779436,Normal
0.3978722539693227,tcp,ftp,S0,-3.057622038105963,3.69933752372726,-4.041913694521744,2.776262394481221,-0.3073639503731205,0.19828357708655742,DOS
1.8160033378800304,icmp,dns,RSTR,1.723342395805572,-5.484757042073745,1.8960946263310094,-0.9341518505703311,1.0629649457378063,1.6558609378820885,R2L
-0.9434508418819839,icmp,ftp,S0,0.5751932426361324,-3.905114510227263,2.3871682140863655,-3.066347148572819,1.132148419242982,2.689983734390932,DOS
-2.39027714030889,icmp,http,S0,0.37237373638353277,-2.3943001783242477,-0.14439835276468949,2.268642926752084,-1.4069456734704477,2.0568266253628282,Probe
1.1688313637184087,udp,ftp,S0,0.005213910764200302,-1.1622291362673824,0.22969076201594207,1.7272751476513584,-0.3377800845459933,-0.38335686062924057,R2L
-2.0163572714182525,tcp,smtp,REJ,-0.2145141434926181,1.1230911055414468,-2.443210708824138,3.5410768243885995,-2.2035487945037087,1.451490906239419,Probe
-1.0752777150858945,udp,dns,RSTR,-1.0288265314890492,-0.16219399994855488,2.3314000447690235,2.417707764843278,-2.5170153915581484,-2.6257010732508634,Normal
2.2728291807737513,udp,smtp,SF,-0.59392371628833,2.3583969579939583,-0.8977919407054581,-0.4807008458335668,-0.5068295167795512,-1.968161510770635,Normal
1.4622616338126644,tcp,ftp,RSTO,1.9047006257068664,0.100908703774547,1.3501397858508177,-6.152623461913799,3.121634612410591,-1.651561316966228,R2L
0.10293338653098894,tcp,ftp,REJ,0.8849199932250911,0.1753288998204854,0.3350162659757717,-0.17280022245706916,-0.051361723939703285,-1.2412803017748177,Probe
1.996734663467387,tcp,dns,RSTR,2.600898570309019,-0.5889241059095802,-1.9957691997621727,0.8623806084102228,-1.7485105428481735,1.4718251031751364,Normal
0.7961387892928685,icmp,dns,S0,3.77880904182785,-2.2380905917845917,-1.043343876835974,3.5150366436043923,0.40558723514510475,-1.4694412918318243,DOS
-0.9717377977488107,tcp,ssh,RSTO,1.5994288652866684,-3.9251264548487708,1.3000983771783492,-0.6450291978240628,1.1952918052202417,1.064360829475421,Probe
-4.94098554026543,udp,ftp,S0,0.7928666381063072,-3.8988136174801564,2.2604392653514713,-0.30579188020848475,-0.7266773219625016,3.6575674668244034,R2L
-1.82242697470651,icmp,smtp,RSTR,1.7104896940348393,-3.5422688814420358,0.516900313507771,3.756071174889513,-2.015278748626022,0.8390752719792902,DOS
0.11246499524034825,tcp,ssh,RSTR,-0.1030664402146082,2.87023804400705,-0.5951627381716944,-1.5677346295437713,2.159874598021779,-1.7059581127353818,DOS
-0.8056305279665714,udp,ftp,S0,-1.21739037195694,2.8716635496132166,1.7017588521214937,0.45533535408718273,-2.9630232377512953,-2.787507130429948,Probe
3.9818902769063027,udp,dns,REJ,-1.874728224228658,0.3750723437706559,-2.9406318326907357,4.709218180140985,-1.5628029303669844,1.0067064592238568,Normal
1.7713162688659385,udp,http,S0,2.5717613653185674,0.11774203900988946,-0.7301374956855275,-1.6493442878599205,0.5785918983509921,-0.03773915984375742,DOS
-2.3621828057547,udp,ssh,RSTO,-0.8937279321656257,0.15387400518360964,0.9801672796766395,3.5595301138220603,-3.2356552293851535,-0.7801609555614362,DOS
-0.7754587949828781,icmp,dns,S0,-2.9661909088603506,2.183744647885293,-0.8732979175081075,3.318258905261837,-0.06553596915190996,-1.0974109156075986,R2L
2.1023289165028407,tcp,http,SF,1.0513365586005485,-0.28203017196371555,-0.9688271958221544,0.8442275163939859,0.5990337406293813,-0.5963136383207921,DOS
0.8276702553636592,udp,http,RSTO,-1.6800598018640396,-2.3999133945894164,-1.4066553989069086,3.010022970799417,1.711159709610004,1.9531951424490055,R2L
-0.9642871942750126,icmp,ftp,SF,-2.2474705499867076,-1.0980183314866088,2.8970069088419432,0.07441770195953727,-2.632665268124832,0.33618281890310664,R2L
-1.4542626184611076,tcp,ssh,SF,-1.3389185506650436,-2.622071457200674,2.7567874067069265,-2.294091612777343,0.9183615185921155,1.930618843925215,DOS
1.4924868918418883,udp,ssh,S0,-0.7939595256693309,-2.770882356653458,2.0012763103024955,1.1635034593583566,0.5441725149710721,-1.3078377157656629,R2L
0.19680713631868707,udp,smtp,S0,0.7120176765413349,-0.11959569880119326,-1.430947558838554,1.4278240756662193,-1.3456991277685582,0.9220443239326293,DOS
-0.937379896492754,udp,smtp,RSTR,0.6188428902937251,-6.3917223007310175,2.972523817137775,-0.061883776876628466,0.6710163941528429,2.143531797858317,Probe
4.048972525259094,udp,smtp,SF,-0.08012867019130732,-2.7545407006341533,1.1044446507407917,1.9307090338709099,-2.5526531505543018,-0.6743978693499753,Probe
-0.04424352625229999,icmp,ftp,RSTR,-0.5857948083566873,-5.9925856556033095,2.7580519884673818,1.1832551745114794,0.29293458609132494,0.9672226947653559,Probe
-0.977469785926365,icmp,http,RSTR,0.15346087716890722,-2.4217036885842065,1.30163523232151,-0.11332095696344081,-0.409607578181985,1.7077680407137583,DOS
-0.9679763053544977,udp,smtp,SF,0.2023369723757148,2.137876352911312,-0.3546573635749557,-4.621953450873263,1.6063957639866617,0.2631373035396355,Probe
1.3090965902585072,udp,http,SF,1.087408018441662,1.7087941289123825,-1.4025327370839855,-2.305114759419459,2.080657749391726,-0.33798226381521246,DOS
0.4716717605949111,tcp,ftp,RSTO,2.226573679393331,1.174030097410522,-1.4878676872576104,-1.4792763803369784,-2.0195320997901436,1.528894505661626,Normal
-1.3630254830728108,udp,http,RSTR,1.0032942655612187,-1.0472630187173229,1.1431107402340264,0.6684984254254708,-0.5007891048879651,0.640250656417688,R2L
0.2613768634605127,udp,smtp,RSTR,0.5945219635868444,-0.2857091869133237,-1.3250054042050676,-0.4085895459397833,-0.8415832234212688,1.627697265413064,Normal
-0.8617429384581701,icmp,http,RSTR,1.5775401480195632,-5.21546090612715,1.3777886420350507,3.9356898294944003,-1.4578898223279473,0.524436506171835,Probe
0.5634505373586383,tcp,smtp,SF,0.3964109504634291,-2.9330143989831776,2.016783378400746,-3.635607575993261,2.184497647698585,1.0628960945876045,Probe
1.2555679745366133,udp,ssh,REJ,0.9329071147322857,-0.3931312593694657,1.2347584201459674,2.6952851943692644,-3.433882470310404,-2.056055187798215,R2L
0.24095045962596706,tcp,ssh,S0,-2.193358097124583,-1.4219351300907899,1.3616047064772396,-4.3035244475773755,2.3797617708749232,3.619458758726375,DOS
0.6351960145008468,icmp,ftp,REJ,0.5281097808009443,-4.583922552210819,3.208059590366285,-0.5712848314983304,0.889020650739194,-0.7387171280981026,Probe
1.1037053821350273,tcp,ftp,RSTR,-1.4802071086294397,-0.5079146540469255,-3.136363496150906,4.968133614020695,-1.255778039267227,1.7353449532548222,Normal
1.5856010543440295,tcp,http,RSTO,-0.634127857997708,-0.816444017951962,1.7494967776854846,-0.5760697330875107,-0.3408886633868604,-1.360925534441325,Probe
3.6680596460129586,icmp,ssh,S0,0.29227421996025305,-1.4949359220564737,1.6779136729651847,-2.6479598106446334,-1.2962121898315613,0.2591446319976658,Probe
-1.5683573849069152,udp,smtp,SF,0.4361263187504043,-0.31196667465457195,-0.3342442295637118,-1.3970050847567665,0.6059725845211759,1.7336420093363203,Probe
-2.5986889162857105,icmp,ftp,REJ,0.8495859421642887,-2.1855573565239985,1.2066957742841908,-3.081565886098674,1.7440667297203092,1.2864391160896578,Probe
-1.0486706206758254,icmp,smtp,REJ,1.7370683101004802,0.07249697673317249,-0.7443874107011967,0.8058860625511138,-1.2386019823522252,0.7340951871409506,DOS
1.1544564801915793,icmp,dns,RSTO,1.4564098428463785,1.1575017831398104,-1.045405258995385,-2.7819249185212227,2.2484869547614705,-0.07314579331047566,DOS
0.32645288335559086,tcp,http,RSTR,0.8157272566994309,-2.63205721524598,-0.3243301584479539,-0.9216592264506657,0.8219601780529446,2.9586675097983344,DOS
0.5510735897336314,icmp,dns,RSTR,0.09538596357606444,2.6003921619781516,-2.2691345934330096,0.43525490491005986,-0.24817362239532337,-0.2690838630723762,Normal
-0.6490019790044703,icmp,dns,S0,-1.127372549908539,3.0674002984874913,-0.4959464202725089,-2.752677354969493,4.809108128150024,-1.9039500740616842,DOS
-0.18547481270881216,tcp,dns,SF,0.07777774823507944,-7.9117197385658224,3.1974240776050027,0.6196817803706826,-0.005397235554735924,3.9264692206175433,DOS
0.20387218196670376,udp,ftp,RSTO,0.8885142405873733,-3.078613707408718,1.0177099903965874,-0.2492321872550913,-1.1454299577412452,2.066187494334172,R2L
1.796963375176683,tcp,ssh,RSTR,1.167956085359327,-2.6484421851905364,0.43169054171765164,-1.2247478278729103,0.8777808721580438,1.148249169472541,R2L
-2.188474283735567,icmp,ftp,SF,4.170423117875736,-0.25752712511613207,2.713995405202301,0.7192291592808008,-4.587959404916871,-3.3303085214673027,Normal
-0.5858052538444636,tcp,dns,RSTO,0.632583495902449,-2.3683505494561206,3.779363125751839,-5.255589545616795,-1.1872262853319495,1.124759454815094,R2L
-1.232027275172311,udp,http,S0,0.21561005354347562,1.4402196730199186,-0.07647217603566081,2.3174297630918073,-3.1809234030323106,-0.5092363617564148,R2L
-2.4667404983456622,tcp,dns,REJ,-0.8725459988074694,-5.924455177323843,4.776815617077844,-2.8937337229166067,1.1041354076715946,3.11899897313072,DOS
1.7993056169340005,udp,dns,REJ,-0.7151337763974224,-1.9595009122615739,0.11587204861911027,-0.15154510395554477,-1.0377872839980447,2.467996933883672,Normal
1.9546297043563123,tcp,smtp,S0,-0.8251308708108167,0.6552648035578753,0.5553646123169111,1.3942938124717854,-3.3405864416963476,-0.606825220279581,Probe
-2.5815395104635566,tcp,http,RSTO,-0.7703993867444143,-0.3545138018471072,1.5394092379054447,4.612406308350688,-3.9387481548439087,-2.3714469267017955,DOS
-0.5956715059653215,udp,ssh,RSTR,2.9170236636407836,-5.2183971064427634,-0.025634275874077073,5.5568694048067755,-3.6017496689350565,1.262803404378726,DOS
-0.05574082669950209,tcp,ftp,RSTR,-0.9148314013758397,-1.7107411702428394,1.405394383835438,1.9630098424061124,1.1927996097120057,-1.363679900247174,R2L
-2.1651480071953415,udp,dns,S0,-0.8102872517187063,-3.4318581861408437,0.29236038973003897,4.077970328144729,-1.3544730754830292,1.5853713510717151,Probe
-2.5775058947916167,tcp,ftp,SF,1.2886745018851857,-3.2334787271073395,0.3484041851105081,-5.883152339958833,3.4701244383443797,4.306842015743907,R2L
0.6664246665765263,tcp,ftp,RSTO,3.3566460857029683,-3.1771794062404375,-0.9370882955017981,-0.6934629169532252,-2.75089654449211,4.438162520442507,Normal
-1.5255637731844005,icmp,http,SF,1.0529926188709187,-1.20491634193347,0.957775520423154,-3.806876531124699,2.261492158461908,1.304694993997067,R2L
-1.7009501048212932,icmp,smtp,RSTR,-0.5410814718280013,0.33541416726480966,-0.09072668454131239,1.8023885597110787,-1.5984710872579004,0.0620215635239858,DOS
1.1781107375017799,udp,dns,S0,-1.647429875936657,-3.452223986809076,1.60375610704626,-4.79513687514669,2.293845287259482,4.285761732670984,DOS
0.7149405160223452,icmp,ftp,SF,-3.939621842042893,0.6833506587456372,0.169474245797003,6.476286664048596,-1.7999843547875405,-2.4280592855567806,R2L
-1.5818354739298894,icmp,ssh,REJ,-5.1128186291414615,-2.528433418216261,-0.18381613862087942,8.159257312120605,-1.7271770359484862,1.8114717890500747,R2L
0.6269406859055484,tcp,smtp,REJ,-1.6600525959605448,-2.6806830485768147,1.5466729754786082,1.3244392153218718,-1.4140835056787182,0.9298747196189349,R2L
1.3024684222276093,tcp,http,REJ,-0.9140572270118235,2.784227768706587,-2.4918604189594586,2.4640190288852573,-1.8017061854787424,-0.08735241502589242,Normal
0.3471448977533187,udp,ftp,S0,2.0289299983313778,-3.3136896852137405,2.2297691679079366,-3.4665112535699936,2.9934357133022838,-1.0031573262432456,Probe
0.9495833911451085,tcp,ssh,S0,0.6023055507994326,-1.4759545571290553,-1.280393236697202,0.797945700041194,0.3706236762468498,1.8906062541423658,Normal
-3.329180762683777,tcp,ftp,RSTR,-1.8730733704600362,-5.287660266674338,3.1346318795289942,0.9212751908424417,1.4311736285248766,2.030270295253735,R2L
-0.6183709740753861,icmp,smtp,RSTO,-0.9149925797147552,1.5486531387243454,-1.2434504592135407,-0.830728451531537,0.3122767324644129,1.9493141307335047,DOS
-0.8266517248400183,icmp,smtp,RSTR,-2.292803558005523,1.0614860120265592,0.9430126718501458,-0.02191192693245589,-0.5277281652358257,-0.12068370832268926,R2L
-2.932952897298243,udp,http,RSTO,0.5553588833979795,-0.9765659607186119,0.34069655474787097,3.4725635862118067,-2.0191502597405817,-0.6460847281236386,DOS
-3.0352406715597873,icmp,dns,REJ,1.3658318168522379,-2.6093713125485243,2.405805255615327,-0.13847387596024613,-1.6630940007038555,1.4935748326701912,R2L
0.47032033258658235,icmp,ssh,REJ,-1.564443489006781,-1.395685583282503,-0.28915150024985303,2.0442889223053253,0.46324520571952044,0.6672952318830714,R2L
-3.3932664425954018,tcp,http,RSTO,-0.08848068187254365,-4.6172258046127626,2.3169816049780687,-0.42005576117069526,-0.7180408052977585,4.5728087757388955,R2L
0.3956941820651583,udp,dns,SF,0.035682725484287525,-7.202567020251856,1.5874966470080294,2.2207114650532738,0.9272296720079365,3.1328851515366725,R2L
0.9986645656092319,udp,smtp,RSTO,0.6529278561782914,2.21745280363109,0.47381413514592685,-3.950200894728409,1.0968747740698905,-0.46118394747419855,DOS
-1.4548987139864056,icmp,dns,RSTO,-2.2572049465853317,0.28741763681331545,-1.5633480077039505,2.1634325061165653,0.09600910368893167,1.838230466270454,Normal
0.08334719265767387,icmp,http,RSTR,1.3263897409355636,-0.7296708850354231,0.5516289222792721,-2.455493907874423,1.272009148764306,-0.21828847651698569,Probe
-1.0786404816909871,udp,ftp,S0,-2.22121945491324,-4.572251943014358,3.7914837024236996,-0.042513789218809044,-1.123878639710672,2.6254188640657334,DOS
-1.0698861639434376,tcp,http,RSTR,0.1596123752840637,4.73149358583161,-2.5304677478903077,4.043436063883468,-3.7454966262347984,-1.9257403771422186,DOS
-2.853780609985048,icmp,http,RSTR,-3.694872301692196,0.08434902580178148,2.9088239522913613,1.0111761552095797,-0.7504378669394836,-1.2507736941241303,R2L
2.1540474575296207,tcp,dns,RSTO,1.6717739464326509,-1.4834198784957977,-2.7555040807641333,2.8222494543909775,-1.6758327332610685,1.7681300110356764,Normal
-3.618544767353325,tcp,http,RSTO,-1.7772985259599232,-1.8491011619023638,1.3540146431667424,0.6709036480326782,1.9268052153785415,0.3252142308290358,R2L
0.8925241901326804,tcp,smtp,RSTO,0.34172825380852156,2.3234018635517675,0.3074711121835286,-3.2936907226593792,-0.11236053856866823,-1.1510287239500676,Probe
-0.405947625836208,udp,http,S0,-1.238792565018644,-0.18420677029146668,1.5959375418053383,0.9599507275483667,0.19299041860888955,-2.0379488927913187,Probe
-2.345111269047807,icmp,http,RSTR,-1.4295273780611557,0.8476611929160148,1.0288177427431993,0.6561515903883504,-1.0676622144386503,-0.6749401386252865,DOS
0.39717265911651767,tcp,ftp,SF,-1.1901635703745814,2.8248743405545724,-2.7410559860988872,1.2469668349461032,-0.43223001796854577,0.38181088783147377,Normal
-1.5718543736717023,icmp,http,RSTO,2.176637698204379,-2.285614671532599,2.2881951366336946,-0.7992841697691634,0.45131356785402255,0.04498079064646998,R2L
-0.9664016529291645,icmp,ftp,RSTO,-1.0157201503917204,-3.217776177108917,1.9549865359056433,-2.3034288649443453,1.1932645220625302,2.277402501778659,Probe
-2.600312081458302,udp,dns,RSTO,-1.6918012782611958,3.2747551116073845,0.23960345448440434,0.1284365467558471,2.535269547011095,-2.63923668926434,DOS
-0.24880711180525095,tcp,ftp,S0,-1.3690317844800803,2.2700768931026922,-1.1468476315610998,0.48924770225900976,-1.3873177995290062,1.0790176503721813,Normal
-0.5918499052623536,tcp,smtp,RSTO,-0.33662072498691775,0.8398933437932343,2.225711119088847,-2.841393268929971,0.1527625355154374,-1.6028689146804838,Probe
0.8542587716275867,udp,ssh,S0,1.5360219967202369,1.35884888844197,-1.7679377146115498,1.4668151696117284,0.7767009728580119,-1.633145815246408,DOS
-0.932207737342475,icmp,ftp,REJ,1.8797616223584717,-3.6377419654192584,0.6575704432398051,3.8934988853972436,-2.61072968755499,2.1636929527563593,DOS
-2.6678567868595415,icmp,smtp,S0,2.9920912223191998,-5.761508881646035,3.0318229388812727,0.5607695564072188,-1.4415583678633088,2.38286388806728,R2L
-0.5185751251201585,icmp,ftp,SF,-0.3685611743932118,4.292122704449138,-2.084648764157885,-0.22942178924056073,1.1289164726495469,-1.9988411039837874,Normal
1.1372351032180075,tcp,ftp,S0,2.553744685955772,0.15617077917239408,0.465988137459006,-3.6751808909465953,3.7144318024177347,-1.2714261559272482,DOS
-3.738842002376552,tcp,http,SF,-0.3023753219977926,-4.80470384185178,3.6222051662615136,-5.092071292237354,1.5204651410874361,3.3777989041085,R2L
2.468081256446622,icmp,ssh,S0,3.7505929806129856,-4.089675997636255,0.6925830952129544,-2.9795781583592693,-2.3569453258799387,3.7380537242029233,Normal
-3.4907015970575586,tcp,dns,RSTR,0.5906886397640971,-3.8465584899288205,2.5796570479185976,0.4478755624724756,-1.0050936998327515,2.5625970446866493,R2L
-1.117465378929526,udp,http,RSTO,0.07033697590299992,1.5016828888852238,0.3028435238367877,1.3085376430488016,-1.127206452721677,-1.5204449687652541,R2L
0.8760268745558109,tcp,ssh,RSTO,0.48015412981868166,1.5548013259178282,-2.068470478924505,0.9999860576331389,0.6126700366919571,-0.6508709885835169,DOS
1.3361533317333876,tcp,ftp,S0,1.6572169252181768,-0.8184634061298629,1.0237321300657038,-3.9531370278506777,-0.11750040926730831,0.6257317950852417,Normal
-3.6987668026295193,tcp,smtp,SF,-1.0817649475081415,-0.7744615327526868,-0.8723833098569231,1.4312758417441553,-0.5437570433283823,3.270599412072975,Normal
-2.7640618631000646,icmp,ftp,RSTO,1.636679456038546,-3.3498830378137634,2.539203993437432,-2.7490726689451166,3.428613501630565,-0.8802558053878469,Probe
-2.3360327820256175,icmp,http,REJ,-1.8372500198730992,2.703771810399463,-0.3475235781585764,2.270975285099345,-4.233370703598821,1.9701243678506701,R2L
-3.086688983212434,udp,smtp,SF,-1.3209654500621717,-3.027307086077086,-1.1481254742009341,2.709495821324096,1.2337050192133034,3.3851274264150373,R2L
-3.691462564104645,udp,dns,S0,0.7067705789385053,-1.1346962325249212,2.38823939128397,-4.487648473424278,2.7697560634738685,0.530538029071269,R2L
-2.0699080373536307,udp,http,RSTO,0.8770375690724781,1.4270746024593421,-0.47108032099477426,2.6820227465996465,-3.2318504551380034,-0.2673859763531454,R2L
-2.2924986482490786,tcp,http,REJ,1.0036440117149499,-2.6241377902668694,2.4277140691952166,0.284869641803306,-2.218843761800387,2.3524169717488967,R2L
-2.253702449193663,icmp,dns,SF,0.9489000985081887,-1.8873335216011697,0.8200077767140539,0.3966016701733942,-1.736714316498996,2.1176457211857875,R2L
-0.910673136750501,icmp,http,RSTR,-1.736412556510488,2.7890619427514594,0.30318028841869626,-0.21975830653056125,2.1841419254833907,-2.392854487238113,DOS
-1.0756890417004596,icmp,http,S0,3.0984929620714694,-4.557524155971702,1.6147097586505779,2.5821359108121404,0.228124180112512,-0.9142834245008526,R2L
1.069193963177847,udp,http,REJ,0.6440880632042869,1.6017080068336063,1.474646944401679,-2.996162076788005,-1.6267266116456398,-1.6991067823263224,Probe
-1.8453798592849116,tcp,ftp,S0,0.870735852881459,-7.71770554941378,3.2291707482611836,-1.211429336257209,1.674056357415457,2.8709784735707533,Probe
1.486770418734939,icmp,smtp,S0,0.6314246554919967,1.4504686389148642,-1.7923736746086947,0.46409503768959853,0.031109387061023064,-0.3618309397679096,DOS
0.5837967275520103,udp,smtp,RSTR,-0.8488910559938176,0.07213055491389557,-1.0733391811182609,0.15892187043513137,1.3670008117538708,0.7657090942276883,Normal
0.268290154572701,udp,smtp,SF,0.9130316096053659,-5.871368626904309,3.2703141047601103,-4.814525401963319,3.480306013518706,2.018828310678349,Probe
-0.3200191233659362,icmp,dns,REJ,-1.0327174073670098,2.5481643768105786,0.4946242191146679,-1.6605599452852615,1.6449936428665275,-1.5278833274992802,DOS
1.2442762621410441,udp,ssh,RSTO,0.11857377887346532,4.0990677535775335,0.27953096743354333,-4.203519540949978,2.924298917730299,-2.462542603242384,DOS
-0.6909536092637536,udp,ftp,REJ,1.5709508994583636,1.4161414892261177,0.32795960321740214,-5.166120289728228,-0.13823775524729787,0.5554619461944362,Normal
-2.9343895752384075,udp,http,SF,1.4900541087120631,-1.8037005252956102,-0.9785786739368803,-0.8084764171548091,0.12760362800164882,3.47633134199262,Probe
-2.5465712282648596,tcp,smtp,RSTO,-1.8323259009430888,5.876797675328312,-2.0810025042206868,2.3965040200136873,0.710911326337506,-3.3168400872527015,Probe
-1.9245292036914443,tcp,http,RSTR,-2.1543971987291908,-2.4195682978494024,4.326101043674688,-2.765237165246153,0.286848958684232,0.7166223943007817,DOS
-1.5306164694101363,tcp,smtp,S0,1.3185876012007016,-5.615919901900239,3.3150822102385153,-1.5670631089069988,0.5633298328546652,2.7674405301301697,DOS
-2.252809379240166,udp,ssh,S0,0.3945704641023364,4.287409007754204,0.5804966763882313,-4.943760338826334,-1.7634979899524166,-0.024508885096608868,Normal
3.9135322260900107,tcp,ftp,SF,-0.35063188848101,-0.5511994859877208,-1.3459827263463304,-0.16715337184744777,-0.2956621489769081,1.5231479315601333,Probe
2.0979976746224023,tcp,smtp,REJ,-0.2574990258980302,5.080145798180892,-1.6723851884341787,-0.15876454296780784,-2.4773613983636644,-2.0515201419116305,Normal
-2.882166315661017,tcp,ssh,SF,2.5055868435755446,-4.266058220239366,0.4031595338656282,0.348859459107684,0.7218173663309397,2.6121729423840057,Probe
0.9486578115983626,tcp,smtp,REJ,2.586842636768056,-4.310882420011182,1.6019636972210156,-2.035455447211586,0.7030098922074783,1.478672713640686,R2L
-1.9525167226659232,icmp,ftp,REJ,-2.05675469113821,9.52219340226457,0.8508641680917548,-7.516711476223129,3.6104397611098116,-3.718689707319971,DOS
-1.7940745947239156,tcp,dns,RSTR,2.2101030667956167,-1.1556013841068438,1.9008785973635272,-5.864703841959714,4.057049385797682,-0.7370915298801162,Probe
1.0687933822650761,icmp,ssh,RSTR,1.3131596355195783,4.028305275960615,0.21187294548760005,-4.486656110209787,-0.34103910715122354,-0.8898636202202977,DOS
0.1880424741767085,icmp,ssh,RSTO,0.5521234158284927,0.061175589215798805,1.7718680784749818,-0.6530440801057326,-0.9352166164209466,-2.2866684819622716,Probe
0.9288192398393755,tcp,ftp,RSTO,3.7552642992212633,-0.049245558866684386,-2.3694691008167137,-0.2608082359299268,3.2689686313823065,-1.0640766210930952,DOS
-2.548346917050055,udp,ftp,S0,-1.2018404102357985,-2.373246730844121,1.1855605408416867,-1.3714009229434305,1.237241198183559,2.4237391980567056,R2L
-1.4373681708376573,tcp,ssh,RSTO,-1.2124366160954136,-1.9756416014613003,1.8986905237912104,0.21834819656907728,1.0215592864278262,-0.29257708344637257,R2L
-1.1043185364468195,icmp,dns,RSTR,-1.6949498665396434,4.361372248058846,-1.8738493798009612,0.010569310557434002,1.19464347205666,-1.3925252027588013,Normal
-0.6713874554805682,icmp,ssh,SF,0.5525805418211187,-0.9939553564919404,-0.18549521642799705,2.0424286033675587,-1.1476676988106318,-0.03484315216531009,Probe
-0.9861392192024572,udp,http,REJ,1.4999242169216602,-4.267170195791697,1.224232526774451,2.5361388633244806,-0.6239479318306758,0.22982506324468222,Probe
0.6343729328333892,icmp,http,REJ,-0.02184143892282342,2.343148132186801,-1.2290490138482915,-0.34919078357066835,0.10713830052879603,-0.4708369646773791,Normal
3.396759121659713,tcp,ftp,RSTO,-2.705192535382872,2.054834238720271,-2.5963119954297147,4.714512252065114,-1.5399196640733637,-0.5975845798244976,Normal
-2.2803972565514288,icmp,smtp,S0,-2.493425683938331,-2.671279171524178,2.5447061189549807,1.9588183996415438,0.9869879181830408,-0.07322969038193139,R2L
-0.9777347419297645,tcp,http,RSTO,0.18258961152352904,-2.796277092875114,0.10139274909896523,-1.2373395370465872,1.4970077188758104,2.84951792495831,R2L
-0.18875418393443777,tcp,smtp,SF,0.21401353702727222,-0.4440200112381721,1.8821306614310367,1.326106909198113,-0.6676214748292122,-3.5526384457374482,Probe
-0.018882150377663498,tcp,ftp,S0,-1.5916694179001878,2.9739761207967566,-1.555285082679485,4.449536950880994,-3.6989546688267176,-1.0880286224153393,DOS
2.5247170963920933,tcp,dns,REJ,1.4369223947231224,0.9472190428697104,-3.4264556179432732,1.4316899815160324,-1.8282069794188835,1.15251899692083,DOS
-2.3005952357635815,icmp,ftp,RSTO,-0.3020405771538798,-6.170081380585793,2.8173882228047114,-1.5419726692426448,1.6622408309945356,4.321092841440589,DOS
1.349356524383117,icmp,dns,SF,-0.10498370242887511,-0.043901810094241114,0.710519421602863,1.3848531933959307,-1.283990832440114,-2.1556731823775195,Probe
1.675478669638948,tcp,dns,REJ,-1.0489761357010188,1.2585449860846973,-0.7689162327874997,2.764586229553862,-1.706244440241106,-1.3426957438730796,Probe
-1.9433344073109484,tcp,ftp,REJ,1.573942518301346,-3.1476890490343865,1.4644275853543758,-1.3574840215991495,0.9462492510459464,0.8486698342611916,Probe
-1.1467844728202898,udp,http,S0,1.885400854102591,4.639569029202946,-1.8032473465399028,-4.752447109383035,2.747963310723798,-1.3804632094663156,Probe
1.1892596794421895,tcp,ssh,SF,-1.3024881814007991,-4.7126257664641145,2.0734658106470345,0.48788555582902615,0.044930027598601874,1.4889891644726674,R2L
1.5350562670095806,tcp,ftp,SF,2.0536681756364947,-3.7377225197465553,1.5705572016645433,0.7056062689699064,0.8532137120250516,-1.1910673541006052,R2L
3.1030379428076857,udp,ftp,S0,4.500772984615578,-7.703407219448482,2.659728059995774,1.2748784147276402,-0.11305687938244413,-0.8376884025320173,R2L
2.092692391278672,tcp,smtp,RSTR,2.6471764143244387,-2.5123262836049536,1.906256193536392,-2.6758832697638493,1.801990417649894,-1.39172685283304,Probe
1.6608836715307382,udp,ftp,REJ,-0.9379422520161166,1.3441167396266938,-4.412792144462029,0.6516102473150936,1.3013638290344867,5.02205310290098,Normal
-1.8235018365363969,tcp,http,SF,0.4757934587286693,-0.7478189822806228,-0.3447707237880968,-0.2738909607241222,1.2280632953412491,0.3294764693540846,Probe
1.7926561038813031,icmp,dns,S0,-0.23405501998441047,0.3129841727756403,-0.6031292801463934,0.2193818132863069,1.0540994241578585,-0.14432795444480018,Normal
2.3720913533871997,icmp,ssh,S0,1.9088150894136726,2.0741346239356404,-2.1458072869972646,-0.7401920599656786,2.467471940106609,-1.788021757804693,DOS
-5.189942555396091,tcp,http,SF,-0.28588137581622486,0.6802335343905414,1.0248981762571208,1.1913212968171725,-1.7632516764853159,0.7556626705995649,R2L
-0.1965215903818156,tcp,dns,RSTO,-3.190217301149291,-1.4796065032671188,2.155725211548875,3.2237789888375947,-2.6971047520638556,-0.2184424502214779,R2L
-0.11383744307403154,tcp,ftp,REJ,1.5714252400911444,3.7138256267778735,1.1723417862742243,-9.533666433828529,4.815557710911168,-3.6217223240561323,Probe
-1.2815392886188,icmp,ftp,RSTO,-1.4741159867881088,1.5756348844375694,0.7493988858525578,-1.6965352991781888,-0.16782138653120948,-0.4809012631955545,DOS
-0.6278686238514457,icmp,ssh,RSTR,-1.9966634450050773,-7.153745369157236,5.361092095817564,-1.4230071876079313,-2.6062268936895068,3.5844869762792464,R2L
-2.6567042034814614,icmp,dns,SF,0.16950887722587216,-3.904634836437876,3.200059958283344,-2.514042003948912,0.4136951250524892,1.3178559312729585,R2L
-0.17259925463912396,udp,ssh,RSTO,-3.374915336196071,1.9083638356178696,-1.01658324482659,2.6939503056982272,-0.14931173512418716,0.49296371116369975,Probe
-2.1801100498583033,tcp,ssh,REJ,1.3365523986729888,-4.4552455243633,1.7214359737203742,1.2194181969606515,-1.1745297991912698,2.4892341150934216,R2L
-1.3606539087672354,icmp,dns,REJ,2.7481344477733174,2.2010879267989285,-0.7389826233676228,-4.402984925523062,0.8267778118303946,0.38897776885193747,Normal
0.5291977870485515,udp,ftp,REJ,1.0210719049602472,4.119237661530259,-2.489553426285675,-1.6768789142253682,0.34749824920886463,-0.5820181194337397,DOS
1.374017084361677,icmp,smtp,S0,2.3855695729704127,-1.6849382441447442,-0.04694786999658551,-0.7497787968155302,-0.9179819484310935,0.8792205038883196,R2L
-0.5367514585110216,udp,smtp,RSTO,-3.0494156200092255,4.258246857541653,-2.222197558704077,1.5987708700193457,-0.47943429205800714,0.9165151471314206,Probe
2.1977457294409293,udp,ftp,RSTO,1.6674936288205113,0.41985754162790395,-1.2084092400999182,-1.03214091270633,0.47298142542653554,0.05965018266177169,DOS
1.5129391623055017,icmp,smtp,RSTO,-2.835279753684264,1.4214936915860634,-3.8815941169133157,4.897267510160796,-0.2949643321865083,0.9939980038812889,Normal
2.035170614960343,tcp,ssh,REJ,1.9552449300340116,-1.9490103507120407,0.6471594058433323,-2.4102170624393917,-1.712854928303961,2.241110716164022,Normal
-1.8916029607754532,icmp,ftp,SF,-0.9879399563363314,1.1169142562438286,-0.39411996212411027,1.549275294805194,-1.3738053985859964,-0.06060671315467836,DOS
4.427286218970151,tcp,smtp,SF,-2.005866265086788,-2.278088766203983,-2.209693464909046,5.950761595750912,-3.526507777394894,3.013209201452276,Normal
-3.2685263509894544,icmp,dns,SF,-2.1240375322264526,-0.24656645989754591,-1.5946439358428335,-0.3114095307100519,0.19012248812191967,5.395052292174157,Normal
0.47199550007832447,udp,ssh,REJ,-1.3874830544382486,3.6335688039571927,-2.6056398702639587,1.5840423185843635,-1.4788030655602733,-0.2815548791665696,DOS
-0.11926210881672783,udp,ftp,S0,-0.7373749421511309,0.32730611282273003,2.0122140043485865,-0.16797173284952374,-0.5892994975541936,-2.2620553522923283,Probe
-3.2597857908918275,icmp,smtp,RSTO,0.22986607608079024,-1.269064912967498,-1.2964971569686208,0.5029919990722242,-0.989940944722669,3.697323757891177,Probe
-2.9855522412297875,udp,dns,SF,-1.0831892966437362,0.5949463795073183,-1.5454975932501163,0.3159616118036029,-0.5580971142840652,2.937466992184524,Normal
0.5126440217880555,icmp,ftp,SF,-1.9139622368740898,2.1310424171769067,-0.18492766260830007,-1.636149772343647,0.1461607037881536,0.9228455058086813,Probe
-1.03930460241292,icmp,http,RSTO,0.8131524485924004,0.025019220726818926,0.30979563761496787,-1.140546478634132,-0.43594797500526006,-0.26182871125437845,DOS
1.266319008738356,tcp,dns,SF,-1.7005050236748331,-0.9596561033604447,0.959710376294141,1.191550801850824,-0.7198221189645646,-0.5332474275544588,R2L
2.0563515513897226,udp,dns,RSTR,0.5275155653243166,1.1072413307423992,0.2493344258500232,-3.6549935250701395,2.996298206377478,-0.7688161039092631,DOS
-0.8200843962056324,icmp,smtp,S0,0.4094251204253456,1.0013062680362306,-0.6161099475262621,3.7801296647673364,-3.9953838041227216,-0.8113601503640038,DOS
-0.5841107294660643,tcp,dns,RSTR,0.50155559617722,-3.126821525810645,2.2547895783602945,1.129686402979103,-0.9413891750609875,0.06757262445791412,R2L
-0.6468457790979281,udp,dns,RSTR,-0.4927133089039202,-1.0042094352321431,-0.19374097383601074,0.5596561133615624,-0.6460241361223904,1.585078280451723,Probe
-0.17474909304217467,icmp,smtp,SF,0.4364739827909443,0.22569738461541797,-1.323005702932753,2.8342876852879293,-0.6338259774720263,-0.7054465675148431,Normal
0.03416169604077823,icmp,ftp,SF,-1.8473009674320493,4.105444423362658,-1.3231767315489744,-1.176003999787284,0.5647640032795878,-0.24031420328560837,Probe
0.8262037402821534,icmp,ftp,S0,-0.8771299164064693,3.394582607885916,-2.5870117704928517,-0.2083743512336028,1.3025630892477418,-0.2609710608011234,Probe
2.2045537725693007,udp,smtp,REJ,-4.341729254414613,1.4821291109312689,-3.1612296507348194,-2.5994333351490133,2.5091762416803682,5.175851664573055,Normal
-0.6786169072798242,icmp,smtp,RSTR,-1.3229375370543508,1.7495866921157142,-0.6169280696727081,-0.1556298316919325,-1.2800386805085295,0.9764486778975866,Normal
-0.9511322529184434,tcp,http,RSTO,1.4751372952723152,-4.874711467287277,2.2787310234354816,1.3614387804677404,-0.5151793854936584,1.3307488926780662,R2L
-3.356667540822315,udp,dns,RSTO,0.9506006943410787,-1.2529945570484775,0.9311569645961717,2.4956726917045366,-2.222237001419904,0.411561647747701,Normal
0.8083298124392724,udp,ssh,REJ,1.9655445457616523,-0.5539596575762654,0.14685949312676838,-0.5297758068788626,-1.04252183128512,0.1257729334366029,R2L
-0.8858811960396316,icmp,ftp,RSTR,-0.20408710466995283,-3.558688079599858,0.2394816420882323,3.5063361982912933,-1.4240844664282482,1.47502401571324,Probe
2.1569464235877067,icmp,ssh,RSTO,0.323528345072817,-2.4784518366533765,3.8191482336868234,-0.8549435160978672,-2.7466097325565455,-1.9865249471226227,Probe
0.07128320169574243,icmp,http,RSTR,2.2410768056990626,-0.2399364860751981,0.13290620239388917,-3.576249169278518,-0.5657015672233494,0.9472134648055531,Normal
1.3538575891857199,icmp,dns,SF,-0.5692473605594564,2.150656392717009,-2.2090119386785165,0.8791359969687649,-0.456679830788573,0.06433883840866605,Normal
0.050295589527048046,tcp,smtp,RSTO,-1.67324026178551,-3.9304687198173154,4.566705929237452,-0.8232183632304123,-0.11123110953389825,0.30341114073006237,R2L
0.508314940602071,udp,ssh,REJ,0.18127336562165075,0.8642559935135531,1.426314637672278,-6.09386575653359,3.682928252957723,-1.8343418244051342,Probe
1.7460049524709629,udp,smtp,RSTR,1.4801403609006378,-0.2663192167876225,-3.278236238809314,1.825248703354461,2.3002123716798173,-0.31756445297854596,DOS
-1.3213611088315065,tcp,ftp,SF,0.915515883517385,-1.044426057597594,1.1553312646471587,-1.9861001807272083,2.088491234782955,-1.3582093226354033,Probe
-3.874626963888285,tcp,dns,REJ,-3.555020171921594,-3.0507623309047447,2.2697420873337544,2.0396227754651775,0.38039211450398513,2.1568544912735215,R2L
-1.1730015936565796,tcp,ftp,REJ,2.457541756220504,-0.8072522735268437,1.2752550769139261,-4.215022922703202,3.1152779025177195,-1.0845380040594956,Probe
-1.0794680669424324,tcp,dns,RSTO,1.2826497585472703,-0.8087426686562431,1.0351757821130607,1.551365997143109,-1.9683799157777933,-0.09259924489108662,R2L
-3.163095931625745,tcp,ssh,S0,-0.5968604241213074,-5.162290441905392,0.5533460298100982,1.7579564933520875,2.8331135835776338,2.8659675641653144,R2L
-1.4689059356066503,tcp,smtp,SF,0.6307616938991316,-0.7901729555801024,-1.1617176667268776,1.5102142139291617,-0.4491783417115509,1.6964066296585445,Normal
2.841055878639861,tcp,ssh,RSTR,1.7722981781510576,-2.267322625827794,-0.7879123471617517,1.7167033024727272,-0.5810890557474606,0.34211593216090175,DOS
2.055960124481055,tcp,ftp,REJ,0.818638535482318,-0.8317097086761334,0.06467074403774298,-1.4735602712249614,-1.117232520163673,0.9481133565792098,Normal
0.48960159995186847,tcp,ftp,RSTO,0.7816457135871809,0.4229664520595163,0.01547941149312626,1.1436129991843467,-0.06780408532103288,-1.3603412327128999,DOS
-5.060924464070804,tcp,dns,SF,0.45440022062898755,-2.267808493508961,2.4891725070709727,-0.02169556303477357,-0.864979168456347,1.32811414797969,R2L
-3.1041874296164456,icmp,dns,S0,-1.8888573808730387,-1.1795687371506212,1.8238190206229064,0.23469868939781796,-0.7986300872813727,2.210826081846451,R2L
-0.5236440850481414,icmp,dns,SF,0.13006992946173357,-0.7045875621354465,1.358300827997061,-0.321746111540096,2.147065272120526,-1.2988394297646169,DOS
-1.7935883632463998,udp,ftp,RSTO,-1.4500943416784176,-1.8662913259158105,2.7683253270563553,-1.7700981475309052,-0.28909086164465425,2.070947448667871,R2L
-2.1949525744962655,udp,ftp,RSTO,-0.8161938193577196,-0.07306797831907826,1.1384302302684464,2.3347666498023982,-2.1526799630265363,-0.8156122389140816,DOS
-3.6749136344247293,tcp,http,REJ,-0.02291515192349769,-1.4783275141716066,2.549430218429604,0.05666978710718957,-0.33519899803510433,0.12289086058280818,DOS
1.7139395509814381,icmp,dns,RSTR,0.18283109357609595,-0.9006311464074972,0.545570352127527,-0.4322080963000061,0.0875149423753333,-0.23693802376216322,Probe
-1.232998869146146,icmp,ssh,RSTR,-0.20850124305497586,4.339926412105945,-0.9940739322785892,-1.254871442493785,0.9270591122436658,-2.4181600211532457,Probe
-4.490483407695025,tcp,dns,S0,0.8241030611491797,0.5793718788375308,-0.637329904447381,-3.0131988662183216,6.506479592048027,-0.2725874104460919,R2L
-0.6089260352026565,udp,ssh,RSTR,1.4537786446025973,-1.197536951932471,-0.48765811514077306,1.7988054052879143,-0.9306256992863013,0.21515986682903865,Probe
-1.2204958971310764,icmp,smtp,RSTR,-1.5515220771387452,-2.7559299265282546,2.277906036698715,-1.3917801208609422,0.2657897823982691,3.0882206441531377,DOS
-1.6331660014835432,udp,dns,RSTO,1.443217623621789,-5.321223799872398,1.6732940842295172,2.12602696952198,-0.1387742673467498,1.225746813933159,Probe
0.7349190309722733,tcp,http,REJ,1.2703178408595077,-1.1303161194072264,3.9176509684114516,-2.431406089856312,-2.3767674109305417,-2.879309314172387,Probe
-1.5914763280459416,udp,ssh,RSTR,0.1623552482382482,1.812395876977628,2.110426033762745,-1.1229556731314252,-0.24704569486472894,-3.7943978270019296,Probe
-2.0139176296941748,icmp,ftp,RSTR,-0.31290376461880276,-1.5072660565591494,-0.9200608843571663,2.389375312815871,-0.235591982366691,2.6041292745394236,Normal
2.6931982278329265,tcp,dns,RSTR,1.476256392407105,3.55335165225408,0.7680639689923014,-5.331575213159164,2.5018135869338853,-2.414708341492842,DOS
0.6518198872275671,udp,ssh,SF,1.6067594553978695,1.9785482340660143,-0.04201309751538618,-2.940523569365005,3.300268697545593,-1.9939097216164963,DOS
3.893033218744623,tcp,ssh,S0,-1.230745806200523,-4.696387460558881,5.077518684509738,-2.6105282320321765,-2.772806734958129,1.0551038258246312,Probe
1.4764120962993077,tcp,dns,S0,-0.4864214801719484,2.387821029712645,-1.8744975192585347,0.5128892365614548,0.8305558843027405,-1.1589394488117066,Normal
-1.5447614601175608,udp,smtp,S0,-0.11394186037930665,0.65247132420044,-0.7876331887279192,1.8023617370321177,-1.3377682104680768,0.2488690897807182,Normal
1.705255761436957,tcp,http,REJ,4.86781965984582,2.5986047389791147,-1.258180326801202,-3.689467451276777,2.6957058703731076,-2.254753291403962,DOS
-0.4031844859039839,icmp,http,SF,-0.5643673279864416,2.8204600118922496,-1.5969483332007859,-0.7161916924815315,-0.695557399122857,0.24020216013392082,Normal
-1.868783981905481,udp,smtp,SF,-1.2526301909331279,0.19495123358782937,-0.3804252847174523,-1.187248052180763,4.379732552858082,-0.558916521277034,R2L
1.1053743257233068,icmp,ssh,SF,-0.31922451414196296,-1.8153861572752543,1.4769811091448608,-1.07609833344748,1.6623354690466063,-1.122865999023269,Probe
3.351195909399272,udp,smtp,S0,0.5758812019057702,-0.08730118165913238,-0.7288545725527797,-0.04441999772816805,-1.2324240087522336,-0.29178570482634725,Normal
0.4383929121341026,tcp,dns,RSTO,-4.276797725868895,-4.03934704904278,2.8148877408785897,6.540629887212499,-3.320239462428149,0.19858804692195375,R2L
-0.28718505892135393,tcp,ssh,SF,1.84384436502658,1.5721639494789315,-1.0961173494007617,0.37690330092977403,-1.8193749029705992,0.22537236230377078,R2L
0.2990541922934027,icmp,http,S0,-1.2704243397798043,0.5432207791901335,-0.3025951602433894,-3.345988741849211,1.5192501669007261,2.039044314051833,DOS
-2.498268979125541,tcp,smtp,S0,0.7056385168624395,0.4279891471207354,-0.6848844321356268,3.970975810091218,-2.1457843574537003,-0.5405553637801308,Normal
-0.7673857098623074,udp,dns,SF,-0.4502992888462245,-2.6697335508057205,1.5035003303298087,0.5310025867871706,0.3686022372216633,1.4391788731066266,R2L
-0.9587496287028898,icmp,dns,RSTO,-1.0683583995915522,0.4887309350313507,2.098880184406631,-0.7887639017344743,0.23277490779918542,-1.8197340581427517,Probe
-0.8061949495939805,tcp,ftp,RSTR,-2.7488696886804203,3.624181005477515,0.017426739171443106,0.6761287218299693,-2.479976338869947,-1.2831018670625807,Normal
-2.1108552790844257,tcp,ssh,S0,-1.69921622002287,0.3466280161737759,1.506034262541392,-1.1612951339985118,-0.1972617554621935,0.03779300136308139,DOS
-0.6133831593941501,tcp,ssh,RSTR,-2.7579764817277206,6.987033253000016,-0.7502736511968733,-4.524182836322569,0.020928789281852822,-0.41403982717282184,DOS
2.539947582046212,udp,ftp,REJ,0.6535303894573523,4.096336155511392,0.29467616210487746,-6.366703369227885,0.014226614074554833,-0.05919471521185027,DOS
-3.468578369521686,icmp,http,RSTO,2.2073066167977435,1.5650101078666148,-1.4487634075714229,-2.6827764603162616,0.8808218202093983,2.2063626916549977,Normal
-1.7920702133178117,icmp,ssh,RSTO,2.527268737282089,-1.315569685727786,-0.08179599498012724,-0.30076051437471196,1.235037305084359,-0.4219295253872648,Probe
-3.0610834604056016,tcp,ftp,REJ,0.05422143129889134,-2.9689553262783144,1.4284674478359487,-3.726949305845259,1.838210432557922,2.9587978556476004,R2L
-2.115439371471994,udp,ssh,S0,-2.5290379461488306,1.3694387009072753,-1.0659081228153184,1.0165506891067977,-0.7991918980830769,1.9119242325721326,Normal
-1.5170046802040642,tcp,http,S0,1.3811236541034966,-0.7470831398560027,0.7202995516772226,-0.04245838310699202,-1.2839966222510109,0.30899545500951664,R2L
-0.2610457570830479,udp,smtp,RSTO,0.23283028325156196,-0.2729822082669202,0.3316175643192091,0.8535247254157883,-1.0826544538789604,-0.32158422520936125,Probe
0.04060078863890637,tcp,dns,S0,1.1278082224753558,-4.029638056744437,2.416869927585869,-5.482023502726466,2.6814073821116446,2.720924391923125,Probe
0.07214708646466117,icmp,ftp,RSTO,-2.564912858313331,2.283603704931493,-2.090558707888503,0.31572983802353044,-0.1913857609610582,2.246135516051379,Normal
4.2722655724366785,udp,dns,SF,-3.110176471450877,-2.0810516631059817,0.23653949770919147,6.528335662176354,-1.2715507940113726,-1.1991029240240065,R2L
0.2846492595022432,udp,ftp,RSTO,-1.437609566952978,0.0835627784680211,-2.2917394089425676,1.904295377319924,0.7221103343619986,2.386066584759396,Normal
-3.139361184374691,icmp,ssh,SF,-1.4136020204494884,-1.6312078795908673,2.7430665373433323,-0.9880060427711274,0.09903804085211243,0.23014761348438773,R2L
-1.0521381943035553,icmp,dns,RSTO,-2.3289677323843208,0.03319971251749702,1.1127255928619841,2.2638679680572174,-1.9996678086714659,0.9989205830896648,DOS
2.131985475532044,icmp,ftp,RSTO,-0.3468338192372251,0.5248864084872084,-1.7523267509043374,-0.24023130641285018,-0.820938945548455,1.499345666477582,DOS
0.03407430128480171,icmp,smtp,S0,-1.7791042513811035,2.085986632255638,-0.5178532246819258,0.5548083053970314,0.7797253128322588,-1.1690913290505414,Probe
-0.35514598237423045,icmp,ssh,RSTR,-0.20855595537261773,2.3299398313308166,-1.1721503840756298,0.11714939702005943,0.9850702324020958,-1.0361131968365798,DOS
2.651216185341579,tcp,ftp,REJ,0.1524641973715004,-0.8871365551767274,1.188192931212323,-0.6324319038814553,-1.3089556147185153,-0.959778373005013,Probe
1.1980414420449244,udp,http,REJ,0.24221162146621644,1.9319690185511291,-1.7313116507837227,0.9174828564950434,-1.8333615550997837,0.8652255756894177,Normal
-3.564833197628959,icmp,ssh,RSTR,1.049525097793093,-0.5989646220934762,-0.04582628240660491,2.1250038043484665,-4.083502119230792,2.9859647377457215,R2L
1.5870837727231157,icmp,ssh,REJ,2.594130810813476,-1.7590805104039564,-1.8528587849941633,0.7030653994772562,-1.2851780111938134,2.6891118569518713,Normal
1.086058281493924,udp,ftp,REJ,-0.17327139061920982,1.5459160927178415,-1.571231011897452,0.5034132763905445,0.027334617519339965,-0.19040639842504736,DOS
-0.0583952203850735,udp,ssh,SF,-1.7705226257395368,-2.2552766438649523,2.5564714891099385,1.7501295349437422,-0.19954660584034878,-1.5452048042051838,R2L
-3.2536622632564747,tcp,dns,REJ,1.8481153982996132,-7.077419122989543,2.732661354393805,-1.9988857135592426,3.1638946374556216,2.292183131431479,Probe
-0.13202940997404466,icmp,dns,RSTO,0.08179712494921776,-3.1083041002115928,1.6228405313110366,-0.6630954952343877,1.7332109251386432,0.5264518900825881,R2L
0.4904502623959581,icmp,http,RSTO,1.4609733814221548,0.31738248281245013,-1.0954072603794462,2.753258720986477,-1.1640661265710897,-1.2797143852428272,Normal
-1.5561006531433557,tcp,dns,S0,-2.326205056812394,-0.535882133757517,0.016437553873540622,5.017237380322341,-0.8612454063886923,-0.6953582116020274,Normal
-0.5967064915357818,icmp,dns,SF,0.04254959559720917,2.2621169873907165,-1.3932644175240285,-0.5933228156431298,-2.233347060022395,0.9592091442892932,Normal
-0.9251126755590103,udp,http,REJ,1.007060984911607,-0.31606453135999907,-0.4445994526596113,1.4839021988688843,-1.5887229549330555,1.8086311749481063,Normal
-3.6125066229853458,udp,ssh,SF,-2.2403990342178552,3.78538534052189,-0.4888693504571986,2.756945832265626,-2.6943884737127823,1.0042629663957803,R2L
-1.2749974104201869,icmp,ssh,SF,-0.8295953091317241,-4.837336906050402,1.613912643422487,-0.8091669439104201,0.6190719470562036,3.4160929796322477,Probe
-2.66739249660131,udp,ftp,RSTO,1.67051781714845,-4.792383790178571,0.9284319419351952,0.002384180586647294,0.77231320991765,3.07089052859479,Probe
1.171999389152467,tcp,dns,RSTO,-1.448836208037647,-0.7344395106525152,2.908157365096069,-1.2515379883623743,-1.5308406160805423,-0.8786288318632719,Probe
-0.36133829711727794,icmp,ftp,SF,1.0763968406215196,0.5127400839968471,-0.2733904818905901,-1.2056851314001484,0.8816885143019004,-1.1467923420281747,Probe
1.765815708098013,udp,dns,RSTR,0.9263748799869173,0.6459815249202109,0.2139585592375961,-2.808621659636608,-0.35124721352563737,0.1888705862869543,Normal
-1.7838691698830131,udp,ftp,RSTO,-0.5438478105999616,2.7204906403180864,-2.098617487056406,-0.6668825261406767,-1.58648844345411,2.991262091357019,Normal
2.0037298903452796,udp,smtp,S0,-1.701279259702053,-2.5247900651795283,-0.46560315903054694,3.470012842235357,0.4375021434088644,0.4001683447775005,R2L
3.8186635999010052,icmp,smtp,S0,-3.7683036305445663,1.4319622255674356,1.1555582766760084,5.991811702476137,-2.3706438183222542,-4.75392258144582,R2L
1.581963004624411,tcp,ftp,SF,-1.1636600676847484,-1.1647776670274101,3.624066369581538,-3.7704481620631847,-1.2894172959046855,0.3750837981967212,Probe
-0.2595921640709262,icmp,http,SF,-2.457802907132885,3.285736448115296,-0.2243289711074561,0.24575211687489773,-2.1888855723240543,0.24176444851906365,R2L
5.667955484608324,icmp,ftp,REJ,0.011143469070646783,-2.8501745871944877,-1.3856391122140144,3.2472817368389046,-3.9410972189142397,2.710168032355617,Normal
-1.3000449685431346,icmp,ssh,REJ,-1.3484814136363164,3.8245836699937934,-1.0619374489624098,0.8553345893056147,-2.6080627888639274,0.4464043803860618,R2L
2.1513849929955855,tcp,ssh,REJ,1.8207383322849675,-0.17443860218071958,1.3307484379512369,-0.8819867902289805,-1.9052227093295762,-0.5156190667808687,DOS
1.7194767276987895,udp,http,S0,-0.6899243878586007,-2.9092419660602893,1.1503606823950394,2.8568911923944946,0.8948456714712537,-0.5928150468678244,R2L
-0.9718301640231904,tcp,http,SF,-3.1153142664709446,-4.046111244518493,2.089102777701479,3.476867092834419,-0.515732261073206,1.4614955464937864,R2L
-2.7744510843858445,tcp,ftp,RSTR,3.5554106501991707,3.318130487670957,-1.6456417814033717,-3.644727781016539,-0.8236394474823083,0.28427295595651236,Normal
0.35793280515954196,icmp,smtp,RSTO,-0.9545701229296086,1.9149884233606607,-0.5880513689797771,-1.0045848075365928,1.9735147025688948,-0.9211445220060102,DOS
-4.93822214736357,icmp,smtp,SF,-1.765176721344439,1.793908964236941,0.7494890761254389,-2.23703861155531,-2.8808089713034764,3.635768039762926,Normal
-0.23719085979014398,tcp,ftp,SF,-2.2902291016543295,4.9037198964539845,-1.7450086706547996,0.43467355869607416,-1.1250759694037964,-1.4735834109431791,DOS
1.2846445541976728,icmp,smtp,S0,-1.5139655864335317,-0.81014280437056,0.8852144929608163,-4.363164015315103,1.340342763368091,3.4739541640090876,DOS
1.6499122180069143,tcp,http,SF,3.7998960161203477,-0.696264613674522,-1.3948705093849818,-1.792037869169078,-0.9277857626434214,1.3567600497537526,Normal
0.17793502837625097,icmp,smtp,RSTO,-1.716379243159785,-0.30470585225194685,0.9474690997005484,0.5108663667347207,-1.2161763786077793,0.6135909525804484,DOS
2.5288509851006165,tcp,dns,S0,3.919005269479078,-4.153942955040176,-0.8607750376210495,1.471737239353816,0.593731832041519,0.6638184839319254,DOS
-1.555892459071086,tcp,smtp,SF,-1.0419883375503085,1.5784988686415247,0.8773148413951712,1.4426447478153852,-2.856364289735319,-0.4033265407965163,Normal
0.46339193468400675,udp,ftp,RSTR,0.9221827183319617,-0.8315908916886884,0.46779424213183896,-0.6924306789429301,0.48499494031539236,0.12573491262307857,Normal
-0.4873029939388881,icmp,smtp,REJ,-0.8595401700338399,1.5111281376673518,-0.7458077518277635,1.393660765104598,-1.4785233612229507,0.34262002583359663,Normal
1.9654697620974075,udp,smtp,REJ,-1.8714901092030458,-0.3254541665996703,0.9275657019653581,2.066814284135209,-2.119309095338117,-0.6527140782128487,Probe
-1.0613078808885663,tcp,dns,REJ,-0.07282310362525346,-5.4830841891708095,2.7791505922599553,-0.7945565080144171,-0.17324753755403088,2.557301365424574,DOS
3.337535384856716,tcp,ftp,SF,-2.240437787293703,-0.7309309455414581,-2.764159427979864,6.890052443548181,-0.8678093972518004,0.5426433895507308,R2L
-3.469992390798575,icmp,http,RSTO,-2.3929066931044036,0.8259242033669201,1.1026878656282024,6.128278845008378,-4.637573575086105,-2.024458417661583,DOS
-1.8249135034323274,tcp,ftp,S0,0.5309961977169089,-8.43212404195784,3.2178607728836317,3.7178388388594428,-0.6855103031768612,2.098422123996383,Probe
1.425426145066301,tcp,smtp,SF,1.5135479973140933,0.9602949391096915,-2.0422542309173846,-0.6198722882032942,-0.2093051949332292,0.7201019731713914,DOS
-3.373112829055164,icmp,smtp,SF,-1.555711382793551,0.6668645507896085,-0.32932853956510344,2.6948942942560827,-1.6219886398635095,0.720671899267409,Normal
-2.354034461839939,icmp,ssh,REJ,0.8276791402299009,-0.842837270882143,1.5511255498001884,0.9231844479659992,-1.4063208974642558,-0.5239617794232778,DOS
-0.8020895156016647,udp,ssh,RSTO,1.0381812556272851,1.2125726599579172,0.5633181552880768,0.5007241428766899,-2.6752204446490304,-0.4709974479929355,R2L
0.35391738951520746,icmp,ssh,SF,0.7439051790626852,2.3726610495751888,-1.2382576852949292,-1.4030617686322189,0.07947899440546347,-0.1196633458328098,Probe
0.03279947963700702,udp,ftp,RSTO,-2.0793487276415688,0.8401952161560216,-0.8310114671231591,-0.6038475606324984,-0.16442569484056002,2.375917122225709,Normal
-1.974901877081758,udp,smtp,RSTO,-0.47334517420130606,-0.046008639797427316,-0.1845107910723116,-2.291540397910524,2.351891741879159,1.2766260541076566,R2L
0.39927408341254234,icmp,smtp,RSTO,-0.19220649672300927,-6.608473822882854,4.190558389432461,-0.9515098232055392,0.9929235808834511,0.8231526651379346,Probe
-0.53312072281568,udp,ssh,RSTO,-2.513973763641067,4.144163611922785,-1.721770873758472,1.266423103623372,-0.36454302273396477,-0.25759062816510514,Probe
0.4796633547129203,icmp,dns,REJ,0.4766358329983209,1.2725089772040115,-1.4625717177010056,2.1621880643276263,-1.2938418104343068,-0.06967606359382827,Normal
2.9704878189863466,tcp,dns,S0,2.978733232594598,0.8919549350635193,0.20146407485564266,-1.6784931927166584,3.0534777444596317,-3.2247232177054888,DOS
-2.266269263320191,icmp,ftp,RSTR,-0.2853674171338162,0.9353347348196651,0.37380529308306376,0.7799211316328599,-2.398902233035634,0.5744665648141716,Normal
-0.4138153171766664,icmp,ssh,RSTR,0.8335115845069699,-0.9858718482142328,0.10604269372365038,-2.340746171899871,0.34220074016537627,2.1052882762001373,Probe
0.44267622753136804,icmp,smtp,SF,-0.404664825736725,0.40085062942988464,-0.6686195132480955,0.3482332694037791,-0.6512172677253797,1.0354000198104245,Normal
-2.292238460583946,udp,ssh,RSTO,-2.4942669231037167,2.300685435229373,-1.808985432847325,2.0829412209247145,1.793890741559876,-0.0494058142078706,R2L
2.5674868900554815,udp,ftp,S0,1.657435865429485,0.7627024209638514,-1.0713928910808779,0.006606954765203419,0.5733142936395992,-1.770887043243726,R2L
2.730686253671487,icmp,http,RSTO,0.26752970916258856,-1.477988126643339,1.83175708198383,-0.745923901565831,-2.6983367918108945,-0.3375871728864156,Probe
0.1680491842552806,udp,ssh,SF,-0.7301062201931867,2.6088636108586574,-1.3577553168398238,1.0490396475511097,1.0524127862796062,-2.1550957611945236,Probe
-2.842507019867546,tcp,http,REJ,1.2538946190596634,-3.5261013233928367,1.017146146074084,-3.031008374778317,2.9060941009656487,2.639730163061572,R2L
0.24752899266295514,icmp,ftp,RSTO,-1.2677449181659464,2.5056035451198513,0.9703564211681452,2.2237905466130643,-2.908430578958175,-3.360025259565451,Normal
-1.7721346964083502,udp,ftp,SF,0.5728282575687826,-6.1396513473370655,3.2804140835663986,-0.7810511437030108,0.6459754552550765,2.1210322740798113,R2L
2.8795407150699384,icmp,http,SF,2.4271457845638382,-1.759921505171752,0.4041237923702856,-0.49914501654368404,-0.6534033259805383,-0.37738343217147285,R2L
0.09607796977865624,icmp,dns,RSTO,-1.4533063242320896,-0.1116557054519419,1.4978771061840064,1.094531990231447,-0.48028837593994533,-1.5443242855124772,Probe
-0.1471764182451042,udp,ssh,RSTO,-1.088407654972506,-4.769559200227192,3.1216607244561856,-3.1291918763351156,1.1658864077834585,3.808265235458175,DOS
2.0088262300040562,tcp,ftp,RSTO,1.429694262580759,0.6089606990903474,-3.6622636993974136,3.0278541165600217,-1.4492787396517082,0.1865703783160877,Normal
-5.039589250400139,tcp,smtp,RSTO,1.9031218574751896,-9.492446044091892,2.107259418906772,3.8958732852869096,-1.1109079373512407,5.152573915416659,Probe
-1.7073915139538478,tcp,dns,RSTO,-1.1520256359266705,3.1372681236757205,-0.11816240274383683,0.12236752663977753,0.5394864371826531,-2.057476856508286,Probe
-0.8462550214303823,icmp,ssh,S0,0.519599474764734,2.0117085987856416,0.27227708470088463,-2.723189120232203,-1.0880812081120323,0.17989433462168447,Normal
1.8486495219444037,udp,http,S0,-0.3779346173627164,-3.191642950192664,1.676837073338083,-0.4503278168174876,0.19842713107775523,1.1066367931282564,R2L
2.1959346146385412,udp,http,SF,0.2817773822683739,1.3013671592096003,-0.8164630572549267,-0.9686231451421377,-1.0744699017244304,0.4200048920226722,DOS
-2.2773304747055976,tcp,ftp,RSTO,0.6292232216222605,-2.4947937840013723,-0.1877450197756405,1.2958843804824816,-0.782758565296839,2.8218072346597696,Probe
1.9168902276969535,tcp,ssh,SF,-1.6807374497257719,-0.39578929522538975,1.3807143939111677,-0.8736336492193648,-1.2417169189815322,0.7553343626430531,Probe
0.7699510768649752,tcp,dns,S0,1.8680957776585483,0.2755269535814855,1.065113182183829,-3.4950497423355174,-2.3486994400987635,1.2817930591292386,Normal
-2.6773735471834526,udp,smtp,REJ,1.4869207355510063,-9.242719895704104,2.8291031331705314,3.603313910702422,-0.4051835392801597,2.623290412430985,Probe
0.6369632712567828,udp,ssh,RSTO,-0.1490706558099426,-0.009746961813723906,0.1472061229632261,0.7600154791668263,-2.0996749141849103,0.5159363923823259,DOS
0.5664435167072943,tcp,dns,RSTO,1.7799505666530928,1.332115195083141,1.8007100170956662,1.8806727808400772,-3.8575859645766366,-3.73002716596464,Normal
1.2059128590676074,udp,ssh,RSTR,-0.07068056594746297,1.6571672034169898,0.06351082670444308,-4.112447709953086,1.6414984969846018,-0.17238494139703175,Probe
-1.1095258913874149,tcp,ssh,RSTR,1.6079088020384127,0.6502821656457516,0.6991927450708844,0.27603432319982546,2.269821282516349,-2.643214423428075,R2L
-1.0128422700525996,tcp,smtp,SF,-0.7028426148257909,-2.717292358042914,3.663872536386432,-1.5020603645508748,-1.140301994796288,-0.0738842052270745,R2L
-0.8313894462224751,icmp,http,S0,-2.94521169585915,-4.326088271882989,3.9818985984134625,-2.6141528514029693,1.2138241096579208,3.7122895755606624,DOS
-1.3221526689985916,icmp,http,SF,3.4798659776153396,-7.8228789153645755,3.30126644006666,-2.203411449174658,1.366306023332145,3.740105994618802,R2L
2.5547919625158153,udp,smtp,RSTR,2.84121018325887,0.6184897612402076,-0.6881003597886197,-2.0311710545422232,-2.0468779394977545,-0.6214598436848142,Normal
0.8121483191409375,udp,ftp,RSTR,0.0007340154627752948,-10.902080287529477,5.466245137235495,-1.450319751566424,1.7150207372834605,3.3237524458466163,Probe
0.5633595384987211,tcp,ftp,RSTR,-0.8475616254326885,2.4457940637167064,-2.263810411427798,0.6736465884459408,0.5084102038460918,-0.1494927876427783,Normal
-0.7754473845753465,udp,ssh,REJ,-0.8211132424521694,3.082970594336899,-0.18644612525887627,-1.4369668918414078,-1.6324421138445289,0.3468967822864023,Normal
-3.1324067654332515,icmp,ftp,RSTR,-0.24928483283914993,-0.9781036901076106,0.623097815038276,2.971754434166123,-1.3732316793999777,-1.1551816463919966,Normal
0.8803496652367129,udp,smtp,SF,0.8483268401422516,-2.2657491650266093,1.431308340449762,1.3756480682115404,-0.9908961555225642,-0.7311287076828699,R2L
0.7597340264421684,icmp,ftp,S0,0.17377572493242377,0.4100935659058632,0.13593903667870255,0.4012040016828901,-0.4749873629790258,-1.0816576414722987,Probe
1.6167214925230151,icmp,dns,S0,-1.2754144502786635,0.3435677552137802,0.7436105279138516,0.37811514012650904,-0.7047803839301564,-1.2069638416097845,Probe
-0.6840538912632046,icmp,ftp,SF,2.1761044237104725,3.5854860725625683,1.6127265404933988,-6.1551466159130745,3.065046966134138,-2.3451279916372885,DOS
-2.5655423233592085,udp,http,RSTR,1.7191135761414413,-1.6139178164921462,-0.4460172937807616,0.46899776209821126,-0.6125966015699962,1.6961065725174365,Probe
1.453032029310517,tcp,ssh,RSTO,-1.4435401095353795,0.605705827029319,-0.6393714625282128,1.6656198882141389,-0.06821752908899814,-0.5203511398187981,Probe
-0.9975832506451194,tcp,ssh,RSTR,-1.1555205485822209,4.333892243498677,-1.9653648350480113,-0.22714077397394974,1.4261294940861848,-1.31416717853483,Probe
1.9638275598641077,icmp,smtp,REJ,0.38488250427182835,-0.9506002174644833,1.1809261826417778,2.1835146040460236,-2.644551062064619,-1.172033753322891,R2L
0.550153183802123,udp,ssh,S0,-0.7221185767430416,-0.7509823613959613,0.7642457701644735,0.642461924015358,-2.1354689183772653,0.7478077634074494,R2L
-2.688924693981024,tcp,ssh,SF,2.9627062016418284,-6.5343300831900315,2.923163517327608,0.4133944920764143,0.26039361720516796,2.1169876308731994,R2L
-2.067273888769498,tcp,smtp,RSTO,-0.4892139366550323,-4.50691494348154,2.161886669497733,-1.9567209246422785,1.23653881093497,2.72576540512963,Probe
1.4300114418780674,udp,ssh,RSTO,-0.15894242363258781,1.3346037690627721,-1.5710969509508592,-0.08929883421163486,-1.6429569383605007,2.1484585861435495,R2L
-2.0559474729632834,tcp,smtp,RSTR,-3.2003363802164064,-3.046973108860951,1.968741378519042,3.2957895612979318,0.9435685444311612,0.5031277553315576,R2L
-2.3186630896963076,icmp,ftp,S0,1.6606759906240094,-1.965914988338144,-0.2048255102093406,0.3360236826654328,-0.9930126792683638,2.111606805399624,Probe
0.17749549178638024,icmp,ftp,S0,-0.7286230666224729,-3.2031136261689017,1.846941989768775,-2.4485899724281754,1.379841367041775,1.5144781713959539,Probe
-0.3802863519703765,icmp,dns,RSTR,2.266113640329989,0.5448183048210525,-0.11918255318456672,-3.2245325754005383,2.254768421676128,-0.7362295400851457,Probe
0.7679559722862861,tcp,ssh,RSTR,1.686495442824278,-2.86995112010105,0.5074710973458834,-0.8866129798860558,-0.8823920699820208,1.890059413800674,R2L
-1.5027203534110893,tcp,ftp,RSTR,-0.8549971199898962,-0.41791637367097784,-1.27300522473592,2.7005968444683215,2.829145584635384,0.5244896125064011,R2L
-1.4928040774802243,udp,smtp,SF,-1.3735292931153549,1.201910225569924,-1.4157157796598088,-0.6139413152932346,-0.6371717023177199,3.3869816389920753,Normal
1.2132734118268527,icmp,ftp,SF,1.69846967709474,0.624234666397781,-0.9585625623687515,1.665092198791067,-2.265883160439209,-0.4401910777043141,DOS
1.3548669797550017,icmp,http,S0,2.751287191665019,0.6729666882423936,-0.8824876242761804,0.9632847252409042,1.6494435730435424,-2.6323703768350306,DOS
0.19660979485490648,udp,dns,RSTO,-0.230153147162782,3.674043482804007,-1.9353744747768005,-1.456992801460764,2.6488862116935494,-1.4799316588984128,DOS
0.14873264691122934,icmp,ssh,REJ,-2.028643194943105,-3.449985951278187,0.017938207180583587,4.298336713830139,1.7119367914007912,0.6368955350642609,R2L
4.222815907819898,icmp,ftp,S0,2.9562003902171794,3.051262967355625,-2.2649497634303213,-4.568574701983515,1.0617876302546383,-0.06260100834013893,DOS
0.5874295087883075,udp,dns,REJ,0.12447634898371807,-1.4922615960558618,0.7691279556816396,-0.40711531281960117,-1.07078558219579,1.5897769588021644,R2L
-1.9752483647433259,icmp,ftp,RSTO,-0.3897815767513124,-4.200620304915214,2.1686656378298554,-1.340085422991012,2.284218308219014,1.5075533463722304,R2L
1.2037349616695785,udp,http,S0,-0.9744307639568349,-0.8824768310538493,1.2377072393088533,0.2103975536018256,-1.1096586416319434,0.0001648614952201033,Probe
1.8368698211481833,icmp,dns,RSTR,0.1716511599624604,1.3250832151767669,-0.8077452088001186,4.70579852942497,-1.3679406450000318,-4.116114941471093,Normal
-0.8900997823206271,icmp,smtp,RSTR,-0.0343381697522227,-8.539869308675613,4.010695832707191,-1.6910331395880318,0.7241568872274311,4.960369676095963,DOS
-4.342672763395688,udp,dns,RSTR,1.1720033921274464,-5.074238703543122,3.3845838282200953,0.0785390300776099,-3.0591508340966493,3.914819317552436,R2L
-1.9268094238350324,udp,smtp,RSTR,-0.15169870702388433,-3.5353260642918745,2.8250046820097268,-3.207800731567504,1.4192452217095899,2.6641454622388565,DOS
1.232410198765946,udp,smtp,S0,1.002752503297883,0.5567659370587282,-0.3751990535180474,0.02300998187592125,-0.11608713862057796,-0.5990245151957626,Probe
0.5309575840972862,tcp,smtp,RSTR,0.7283410598036844,0.8999881904184359,-2.4134518388706634,1.5208174599366966,-1.940983631517222,1.5422957905813877,Normal
1.375824089072223,tcp,http,RSTO,-3.6801371448124587,0.8777079557640918,0.6922781631329238,-3.5976692168698605,0.9854267063450999,2.310889105892435,DOS
-3.7397163934993087,udp,dns,RSTO,3.042566660421384,-6.063658979424377,1.5103575703863399,-0.14017396200710774,1.0741020347135795,3.0196765154298113,Probe
0.38360906146014995,udp,smtp,RSTR,0.3263413416825943,-0.6613916042775778,0.1890470312954008,-1.0599462363793253,-2.1766238908326008,2.356949567705369,R2L
-4.044087691899083,udp,smtp,S0,2.667820474767724,-5.009441392248206,2.4989879172039196,-2.4129334233017863,-0.2876868311062326,4.196293431169005,R2L
-0.6628439148800607,tcp,ftp,RSTO,0.7441183934828188,-2.132338251534648,1.9649658627011028,2.157982778212524,-2.9628873898432895,-0.3449815265594247,DOS
1.7870623470806213,icmp,smtp,REJ,-0.3874867128605337,1.745206080082696,-2.088819807647134,1.3917193989614307,0.2007708835532921,-0.7414883509790096,DOS
1.6157846677144416,udp,smtp,S0,-1.6991704275486965,0.5529122966666552,-0.34235500530414464,2.0818520775024205,-1.1740509353635178,-0.30907517533968376,Probe
-0.10820479969919639,udp,http,RSTR,1.3430032950746615,-0.28704113364802786,0.8992647977404525,-4.69217834462044,2.8452161379068923,-0.2807108809468808,Probe
-0.3668119694912646,tcp,ssh,SF,-2.4198846192324326,0.054764870796635674,1.5540334739873005,0.6583091241984118,-0.44122641243467253,-0.015828988162631674,R2L
-1.4551035607224991,tcp,ssh,S0,-2.866983923099009,4.026488387240137,-1.6590263562521597,-0.9729530952597115,-1.4508771971786034,1.4329141506611938,Normal
3.762954718341033,icmp,smtp,SF,-0.8597142499558585,-1.6259249791037778,-1.86600757687704,3.800748354592574,-2.3583140561013667,2.3001282593350343,Normal
3.1811822356138033,tcp,http,SF,2.358103748776686,3.217598612223973,-0.7170907186221573,-7.01258957860456,4.233110606585635,-1.1130983153548286,DOS
0.28293518070349755,tcp,ftp,RSTR,1.885797874859331,3.5739624889450616,0.7511484453729056,-5.232047395071842,1.9658477440868674,-1.7507226982206512,DOS
-1.2869280452102365,icmp,smtp,SF,2.4099964121639186,-8.007226228710014,3.1516515712675552,0.38864254058600456,1.2675555226225026,1.3360970464034516,Probe
1.926418460089113,tcp,ftp,REJ,-2.2920942976759577,1.655901950070902,0.8609012533587941,-2.1112177027238705,-0.014634927716353219,-0.787426148172391,Normal
3.3112314508163765,icmp,ftp,RSTR,0.2239996723090969,1.2680389229359077,-1.6229036909172048,1.5571242823494869,-2.2435840975701247,-0.7624563777213769,Normal
3.0608769301757643,tcp,smtp,RSTR,-2.4624150480286655,3.704087650146972,-3.4824511808170695,0.21781805809603166,0.6078865574248513,0.4626963202686579,Normal
-0.3007057558017051,tcp,http,REJ,-0.3929047402199596,1.3489883307783803,-0.3116630463761816,1.4526444808667438,-2.653782784568596,-1.0160988658578085,DOS
0.24132420648672226,udp,smtp,REJ,2.6793399975985857,-4.7320281806756235,1.866992534177074,-0.8483107437832658,1.0799551319092453,0.8517974053832738,R2L
0.08872906826840066,udp,dns,S0,0.624411670861782,-0.42996254309988163,-0.4116068170687023,0.6888242746366678,2.914976849893147,-1.4018212817868896,DOS
1.7835297582521887,tcp,ftp,SF,0.08647790963590962,0.3171057727801933,-0.35874112498488053,-0.6445095183925843,-0.791049287108925,0.5718664096970145,DOS
-0.9974043793035209,icmp,ssh,RSTR,-1.155001111337819,0.06395175263864333,0.9445703030548819,0.4897779882308763,-2.6428218431419395,2.0071177155877526,R2L
1.4637627956093362,tcp,ssh,RSTR,1.4774721310816208,1.1765400544138478,0.09319021178153852,-0.046613178264150554,-0.6114591682939988,-2.6323217735119044,R2L
-1.6425965600858115,icmp,http,RSTR,-0.838618453721617,-4.8302680802980165,0.4231191797178586,1.9472780723349206,2.5122025143330218,2.444283864940534,R2L
-0.12212066204551386,icmp,ftp,RSTR,2.3151082649603376,-1.498793990785605,0.5892871749336305,0.7799905923842908,-0.012071498574721562,-0.5628483332267358,R2L
-3.633548174344361,icmp,http,S0,0.5795597220277442,-1.2565889254061073,1.202852298218807,1.4169248116986561,-1.7445563489148013,1.6154904224656241,R2L
-3.09884006728851,udp,dns,SF,-2.9713973149137205,-0.5629030921322282,1.489388668985571,2.4091357308411605,-0.45125925058781546,-0.36368372367589674,R2L
2.686852546963475,tcp,ssh,REJ,1.2671008174037786,-2.3579575136239925,-2.231823019433822,2.671043931227179,-2.350865909399964,2.436656558633473,Normal
-0.019237405238847205,icmp,http,RSTO,0.04456485482462713,-2.0548292141586693,1.3893584323896286,-1.76988828769985,1.291259546150644,0.8118094429227976,R2L
-2.543822033671423,icmp,dns,SF,1.8517637961519255,-11.482586136742281,3.051257830655514,2.3100874506260443,0.3371834550289047,5.602226218599292,Probe
-2.733710374803875,tcp,smtp,S0,-0.3908317755223253,-2.2753779390994664,0.6139828031310806,-2.701576525317091,2.889214210811156,2.6072395411904914,R2L
-0.28898161810791234,tcp,ssh,RSTR,-2.2520621509618586,-5.164103065948047,3.7538006912882893,-2.3594972620280674,0.7108227872002693,3.6390958590211215,DOS
0.5367004511415348,udp,smtp,RSTO,-0.27686384686825827,-2.777030060771008,2.696021828364523,-4.314512610046855,2.0639952984964207,1.2821706053888473,Probe
3.316685859254443,icmp,ftp,RSTO,1.632363185508285,-4.507802699263747,1.255353794879957,-2.322313827968904,0.21838244590922828,1.9618128902382754,Normal
-4.019272742552856,udp,http,RSTR,2.3165021828449053,-5.114505701891956,2.394071482165243,-1.639216806197942,2.300535286128855,1.230602694019197,Probe
2.353401146679264,tcp,dns,REJ,3.0991524854876547,-0.6979772316040049,-1.4432844214922738,-1.3538654132024668,4.648279602859811,-1.4570360889622869,DOS
-2.6605319549567064,tcp,dns,RSTR,2.5486073369936557,-2.558227901536693,2.082970872356712,1.3936679059672463,-1.5592175083856734,0.7333491429346142,R2L
-2.7858606079965424,icmp,http,S0,-0.037272919456454945,-2.7084520791062694,2.7923094596432705,2.29895771085549,-2.156403974535516,-0.04305037426153113,DOS
1.5537160661422562,udp,dns,RSTR,1.9450037710046943,-1.7690598970751867,-2.216276168750679,2.3379477441434555,-4.35185757049025,3.5630815388418435,Normal
0.656814092076752,udp,ftp,RSTR,0.11408706136849633,2.6166401453617305,-2.120041991254608,0.8270181722749467,-1.4894892096663632,1.0763002857258877,Normal
0.6835426574555945,udp,ssh,RSTR,0.3178579930485417,-3.1355897943440354,-0.9572039548318843,1.7157786536236572,3.9701195049131215,1.2528405998208945,R2L
0.7304226547238875,tcp,ssh,S0,1.6904366427385065,0.04051855450140857,-1.5504496097107494,4.172571596441475,-1.3625315633418165,-1.512557891255189,DOS
-1.3029415025895836,icmp,ftp,RSTR,-0.307784781473759,0.8349206132222589,1.63211828819682,2.474733859036455,-3.3177073127127747,-1.3629521082075944,Normal
-0.14368995280459385,icmp,dns,RSTO,-2.762231005812044,-2.3669946444978844,0.5739253381216805,3.7735240311633076,-1.8925662858060233,1.8823944430851443,R2L
0.024883847148558846,tcp,dns,SF,-1.8207998647411976,2.0144250411619966,-1.1170097709017863,2.7463883550046706,-0.8288008517871243,-2.1185488235570125,Normal
-2.7223246633516656,tcp,ftp,RSTR,-0.711727382236127,-0.13431617071893706,1.0308416702614172,-0.5208143381768575,2.3959640673500546,-0.5683133050433435,R2L
-2.9135076092877314,udp,ssh,REJ,1.7927936018411317,-4.9998109848083025,2.6190781788452435,0.8292494538752633,-0.6059989538796063,2.0501212665972925,R2L
-0.8033799085826865,udp,dns,S0,-0.5333644709764525,-0.17991147139888997,-0.24367527290092972,2.140145471874176,-1.114033990386283,0.8572722153760239,DOS
2.752134267898766,udp,ssh,SF,0.9967047983272576,-1.8081294184543464,-0.39544962512457105,-0.7796300562727149,0.34178698137562313,1.011743505744543,Normal
-1.122347063127536,udp,ftp,RSTR,-1.6555159696941582,1.628086608863773,2.4251646096848742,-0.9371673659147927,1.1945236955176675,-3.2616462291125146,R2L
-0.09223178915103525,icmp,ssh,REJ,1.1484770895909229,0.5224352997001852,1.009464181572975,-3.5719928569755655,2.522488841400447,-1.8650635766685224,Probe
0.05469454326031542,tcp,ssh,RSTR,-0.9982844044200274,2.803366858754164,-1.234829128596905,0.036900248127305454,-0.6357494089632828,0.018746159189969025,R2L
-0.636088603284809,udp,http,RSTO,-0.5520277637542481,2.1709011042704094,-1.2925439578193876,-1.4471175495409505,1.705881818906135,0.06175942486288255,Normal
-2.2807229244108296,tcp,ftp,S0,-0.5705199708678435,-2.354419656459657,1.588404914322315,1.4803314095580642,-1.0479636684113807,0.6666735151553471,DOS
-2.847079441733011,udp,smtp,RSTO,0.42848818051308135,0.5510705674830605,-1.9939863421300394,0.021476710277958166,-0.9700301309377575,4.024134076469874,Normal
-0.7003108148957314,udp,ssh,RSTO,1.7585391752010262,-2.0960931271565055,0.5245587971058523,1.6163282593791366,-2.1353537007884773,1.5449007569004625,R2L
-2.393747189588664,udp,http,SF,1.0894350484697686,-3.9452687760557863,2.5890608694539097,2.6905177171723964,-1.9570724330989546,0.09698908770249848,DOS
0.6091608961441728,icmp,dns,SF,1.6180745619294463,5.030041403736911,1.2072459172660794,-8.370390453484639,4.960512275959566,-2.785987342206541,DOS
-1.5167633486112988,tcp,ftp,RSTO,-0.872138341840188,-3.5274858482096754,1.932450255627753,-3.1595979604213835,0.5991657103522764,3.471776780725102,R2L
-0.45488142669870024,icmp,dns,RSTO,-3.706160012342233,-0.9290754973226037,2.158582784810002,-1.211581223501351,0.18997824186983658,1.9725553352421872,DOS
1.7732551748590484,udp,ftp,RSTR,0.7133858698816129,1.5264778058191235,-3.9956668496969434,2.6602696539748667,-1.5810123327214773,0.7713028262384232,DOS
2.7830856733978795,udp,dns,RSTO,0.8770399752423038,-4.32976711950469,-1.353460181937352,2.0963951441012374,-0.40918230531343025,3.821072741895565,Normal
-0.37300400929482125,tcp,dns,S0,-0.6326664196112572,0.8408044794944979,-0.5612984769137312,1.3269720093259203,0.47269273451497373,-0.2543907230798288,R2L
1.3974715519568701,tcp,ftp,RSTO,1.8087344951588027,-2.630018024334963,-0.4072652860459305,-2.044144490013411,0.38303578366226176,3.1838166928891356,Normal
-2.296044808988351,tcp,http,RSTO,0.6937892161525183,-5.273771436541603,2.3198188047071664,-2.8595587894068464,1.1489792923369744,3.696427809945269,R2L
1.2748422631021685,icmp,ftp,SF,-1.5821881549900108,4.1337353763016536,-1.1461197447065739,0.471951501680664,-2.0330834002895743,-1.2730270539639412,Normal
-2.3475162609483453,tcp,smtp,RSTO,0.0435163140000554,-1.1419884318969076,0.3669268281371758,-2.207366181308477,1.5210234918955325,2.1494297235703597,R2L
-3.462332583068862,icmp,dns,SF,1.9275293419612098,-5.101872364218898,0.6550110737281012,1.9528774443736723,-0.31483709613480637,3.171345911593493,Probe
-1.5037564902670444,udp,ssh,S0,-2.1909089743261734,2.284947278605416,-2.788075215270818,1.6604882765030877,2.4931936627696762,0.41441712139990294,R2L
-0.83163331425456,icmp,http,S0,2.1969189191439753,-4.134919645533166,1.6020603079683156,1.6934903192998154,-0.9911417977894796,2.135667122311527,R2L
4.610822607762747,udp,ftp,SF,1.4340170069121125,2.677110345160678,-4.215085645041977,1.8371418346461554,0.38860623248285253,-0.9799080829071616,Normal
1.9389495231671288,tcp,ftp,RSTR,1.9707350144135267,-0.25454788248224847,-2.951798389758207,2.2018084066335106,0.9915343069949657,-0.32456698419196095,DOS
-1.5637111123512861,tcp,dns,RSTO,1.0052874412360286,-3.935763613674239,0.4323371034940512,1.3143926354851103,-0.07586839700572567,2.2511749524595532,Probe
-2.18499603077936,icmp,dns,RSTR,0.819786152629838,0.151945366153613,2.412920251173458,2.248395042966774,-3.8393405138861687,-2.035611972281092,Normal
-1.6941147356276858,udp,smtp,RSTO,0.09222202558178627,0.4023212608489503,-2.2525716500520776,-1.4010223280007899,-0.005155103997326771,4.3749930232775895,Normal
0.12351804376487974,tcp,ftp,S0,-0.41730040516632494,-1.8427609876209914,0.7548790172357012,-0.7501791873179582,0.17535915577772765,1.309825511971852,Probe
0.2400026203292911,udp,dns,S0,0.03895765462083767,-0.9799427257541542,0.22017410924190228,3.2081233615463254,-2.5735465377868065,0.517242380034212,R2L
-1.9540794541240567,udp,ftp,REJ,0.7010474763329755,-0.09064859186194346,-0.04419312729417513,4.756334057064126,-3.5446598368763085,-1.5609001684992534,DOS
1.4992552563669403,icmp,http,RSTR,2.4499740613194456,-1.309093128104415,-0.9945381686995165,-1.436358314898826,-0.2450241672298764,1.7444902508258782,Normal
-2.3831368468042697,tcp,ftp,RSTR,-0.7668369799914965,-1.7756758751469106,-1.5050153405764557,0.876368847816944,5.779456410113937,1.0875309151452341,R2L
1.32004351904889,udp,http,RSTO,-1.27846723667661,-0.8868706743376543,2.386539439161324,-2.4203866963000618,-1.2059661144852294,1.1095294762756827,Probe
0.2383813902264229,udp,dns,RSTR,1.3820255147240277,2.474021861639123,-0.16011302725554577,-2.235357308649733,1.0925829210375182,-2.4836641022452355,Probe
-1.2734853989547412,udp,ssh,SF,0.6480082858878582,-2.7398677534170175,1.3433443328913355,-0.5695208119095359,1.054724374024114,-0.07102427444367532,Probe
-2.9212402586804336,icmp,http,S0,-2.884483283150817,-1.2994555611500076,0.2273238579569612,0.8231057743333087,-0.12010367007030454,3.808966731603266,Normal
-4.622048741613722,udp,ftp,REJ,0.37988904946714097,-2.3243629630795795,1.5532488704440526,-2.4893139093754284,4.798185820899387,0.6334278960739075,R2L
-0.1758494974177992,udp,http,RSTR,-0.44497342066884893,2.4831753197505435,-0.35002103278471486,2.100198487983088,-1.9828256466636658,-1.1368843760495468,R2L
-2.0691076869744713,udp,ssh,SF,-1.031453312041652,0.46816532441572484,1.3731577067490863,3.8258109910823075,-3.691216755189621,-1.5664798137797074,DOS
-1.4979790984215733,udp,http,RSTO,-1.4301698093704893,1.1448847855499742,0.23100869066137597,1.1127831854958095,-1.7111336561674222,-0.2066972117002821,Normal
-0.3756042513332051,udp,dns,RSTO,-0.7352806721175449,-0.8068910439035257,1.340919947424249,-1.158043452550569,-1.2525999533388603,0.3457781306829206,R2L
0.11006351449298912,tcp,ssh,RSTO,-3.998060953351597,4.131426181115148,-2.83925315787719,-0.2105290194041979,-0.051559987612381675,1.4537678769900428,Normal
-0.6762233874191028,udp,ftp,SF,2.059482386429052,-1.1559759631743507,-2.1237431569030614,0.10809105109598365,-0.3764619478152751,2.8772200339407767,Normal
2.0566787013968204,icmp,http,RSTO,-1.1534592100800043,-0.40997114741239515,-1.2303012820679802,1.2251399302676589,-2.307668032575295,2.131196537363063,Normal
-0.6358915407451511,udp,ftp,RSTO,-2.494882644414621,-0.4475145989288087,2.757472263182998,-0.9152796691832946,-1.139841488168432,-0.5751524469914544,R2L
3.410937409634506,tcp,dns,RSTO,1.220971947447032,-5.458238831733739,-2.566995009641107,4.242572865342549,-1.507512302328551,4.579021212315007,Normal
-2.1530782568601925,tcp,dns,SF,-0.879385962876415,-0.7661596834939742,1.6364308731140889,1.2151198340895357,-1.4155887776709015,-0.008534544697412993,DOS
-0.4561253428606331,tcp,http,SF,0.031553852343665145,2.5067993596233964,0.438660658864098,-0.3960768921652714,1.1882717047578935,-2.497385416804198,DOS
-0.18007899097974867,icmp,dns,RSTO,-0.5230392949081637,4.615115735122157,-2.3546851880174264,0.3774704636895717,0.10297247956586619,-2.1324743326309306,Normal
-2.3852608922325835,udp,dns,REJ,2.8796086760999664,-2.4530035382819615,1.251845482666498,1.2023389695378295,1.3988661423191786,-1.8265590979850845,R2L
0.06916712599307306,tcp,ftp,S0,0.7488018239368133,-4.354910749398834,2.215672595694974,-0.49459687435165633,1.2994109347255742,0.13633229597342134,Probe
-0.6568581916394294,icmp,http,S0,3.4577163484393187,0.29289760661927056,-0.16027262537089404,-3.6682731224545044,-0.6975108664281846,0.857941903282014,Normal
-2.4859398918055713,udp,ssh,S0,-2.182748290258628,-2.101970430218518,0.2746592324243736,2.802132116516909,1.1748990816596252,1.3391137602743097,R2L
-1.313783153634764,icmp,ssh,RSTR,1.7458054708888784,-1.9193159478383115,0.3625217591897928,0.19802200264859532,-0.09097507466479293,1.52190012591485,DOS
-1.4280130312356263,tcp,http,RSTO,-5.4012975895014215,0.7602129955015265,-1.4252405487126758,-0.2533023765899061,1.2956037935775675,3.5381642925782675,Normal
-1.8837600288301006,tcp,smtp,RSTO,2.567345173525525,-1.6385115705991968,-0.32164735618939755,0.2834527937926477,0.6295696511612147,0.3405629788437602,Probe
2.6572316662467066,udp,ftp,S0,-1.221476818244513,2.695993767624967,-1.3104683517168454,-0.6841513730100632,-0.7407960248016162,-0.07025427211599244,Normal
-0.11780612125522816,icmp,http,RSTR,0.6419533929869352,-2.7367325556685773,0.7516207965403279,-2.125115553843984,0.9517883872558028,2.341584111788818,DOS
-2.410962231170807,udp,smtp,RSTO,0.8163280754801691,-2.1253042579477968,-0.3013468161942665,2.1910313507014347,-1.0425014172397025,1.6426718612443123,Probe
-2.1189648706363364,udp,smtp,REJ,-1.0273432718981395,-2.458696528890329,-1.2137220504847024,3.817463326122903,0.37801842887739623,4.0799640973908655,Normal
1.302003976872438,udp,ftp,RSTO,3.8350348683058306,-7.780973525623728,3.2455731630257545,-1.29342032871115,0.80789736263458,1.8013364915258954,R2L
2.135403564090395,udp,smtp,RSTR,2.5226043943294925,-1.6165574622924475,-0.8821410153598354,2.745422423052666,-1.9427995610458844,-0.19596025291220254,DOS
0.004995708614092265,icmp,dns,RSTO,-1.289314634212069,1.8693912098609722,0.8479832342195536,0.7070377040802649,-1.3650327315450028,-2.0273012121853444,Probe
0.1790597752072448,udp,ssh,RSTR,-2.597077658999745,1.3664205734152672,-1.2993856768716883,-0.041458377300409514,1.8713793293247563,0.306024959560945,DOS
-4.827843698599015,udp,smtp,SF,-1.4856593152600506,-3.6307564922510283,1.0725062985946296,-0.6616737056115876,2.624053404073089,3.066120164395819,R2L
-3.432169972745579,tcp,smtp,RSTR,-0.5119493373252665,0.19483305501053996,0.6360637435323775,0.8448572880509018,-2.1737874936665302,1.0542075277076148,Normal
0.9746004206029459,tcp,dns,SF,-3.201087325022708,-3.1712556663541127,1.3521365320244694,-1.2695335280626656,0.5867173368636067,4.221817129657637,DOS
4.407747014712379,tcp,smtp,SF,1.2687628693395938,2.024143737490031,-3.0951557670329146,-4.25217242701785,4.341836026902753,0.09792564541667748,DOS
0.37218888968147046,udp,ftp,SF,-1.2086138662903125,-4.278168518956972,0.8783807115861468,2.8147281057161186,0.3860360212390519,1.7892565853411777,R2L
0.669309461845675,icmp,ftp,REJ,0.9394731219505299,-2.3197943053030365,2.047981218490838,-3.843521116351597,1.8889966869740311,0.2975665466651187,Probe
-0.7237242670760118,tcp,ftp,REJ,1.6893970403817713,-3.1628513288779554,0.8912735372260686,1.5452975791151953,-1.5397660699130356,1.1489895056122255,DOS
-1.12953453867995,udp,dns,S0,0.5660465534147097,3.5093529012285627,-2.4669025870098373,-0.06266726000814701,-2.1739419924581096,0.6204324165949975,Normal
-1.8868763352614826,udp,ssh,S0,-1.0220239709079344,3.708323640890997,0.5250532389807556,-3.7763838623137915,2.5116029113266105,-1.1571617697543932,DOS
-0.3479369947088202,icmp,ftp,RSTO,-0.9380609413018232,2.7373575088450743,-0.8793228878699626,0.6914161554957675,0.23889682823475233,-1.5885746320639447,Probe
-1.1082803154971244,tcp,http,REJ,1.0420713769766141,-1.7392436385288859,0.39086932741249913,-0.14931493639551757,0.1728940442091994,0.44571250860556244,Probe
-3.8475200914640366,icmp,ssh,RSTO,0.05381458634496994,-1.6611058199822817,1.6468904617083624,1.3458575602654848,-1.4218197156501233,2.043938261640504,DOS
-0.6741475832916766,icmp,ftp,RSTR,-1.6254544250298824,-2.4082646852974587,1.1013888193914596,-0.10560944161599992,0.21336508795632425,2.8547793186298254,DOS
-1.4301848055226425,udp,ssh,RSTR,-0.5703612289773757,0.6386785362204116,0.3752723014731125,4.098910823055995,-2.2472990483325375,-1.8704856741770852,Normal
-1.4956138322665475,icmp,ftp,REJ,0.3739982285290373,1.0697207660493886,1.469703588930892,3.447351220389194,-3.467164646977306,-3.4274772296686526,Normal
-2.6660884256562674,icmp,ssh,RSTO,0.24052697600139994,0.8993246892172423,-0.2538119681515236,4.39510732236058,-3.3735132003778103,-0.539691159643271,DOS
-4.269099595094363,udp,http,SF,-2.1932722238782985,-0.037989120423274424,1.0377146505945305,1.6900253513784211,2.665010884715036,-0.6916742311714976,R2L
-1.2281816230318177,udp,ftp,S0,-0.4024740188155581,-1.8294976474063989,1.1156026622951374,-3.8000038501774545,2.506930188833497,2.53440149225942,DOS
1.7107676139313994,tcp,dns,RSTR,3.016307209259527,-3.18367261090523,-1.071936630322129,0.5639551644022338,-2.8645831406141644,3.941387187809854,Normal
0.24252334075257287,icmp,http,RSTO,-1.5033683161616445,0.5601930301834097,1.2531595546487775,0.38736188607865857,-1.58535843176579,-0.3546445793762404,Probe
1.1381688189949988,icmp,smtp,S0,-3.0531418403134256,2.6561379315763167,-0.2791114591741526,0.10278240008167551,-1.0446023813958794,-0.7472136700466445,Normal
0.622655323415602,icmp,smtp,RSTR,1.6191954873523047,-1.5251249233697661,2.7058292655882363,-7.401388531155949,4.710236498850091,-1.3328717565062993,Probe
3.180177459436671,icmp,http,REJ,-2.8108123786934316,-1.1913795487168195,1.357086594663726,0.06073568915243723,-3.4243848646265636,3.033451600465404,Probe
1.2730122173157177,udp,http,REJ,0.9416803252818889,-0.28897800806236656,0.47191349483287626,-5.296994321064869,3.747260651002669,0.8290621369380768,DOS
2.663144309327552,tcp,ssh,REJ,-0.0007693392503537178,1.3834522703125072,0.5439035760992168,-2.4133152632559973,-2.2205983854078375,-0.22644287367798432,Probe
-1.894477025360809,icmp,http,SF,0.3855503483335363,-1.5423083189627151,1.1917696161459361,4.4418619060806686,-3.498066152896937,-0.9840538831448007,DOS
-0.3566185736347627,icmp,smtp,S0,2.4226428637378157,1.4147090251480812,-1.4806173302998478,-1.8701239468998545,0.2722361447894115,-0.3319499909688124,Normal
-0.9344871212420671,udp,smtp,S0,-0.042007560610340056,0.8667977067880789,-1.0464738214896532,1.6338639143974176,1.1343529268720305,-1.0417546897678718,DOS
1.2214563195159212,udp,smtp,RSTR,0.13047533546971268,3.176798440087271,-2.651172859798738,1.48871129425569,-0.7720083868863973,-1.6158445995057886,Normal
-1.2980395701070757,tcp,ftp,REJ,-0.1738234815955202,-3.51767096932507,0.1924594156161339,1.959084607791556,-0.1932080703322503,1.9345234329029757,Probe
1.3969886565820697,tcp,ssh,SF,1.2283527987090181,-1.054308084438962,-2.709305622046327,2.1472334930723864,-1.77921934460197,2.342712854028198,Normal
-0.7815759984462765,tcp,http,RSTR,1.02661530780528,1.5932240253705279,0.5265022460871835,-7.873297507944884,4.057849778100678,-0.011754326686379102,Probe
-0.4840787301194963,tcp,ssh,RSTO,-3.086388335476363,-1.3096043177970516,1.31066306693558,-4.449427736744631,2.606487567914212,3.3351276647260946,DOS
-2.9980153159344076,tcp,dns,S0,1.3993507693785223,-4.998426785128701,2.6213927712401355,-4.32554059582947,1.800497848723329,3.5809638489925844,R2L
-0.7671313056348898,tcp,ftp,RSTR,-1.301618651589512,-2.280900978103145,1.6528727992226286,-0.44066663782534143,-0.6483036905322621,1.4189644785608397,DOS
-0.03979117736503546,icmp,http,RSTR,0.8234316620796804,-0.77450092712474,0.16859787272488658,-1.6631316636725288,-0.4746994244378009,2.2775250855704554,R2L
1.4625067692501705,udp,ftp,RSTR,1.2600904245934679,2.7093665061299714,-1.6803750466644725,-0.5084947603087637,-0.9193053023668804,-0.9281184085679959,Normal
1.2736651988231689,udp,ftp,SF,2.172659278988239,-0.743078382305951,-1.308230037044442,-0.293236967954079,-0.9684436317933733,2.1883244230181873,Normal
-0.05565251799684723,tcp,dns,SF,-1.1179150609860988,3.370242305125425,1.9977283513355504,-5.2730112645729275,2.217249518646545,-1.4342130596883027,DOS
0.4603664079951021,udp,dns,REJ,-1.5708264412632595,2.428691642248782,-0.5078310327768076,-1.420605850651946,0.6929811759835127,-0.007714287285894406,Probe
-0.8431848122304759,tcp,ftp,S0,0.5057332747241565,1.3818768120147489,0.5308042074446482,-3.636877217887573,0.6845993785788504,1.0449227703733188,Normal
1.4663455710504198,tcp,ssh,RSTO,-0.16872769188211922,1.3830578594938916,1.2555747489751476,-7.0241184788858115,2.5757053911402905,-0.2810939183294381,R2L
-0.8477984458380063,tcp,dns,SF,-0.6445114266473868,-4.307690504303139,3.0382554889430597,-0.8031025506900704,0.10269094440447635,2.3207599526224225,DOS
-0.7674096782734945,icmp,ftp,RSTR,-1.2088835971729,-2.513636276410091,2.1621599669148193,-1.8721645756064154,0.656611044601972,2.8126758030396974,DOS
-4.682690200988899,udp,ssh,RSTO,-0.23866641800743638,-0.9818978501577381,1.2158843957416585,2.0687351362630007,-2.286378873236963,0.6127752850323716,Normal
-1.2527318574129407,icmp,ftp,REJ,-2.2576791574249606,-0.39756165226372425,2.1257910209600803,-2.042180635891284,0.34215379850440675,0.8352590888848752,Normal
-1.2078035301823429,icmp,ftp,REJ,4.1375954112429945,-5.580373042176486,1.9433316982019637,-1.2240801246766517,0.4028834012443867,2.092422108257938,R2L
-1.5968649451432952,icmp,ftp,RSTO,-1.4782075593425583,-3.1540337995372476,0.8663424816587366,1.5585991931706178,0.8452923158332272,2.4799526264803715,R2L
0.20925251036628512,udp,ssh,SF,1.3161047596499196,1.681527919824177,-1.8198231772836957,-0.1736633557960048,-0.4461308200150591,0.4784885056563457,DOS
0.5310376767862929,tcp,ftp,S0,-0.3995463364844314,-1.851456692933214,-0.23781145539576365,0.5614981285305432,-0.45983118419713953,2.9974543365105832,Normal
-1.0253737771384608,udp,smtp,RSTR,0.740119648900778,4.1721905333437785,-1.2837301945581223,-0.03619297253448058,0.753409892977783,-4.10170391786893,Probe
1.593748917426115,icmp,http,SF,-1.65974866176128,-0.06842090291774297,1.4187836529990994,-0.6125719742420287,-2.1930924888029226,0.8493193194421622,Probe
-3.7901630479593176,tcp,smtp,RSTR,-1.1832083208244921,-0.3754171554366031,1.9037553390425992,6.733781613295979,-5.1711227969001285,-2.236641017852842,DOS
-0.8981474819973346,udp,ftp,S0,2.1103871284560975,-6.655513372235528,3.1090231014141314,-2.2768597913922917,1.0241165207420262,2.531514426653877,Probe
-2.7724109098833867,tcp,dns,REJ,-2.564615456140806,5.419314686087486,-0.6687613220391002,-1.0408250452671781,1.449385814882957,-1.4862156562043665,Probe
0.15869858477910337,tcp,http,RSTR,0.4265119138952551,1.5498414274148897,-1.842574102389265,-0.5626372105423364,-0.8271324241885478,1.8205949295114618,Normal
-0.009410502725730518,tcp,ssh,SF,0.14360788616433906,-0.3504309887572701,-0.28967374997207096,1.1915807909320475,-1.1209027285829816,0.29066771301851146,DOS
0.647500173898685,tcp,smtp,RSTO,-2.7505306494785486,-1.8333908945476334,-0.4249603366933512,6.257026105383168,0.8879202329490707,-0.6724154252028001,R2L
2.8223670971896353,udp,dns,RSTR,-0.9190232778370728,3.2312391460675705,-2.258092622291111,0.21665980651861075,-0.7989957002979103,0.3094389094558059,Normal
0.1592572305954476,icmp,ftp,S0,-0.0041934109458230395,-6.315786884517087,2.5126492676794747,1.3474875255441714,1.1157518424169532,0.7215339557560015,Probe
-3.337022452756596,tcp,ssh,RSTO,-2.3179726876168214,-0.46419903823308867,1.0191414532969931,2.4136874968456357,-1.2524663714275084,-0.5542122285402897,Normal
0.5840303305762691,icmp,http,S0,0.782245437985994,-2.384512550082828,1.311228313738611,-5.014996454770799,2.809428795786329,1.541515416649969,Probe
-0.1826489192755072,icmp,ftp,REJ,-0.0366405357336852,-1.228107136514148,0.8643382777692185,-0.21241872214695093,-1.2965974335928738,1.6434986926149384,R2L
0.7673134964395705,udp,ftp,RSTR,-0.5166640266557997,1.0912403609643928,-0.02880668488173621,2.6802567578580807,-1.6033853243073182,-2.0381440893659253,Normal
2.9361054285724726,icmp,ssh,RSTR,-1.0494651305084073,2.049385699050734,-2.927930734708161,4.648314009456519,-2.785772267941617,-0.23055564724211597,Normal
-0.9040124826054616,udp,dns,RSTR,4.137711662990179,1.459872844651509,-0.8241149082587793,-3.184767950342984,-1.334468487887728,0.4564841298385762,Normal
-0.16424797699452642,icmp,ssh,RSTR,-0.14720733533275987,3.182428718111147,2.0008527812560697,-5.372942781303968,3.3344004257751987,-2.22372654069713,DOS
0.9257922989117898,tcp,dns,SF,-0.14288793026472058,0.6950666103994693,-2.8331723649944527,3.3502522080489197,-1.6805733349777876,1.4524168515806435,R2L
-0.5682736833063793,icmp,http,RSTO,0.8521174616630689,1.637175863281153,0.6468790492657006,1.369413008297475,-3.0770592936702084,-1.8007776230608208,Normal
2.3047366943030876,icmp,smtp,REJ,1.430096482026748,-0.49790246203887983,-0.3168704558104227,1.3889490851013537,-1.8378519572158878,-0.2627464786893594,R2L
-1.5545555601393843,icmp,ssh,S0,-1.2731208574079462,-5.255363155609672,4.581922323807163,-3.2627966179948538,1.2693715945704351,2.8691666615927174,DOS
-0.7451662156608976,tcp,ssh,RSTR,2.486944087584914,-3.467945202250936,0.8172666642294859,1.2544287442422695,-2.233022921106473,2.1380980884930705,R2L
-2.511864079216542,tcp,ftp,RSTO,-2.3662493850676416,0.06958635237273884,1.560210175424547,5.541552325271752,-1.8908575984474623,-2.2922892672188437,DOS
3.5518041939128313,tcp,ftp,S0,1.5600166020593702,2.426130346525523,0.2972609678309861,-3.7749533547411436,-0.3178911397772346,-0.9380770596934227,DOS
3.986065000007172,tcp,ftp,SF,-0.43840260017094757,5.196410372593414,-4.012370809769884,-4.2257726550922365,1.1471272720412191,0.8784939141123542,DOS
1.9503891026888263,udp,http,RSTO,0.1696037185928284,-2.354070302886517,-0.25104270673444784,1.7241299099538445,-2.0672134254737196,2.698794446757076,R2L
2.29065511205647,icmp,ftp,S0,-1.718116525120621,-2.29150136294312,3.5727647727125027,-1.1802094200490085,-2.5066704213904156,0.44972147781924465,Probe
2.127730486067361,tcp,dns,SF,-0.8124044185434541,1.9991742612175358,-0.6924557575417043,-0.915141692318808,-1.8807254517431193,0.663978807151645,Probe
-1.804147853883689,icmp,ftp,SF,-0.7225991744243895,-5.918740573173428,4.346028259731213,-3.0495662094508273,1.7836954476803504,3.405899563699231,DOS
-0.4733755198483697,tcp,ssh,RSTR,0.6982922657869115,2.179206289250358,-0.8607467054035958,-0.5908158868454682,-0.9453212528059042,0.42987313660039583,DOS
-0.03536121499415268,icmp,http,S0,-0.30178102690796693,0.6512424372562332,-0.8022477560231096,3.0049668222590116,-1.1266267800827325,-0.8319249880608515,Normal
-1.524848651591824,tcp,http,REJ,1.684951770335439,-4.638963875996972,2.5700762330748845,0.5274380744175807,-1.9380199155386026,1.7000646735404654,R2L
-0.5276780865659091,tcp,ftp,SF,-0.6399350626097025,-2.4522859713294984,0.9220475151073714,-1.7860676255762171,0.6961126379986378,3.385125879445176,DOS
-0.6039709030182321,tcp,ftp,SF,0.5958080931077828,0.16314698329219224,-0.43448906429983647,-1.0060276340356824,0.8175944153918127,0.5151872129947275,Probe
-0.9859386803982688,tcp,http,RSTO,3.1866292740517053,-1.8128844743621364,1.5770914212675466,-5.707499316246638,3.321213382358583,0.1829741147843449,Probe
1.0593671213758786,udp,dns,RSTO,-1.2812514114274918,-0.8287925368403705,-0.16339670140648854,1.4190632609002187,-1.5856218944112621,1.7570074347302869,DOS
-1.7791825898527307,icmp,smtp,S0,0.6470868452205849,5.290863027863611,-0.16607018860461364,-1.3422725126300905,-0.008194878627281299,-4.803566879996165,Probe
1.3518608139490156,udp,ssh,S0,-2.0244663153783655,0.8389574321392782,-1.2195429528029078,3.7131654130450262,-0.937586171378534,-0.43401458242401036,Probe
-2.619591540400312,icmp,http,REJ,-1.1597902510981508,-4.905166765882659,2.2433195063734983,0.6115903611080865,2.2854936361716325,2.0713675266705263,R2L
2.914018547962701,icmp,http,S0,-0.9274443695640788,0.9416391342591723,1.3685758317072838,-3.644893793247269,1.436520983952084,-2.208445935559676,Probe
1.941707559547929,tcp,ssh,RSTR,-2.2830108947613414,3.0464882671446305,-2.9347477526593897,-0.19006839071396686,0.29214792831325576,1.6853375377359598,Normal
-0.9693706948332228,icmp,http,SF,-2.332900760978587,3.201173355699184,-2.8211158143828907,-2.1666305731634146,0.011706283489071101,3.073559081060219,Normal
-0.3572955328545213,udp,smtp,SF,-1.9098493774161596,1.72056350300969,-1.0238471491095393,-1.7786034230347854,1.116024999339647,1.157967376885248,DOS
-1.3679718400506466,udp,dns,REJ,0.9169070939806859,-0.5715668400429766,0.4255178684683325,-1.5041864612416387,0.28829409961620867,1.718904259474189,R2L
-0.8145244637847573,icmp,ssh,REJ,-2.192292078436724,1.7264010871891753,-1.6619877359039135,0.6350952065345432,-0.4956977680955088,2.3448178747965582,Normal
1.0071332652442235,icmp,http,SF,2.066433191116107,-0.7955129490499242,-0.46319301519972544,0.017030039897008485,-1.9231587340319152,1.0802033145935845,DOS
-2.7261225963433495,udp,smtp,SF,-0.028147029254955935,-5.217608647844095,1.0740889735314878,1.9314675718140335,-0.9078082584819398,3.7207222366085424,Probe
-3.870268578967184,icmp,smtp,REJ,-0.7681888473933325,-3.0055853622119337,3.2525452124039913,4.489677887396481,-2.824141112409122,-0.11488351505637162,DOS
0.528195270560977,icmp,ftp,RSTO,-1.9894960831665642,2.730787671219529,-2.8435427397604864,2.269592289216209,1.789674806963803,-0.43658355660888426,Probe
2.4727381787838683,tcp,http,S0,-1.1978115771020201,-1.3013844096978169,-2.01224202132373,3.4333409526707173,-0.7440541302259855,1.5684026037648615,Normal
-1.44727961766075,icmp,smtp,RSTR,0.8771046512572719,-3.703238841631758,1.251556579060136,-2.9378592125743856,0.7712975143199333,3.2835833309383573,Probe
0.2195555701037022,tcp,ftp,RSTO,-1.1611157397920362,0.9498279680630033,1.0102401522044908,-4.642176574005825,1.4227248662307557,0.6813870979625882,Probe
-1.064788096502703,tcp,dns,SF,1.424391325070614,-3.9196435735185347,1.1459751279602342,-3.5621261999725595,1.8573612872388365,3.874064584662149,R2L
-1.4019711036217823,icmp,dns,RSTO,2.2297659233993263,1.1651384972331262,1.0353047389481884,0.8748967778790021,-3.8717858811215233,-0.6649212018863504,Normal
-0.7156616573006465,tcp,smtp,RSTR,-0.5946231849695425,-0.9809629196369789,0.932989550091499,-0.8907160843455614,-0.8996009536896379,0.9485748250195014,R2L
-2.7573972256903687,tcp,http,RSTR,-1.6853445860081837,4.1037820202625115,-1.5393637617977158,6.515281070853198,-4.666256321222482,-2.4058770715803726,DOS
4.4093341370797425,udp,smtp,SF,1.3705488147467855,1.7069346783656112,-3.4825056066968987,-1.620020538788884,0.08081150017918004,1.1870158972362148,DOS
0.9876068834903555,icmp,http,RSTR,-1.0430541094618515,1.927602563743813,-1.7879135236786732,1.0769667534704364,-0.4752806008887891,-0.09279457655128032,Normal
1.2165113788876125,tcp,http,REJ,0.3281537800578058,1.3644255309783218,-1.7786004087984648,2.3971991115351026,0.9441919998596303,-1.8676946651854038,DOS
2.4431087408575687,tcp,smtp,RSTO,0.6282187054534308,1.6834980924617429,-1.2710014827906635,-2.2755660775019484,2.4110617894820816,-0.7529470354939539,DOS
-1.391357846249803,tcp,ssh,S0,-2.4925734857388715,0.7932626377090399,0.8505064475912363,1.4473141447748945,-1.391665725026881,-0.9534817322725346,Normal
-0.12601604969165847,tcp,dns,SF,2.0760342643080376,-6.733794283895009,2.0411850223670003,0.829604679708347,-0.15744215338709788,2.9871417435866814,R2L
-0.5425210663545711,icmp,http,S0,-1.2894295591638665,-3.8023783070032877,2.012954438120518,1.4378548465355985,-1.409101823273576,1.5419590068937858,DOS
-3.1839782649575876,icmp,ftp,RSTR,-1.2325594689953019,-1.446551489624779,1.616154851623839,0.3867220614355802,-1.302688643145993,1.5651200819349884,R2L
1.0471377445220686,udp,smtp,RSTR,0.022133167205874882,3.6064657957502853,-2.3607836451174506,1.4681434981353185,-1.7740288171898724,-0.327428536470159,Normal
-0.39616964002660215,icmp,smtp,SF,-0.0365665982683282,-1.1259911357031882,0.9288635754093338,-0.5809630509385137,-0.8507534876754352,1.4245517732348931,DOS
0.9267160264787383,tcp,ftp,RSTR,-0.39373444969209037,0.0009393932883515373,2.4498342697074316,-2.1392383818798435,-1.4082073500032926,-1.0973273326762136,Probe
0.39837166574051164,icmp,dns,SF,-3.2291621284236243,0.14807280643513726,-0.41240142759459997,3.594795686243239,0.03167604337119023,0.4428753321244272,Probe
-4.053776050831738,udp,smtp,REJ,2.568510357031193,-5.1672494010554475,0.5734226514961904,0.5797230779888981,0.6395523646297137,3.503948050008307,Probe
0.6220617489611491,icmp,http,RSTR,-2.8972192128982837,-2.4630638888628162,1.2514829549020823,-3.4944738152980928,2.832707854231731,3.5742692696804585,DOS
-1.3142992087506271,icmp,http,S0,-2.4799889264990234,1.3351297698620708,0.8695119087825969,2.8133382321787628,-2.3142314939526796,-0.9386723040549474,DOS
-2.651285550069285,icmp,http,RSTR,3.030640988488533,-3.3732659184063096,1.0750887924562131,-1.1620685977093272,1.361910958852079,0.9828031283273827,Probe
0.8628212994374209,tcp,http,RSTR,-2.100604931437439,-0.804607324456419,2.0555306361638537,0.8735673040679046,-0.5345359576051442,-1.2009674884960906,Probe
-1.6787544706113051,udp,dns,RSTR,0.7862427547691597,3.1142803234943806,-2.420717266500786,-0.05025400438108477,-1.6158895830641098,0.8447771836587894,Normal
0.1014891662423969,icmp,ssh,REJ,2.3920744169033474,-1.1845193368370206,-0.14007605939277823,3.940133660582952,0.859172212769175,-2.8767175448847273,DOS
1.1143962538828813,icmp,ftp,RSTR,-1.076540493674291,-2.0525973421558366,2.9009797067184295,1.1561241998095924,-0.9902716574832711,-2.216444754504899,Probe
0.49902123756630434,tcp,ssh,RSTR,-1.9100284680182344,-5.14111453299869,2.8247465210784055,-2.4785885106553702,1.318811068508797,3.4790153241895885,DOS
-0.47616809453385356,icmp,dns,RSTO,1.0382723062490897,-4.454986842749737,2.0610782403726593,-0.6935941544925102,1.1456493694122332,0.7299680757918565,Probe
5.4588665324484635,udp,dns,S0,2.176250685220573,-0.7546075979036644,-3.472774973207566,-0.38160344717448774,-0.4729954553371656,1.9468853862814943,DOS
0.7144767975197743,udp,ssh,RSTO,-1.7862100590348118,0.12722204626653402,-0.6907537634256564,3.0196892871539394,0.33131711681854625,-0.6798890783893232,Probe
-1.5959694031256753,icmp,ssh,RSTO,1.0720889169813597,-0.17341488189946774,0.5640922017550125,-5.87939572064475,3.0319256726116968,1.9398068120584782,Probe
0.7318485509808654,tcp,ssh,RSTR,-0.5353308324803414,-6.823010936139686,4.1104995926598225,-4.9138293337624805,3.39716181671447,2.4619918711146696,Probe
2.007171582274931,tcp,ssh,REJ,-0.9100914607177563,-2.831027607956725,4.602591015465778,-1.116835872413885,-3.164930601012749,-0.8941431984266542,Probe
-2.0054171051213983,tcp,dns,SF,-2.7844550949955305,-2.601958651674082,2.0880616553564986,1.7021011103295003,0.7001621823143925,0.7876634607399815,R2L
-0.5589663831655718,tcp,http,RSTO,3.326564776014412,-0.7831958977956053,1.1496429958599275,-6.109056859575782,-0.45616776211849686,1.7202797964825247,Normal
0.7892423840268152,tcp,smtp,RSTR,-1.7433888133276754,-1.5980261325579472,1.1143455859183242,-0.8508585416889625,0.004451913552384168,2.919955868384051,DOS
-0.00905378946103319,udp,http,RSTO,0.006884370119383809,2.536963105822977,-0.38608316111024,-0.43445463833602216,-1.097214335010138,-1.1545472028889279,R2L
-1.9303157422239852,icmp,ssh,REJ,-1.9546608958822707,1.4169153447582756,1.3100559312270503,0.9258125990065306,-2.5219033638236303,-0.7593669407975132,Normal
4.983495167747114,tcp,smtp,REJ,3.679623666370151,-1.455944004740515,-2.256645801599471,-1.0235672007275394,3.902362606377096,-0.9016222764069809,DOS
2.470293882937089,icmp,http,SF,-1.0942135665543564,1.8718066923281806,-2.4017753514530344,1.9037770060989743,0.09954962854455762,-0.13975596958732628,Normal
-0.7660918915206586,udp,ssh,RSTR,0.1061346148892014,-4.67487688139845,0.7956203644346467,2.363799898118077,-0.6580772521018721,2.556439249846398,Probe
2.933101163557236,icmp,http,RSTO,1.7624256292469442,-3.5059444092232743,0.8922139499817848,-1.790981928660486,0.20090082306603252,1.6661548717972026,R2L
1.672362507036464,tcp,http,REJ,1.959809775933008,-0.3834418730435936,0.6322762220160807,-3.3476980269436263,-0.9540859565916314,0.6705724586453551,Normal
3.781230298403128,udp,http,RSTR,3.08352935314684,-2.9798866663148,-0.15910094616736137,2.2664371154655445,-1.847615433442099,-0.5939240595947506,R2L
-2.7112156184710905,icmp,ftp,RSTR,1.9414099686585664,-3.732004491152035,0.4109563933842797,2.9370719348138414,-0.1303841518061557,0.45747436867522373,Probe
-0.08326293849756028,icmp,http,RSTR,2.1634500485810184,-1.7033372533585465,-1.2737136313651252,-2.019438128667156,1.0237903949657836,2.183591723703704,Normal
0.9565773632968588,udp,smtp,SF,-0.6748543844621036,1.227767120032382,-1.6220910269832722,4.560709716679892,-2.1994409306020124,-1.2771786432373573,DOS
-0.9015091604318057,tcp,ftp,RSTO,1.3717728289060054,-2.992083884163522,1.2189269242820635,-0.9432587640680481,0.5538900743412594,0.9667317170601766,Probe
0.47192715370739813,udp,dns,RSTO,0.6254854566644154,2.272978210690527,-1.0520302037622882,1.1810113393701627,-1.981142661354358,-0.3354157708672052,R2L
-5.544691555606278,udp,http,RSTR,3.006132145246579,-3.208462460131311,2.5635871233774243,0.4476957743627683,-1.2666410440452265,2.2370494657671705,R2L
-1.5314830554779228,icmp,http,RSTR,-1.0951419880270785,-2.168399134837721,1.4661146517395958,-0.34419063942198297,0.21943552004427902,2.707047971990293,DOS
-0.9428901803472896,tcp,http,S0,-0.45830820988954124,0.21523156597370444,-0.9764145485696443,1.3036446413422313,1.7996132194966323,-0.20343543514135898,R2L
-0.6272924385077647,tcp,ssh,SF,-0.018493763620965997,1.4647120879109967,-3.581069658692141,-0.7109889831247335,0.25459613355922106,4.76558698769829,Normal
0.44335434781886907,tcp,dns,SF,0.5039975258955771,-4.040040685539692,1.0543606198232902,2.835256870531346,-2.089146464635363,2.282649430415147,R2L
-1.434791982169398,icmp,http,RSTR,-1.2578821410084189,4.495983585583377,-2.113984916688535,4.631390975298472,-3.4363382999078698,-2.016332567280623,DOS
-0.8470845775382836,udp,dns,SF,0.5485424605333697,-9.23558347964826,3.643344070936337,-1.5933843153413316,-1.8500933366021588,5.975354664455217,R2L
2.812943288365444,udp,ssh,REJ,0.27536211478637773,7.406223791448051,-2.4531447949859455,-7.132121483352445,1.1238453262269255,-0.25416028292322757,DOS
0.2268092448679806,udp,http,RSTO,1.4704388245714952,1.3270082640366154,-1.375355447664436,-0.5583883416671407,-1.1524994691476769,-0.16044216840753212,Normal
-1.52956118428364,icmp,dns,RSTR,-2.2596443986459427,-0.9057804698045219,2.36911331812413,0.4339067513114374,-1.3480096743551104,0.803252332430445,DOS
-1.1405456631982283,tcp,ssh,SF,0.013450200633164267,-3.8939792360873744,2.236549559246493,1.1937030505936466,-1.44005506143638,0.636872099214185,DOS
-0.40616925723109465,tcp,ftp,SF,-1.836978799029714,0.08111026833605024,-0.25400172607012883,3.171317824986802,1.6489304079414664,-1.772970099970787,Probe
-0.3685332910421465,tcp,http,REJ,0.5457687796510926,-2.50236594244423,1.0416766091680985,-1.7479633538086148,2.862573264365929,0.36646909332636957,R2L
-0.23424954743331838,icmp,dns,REJ,0.7007390363607884,2.713146157587015,-1.417697355065461,-1.9021071923568107,0.6089556168059918,-0.535819746114174,Probe
-2.947001996028746,udp,ssh,SF,-0.3278618266783214,-2.5464871103555593,-0.6329633403751285,-0.44336658328101997,2.7947027580737,3.462003196448215,R2L
2.2962563189106566,udp,dns,SF,-3.4314365504275712,2.238547065167779,-2.244177945102634,0.3692202005678552,1.0847818834916119,0.010474776345465786,Normal
-1.8561575359789235,tcp,http,RSTO,-0.9698954874393335,3.232406138763329,-0.6401963172307794,2.0528307070581517,0.6846975709671539,-3.453602921544843,Probe
2.056931604549546,icmp,dns,REJ,-1.3638707813742017,-0.032653257538102234,-0.5699108541808713,-0.4884395127139776,-1.8885450244100477,2.4596249922019693,R2L
5.380524747655997,udp,dns,SF,0.005437639682623008,-1.6048177106089545,-3.219104648470826,4.842625057536762,-0.0739561926206519,-0.2535995281566825,Normal
-3.7760620566548058,udp,ssh,S0,0.6970042479706104,-1.8937087336264449,2.2139150152201195,0.3319756376502908,0.9778333441717126,0.5390699494888025,R2L
-1.6849231776423568,tcp,dns,S0,0.5417089977782508,-1.414620352015982,1.041280746802059,2.377148575653547,-2.5322484930779883,-0.28200377747417504,DOS
3.346060994839207,icmp,http,RSTR,-1.3452616388119196,-2.427145634343307,-1.1486757916070924,2.477004462472439,-0.9028749396651709,1.7362561330856878,Normal
0.23718827873012427,tcp,ftp,S0,0.8791829107558415,-0.4701483244166515,1.0906304648519891,-6.586130676257936,3.3543322078575146,0.956042211691007,Probe
-1.9317590081299254,udp,http,RSTO,-0.4661543332231747,-3.173161021695528,1.8046796284304105,0.4482845387297499,-0.14488747007017977,1.8644664297656444,DOS
0.8900863756306441,udp,ssh,RSTO,-0.5282080208845676,-5.300873323071944,3.486085723889356,-2.64559466926951,1.3107240537498812,1.4107265097005264,Probe
-1.3947447595651656,udp,dns,S0,-1.6193586937271096,-2.7255744511571014,0.8747396103660405,2.2535469983295897,1.0135221573285444,0.7204914372857454,R2L
0.1573045116579297,tcp,ssh,SF,-0.6596332676703291,3.1550075689815436,-0.9567786472624507,0.8664827528669634,-0.6878869394340918,-2.104786954337246,Probe
-1.7388328734871161,udp,ssh,RSTR,-1.7149045302294348,5.727860350813629,-1.560957476269341,1.4647843967274887,-1.5869215618657515,-1.589237216097814,DOS
-1.9541679073794223,tcp,ftp,RSTR,1.2905943109489428,1.3517601161894983,-0.35345819478827734,-3.7013466222499822,2.032775532249377,0.30346803154136115,Probe
3.3167625389395172,udp,smtp,REJ,-1.8831685467870123,-3.333988458606637,1.354166604377839,3.490542219077784,-1.9552587388980989,0.12513978441205653,Probe
0.8236516906417048,icmp,http,REJ,-0.16197288126653575,0.28274932516673906,-1.4536054404547651,0.917877526513331,0.4466071403520909,0.2269977456585457,DOS
-0.09278422275986942,tcp,http,S0,-1.5708983533015481,3.5770228228095293,-2.4323662849170957,2.638682632444034,0.32661112905275713,-1.4159698188626655,Probe
6.878932502538964,tcp,http,RSTR,6.3876404315610396,-4.132894646827213,-1.7528813131319574,-1.217000915564198,0.5177571917887437,1.0741324896939783,DOS
1.676710053534237,udp,ssh,REJ,-1.1187634612052313,1.2700944180806188,-0.4871617262890551,0.16268410817171994,-1.260639124863184,0.2935534718688675,Probe
-2.5517448410573143,icmp,ftp,SF,3.443620302374852,-1.6572959725305458,1.2374692646234806,-6.038542723185607,2.5881247405245746,1.5960856647390047,Probe
1.3832613146343178,icmp,dns,S0,0.16681015243145336,1.2409660643261191,0.9866833967045208,-3.685688125805398,1.7467397189617708,-1.7387843192629444,Probe
-0.36883960400075466,tcp,dns,S0,-0.8784381593013034,2.986782825799021,0.6267142916499278,-2.335245780568611,-0.63810846228405,-0.8270688759841494,Probe
0.9497230578613267,icmp,smtp,S0,-0.6671221468764033,6.238926598534496,-3.0443591295011228,0.0101657895901043,-1.3311913410163778,-1.366146307621924,Probe
2.617841901868225,udp,http,RSTR,-0.41436287723241205,-3.4932500745500557,3.7358990467033033,1.424062632240192,-2.971372073745938,-2.0190234336588673,Probe
-0.13552164056007676,icmp,http,RSTO,1.8531510455095543,-0.21293357409844937,-0.503276322896022,-3.9529216559417897,1.2186480759441476,2.1585590908547454,Probe
0.37875594452760675,udp,dns,SF,-1.4335293813946668,1.3395852819651324,-0.22328813247236268,1.96928124197349,-1.3383578873854258,-0.7646891367654101,Normal
-0.28968797077024333,udp,dns,REJ,0.034387188992356155,2.887562894569204,-2.507476069960395,0.4992188373506752,0.6211035345626048,-0.555690525720073,DOS
1.2705529791827945,tcp,ssh,REJ,-0.7529396096581229,2.8557163829477066,-1.1251148326780387,-0.867391890068942,0.696283029052273,-1.4446484831885322,Normal
1.0247336714847044,udp,ftp,SF,0.5897667588303559,0.6494806569138393,-1.508848185854196,0.13672326120254802,3.6182372354343415,-1.5282125314318682,DOS
0.22420304516392453,icmp,ssh,S0,0.396063330634982,-0.7356358098060033,0.1583712465493401,-2.2146215901228348,-0.46509079846524504,2.4992924553576508,Normal
-0.8109375951437172,tcp,smtp,S0,3.6341526901891963,2.5107355443765313,-2.020172218195799,-2.8008513104900135,-2.383288401237291,0.587417710593052,Normal
-0.055016487751691656,udp,dns,S0,-1.308901352805829,0.2845428399957204,-1.5183085498096862,0.8143566297562896,-0.028345131577973137,2.861975642067725,Normal
-0.9441796903139634,udp,ssh,REJ,3.100367827083672,-7.272176574383627,2.187201491448568,-0.6786931047609309,-0.8194532570366109,5.1392524414105845,R2L
-0.11790558456167477,tcp,http,S0,0.6666471699136738,-0.05503986843016304,0.11564010932236779,-2.6958205288027997,3.126797166154509,0.022696974206833254,DOS
-2.7598857033368405,tcp,ftp,REJ,1.08864562647913,-3.59398433181839,1.1500770190704679,-1.0282850774219625,0.6511076042029805,2.326795171025834,Probe
-3.007915403755419,icmp,dns,SF,2.101144753941472,-2.025181128474964,1.9630657816665522,1.6154397547810724,-1.7903234280573064,0.48037378556733135,R2L
-2.4348650596096704,icmp,ftp,RSTO,-3.021090766324795,0.4696464079487054,0.8101569607529295,4.120507342806099,-3.2393929595240327,-0.38881004816100173,DOS
1.2907436493492703,udp,smtp,SF,2.577799280354669,1.099229992999512,-2.0322820477918375,-2.253256010142067,1.3069141952362962,0.5061330732838385,DOS
-0.007785621507896079,tcp,ssh,RSTR,1.0009687744174411,-6.011678717127352,2.1219913746397063,2.912664985167261,-0.5418991213389805,0.8708473708989072,Probe
0.2785195317127568,tcp,ssh,RSTR,-0.3487856351568259,-0.5744254432022758,-0.10379588312591193,-0.7664242745809206,2.3069536614131123,0.14430890965817533,DOS
-1.0580322007519163,icmp,http,REJ,-1.396238397680516,2.7616261774949313,1.0422229151661764,-0.48535444565751423,-0.6387482164056382,-2.228518184294754,Probe
-0.07484712250865788,udp,ftp,REJ,1.1472372852434514,-0.10641636657559134,0.7115498402600153,-4.555254587992228,1.814941959258666,0.39759399633521597,Probe
-0.3850418555177215,udp,dns,SF,-2.107869705991338,-4.255790990921329,1.9861556257930622,3.1648689943580903,0.39618701099722087,0.9296044772882426,R2L
-1.7452488777375432,icmp,ssh,SF,-0.9213279787664972,-1.7975358650451938,1.6778384963749278,-0.9306072283405706,-0.16040869136397462,1.3634757549951781,R2L
-0.5437601930392854,icmp,ftp,SF,-2.4064796620015274,-1.4949457598251936,0.4697503905024749,2.4968226109249128,0.48422683568602665,-0.09570457222430528,R2L
-0.4256294778026035,udp,ssh,S0,-2.6909306254389205,1.2252605228732383,0.3454634740963205,1.099931473486196,-1.1959707166879132,-0.2350881244940406,Normal
-2.5620367910029165,udp,http,RSTR,-0.5472365674624304,2.7149413602877117,-0.9302624345929332,1.0192664738312085,-2.4690246898800163,0.048677281105588,Normal
-0.27354416133847714,udp,dns,REJ,0.7803821225262517,1.250396488987763,-0.043431417287434826,-0.1339939811941706,-1.2609989306352931,0.14530709081714066,R2L
-0.5677996482822223,udp,ssh,S0,1.6713366081356422,-4.107971161048181,1.9674285000601242,0.2551270662808834,1.6204569406765361,-0.049815070147282814,R2L
0.5627083563027633,udp,smtp,S0,1.055983416848705,-2.1730827039553327,2.134418929123113,-3.788883787914325,2.4931020193986386,-0.2893731901524992,Probe
0.4417469327783441,icmp,dns,SF,-0.2054380883541127,-3.5052411464617497,1.5655801981340094,-1.7078496066061832,-0.15871430646433415,3.0917547157462115,DOS
-2.3202386803540573,tcp,ssh,REJ,1.197338043082715,-1.084360799016667,-1.7578500248099864,1.1677767706067137,0.07615725915718818,1.5894664858718865,Normal
2.171390588359172,tcp,ftp,REJ,0.3457292090810039,-0.7125654149313141,2.315537945665419,-6.7154937338443235,3.1947283232265296,-0.48216120551736985,Probe
-0.07879006723227322,icmp,smtp,RSTR,0.8686650734519885,-5.056043313501469,1.6662535185397778,1.0172620806127206,0.2730905672441041,1.602106535879572,Probe
0.18558706210982878,icmp,dns,S0,1.8454325865942345,1.6510297441273447,-0.4323982985545334,-3.1576037319558736,3.019666725883538,-1.0496295880910256,DOS
0.021756605041113763,udp,ssh,S0,-1.0474757107591977,-0.46026681381817747,-0.20048240589527677,0.2269577808566746,-0.40593458328439636,2.113519506641976,DOS
-0.45567902891752243,udp,ssh,S0,-3.302042748424435,1.504233878344932,-2.0007581059740613,-0.6091339765201031,0.5464854302942102,3.545215561080851,Normal
2.4552113848685537,icmp,http,RSTR,-1.6759736587348941,-2.39707984556782,2.217034430184598,-0.044716057569242566,-1.4716542278727722,0.9205106057287245,Probe
0.12869716397188657,icmp,smtp,S0,2.5859424394570274,-5.263199197670258,2.108739626530618,-1.6539241973586662,1.8846622682911254,1.7903656975832725,R2L
0.32750907212087355,icmp,smtp,RSTO,0.27954272941567593,-3.1480393804509426,2.904655258780404,-3.3882730150711984,3.146314557530099,-0.7744607369840664,Probe
-2.6775774372843104,icmp,smtp,RSTO,1.3215822961179482,-2.0438122489861468,0.9441269282108025,-3.519671465914915,2.8356680706404047,1.3933688292665778,Probe
1.0585893091373468,udp,ssh,SF,-1.2835640770965395,-5.091219949690477,1.560660339977305,-3.4605286125100347,2.4788576998427687,4.190138608359883,DOS
-0.3084600500269987,tcp,ftp,SF,-0.4761796667125062,-2.543862261596426,2.1423354618830635,-0.22303195416087404,-2.4448040567638416,2.0035381037612288,R2L
1.5764092688381228,icmp,ssh,SF,1.3552168568409702,-0.9537103208783277,1.502756692637631,-4.417545731643327,-0.3081228602304741,1.053870060220574,Normal
-2.4666149388765337,udp,smtp,RSTO,-2.9255111145632133,-3.656738841405795,1.6640982551357295,2.7187331040517226,-0.9657816901789253,2.5430742651536815,R2L
-1.9614764810197363,tcp,http,SF,-2.070694820907799,-4.2650504577674395,2.9704911173548343,-0.042872069887368754,-0.6378060038396551,2.3845302191574715,R2L
1.750837807280024,tcp,http,REJ,1.3985643464320074,1.231347083056751,-1.5563895883284942,0.7404687711802177,-0.4136780107627074,-0.8268134018640615,DOS
-0.7882537183924028,icmp,smtp,RSTO,0.7907211448567569,-1.1471142009746729,-0.4668207120668759,2.030583482438578,-0.7442715485291251,0.6344709098292522,Probe
-1.880598813414788,udp,ssh,REJ,0.3070751907392202,-0.4785941437344342,0.3822070176687973,3.4651720709763034,-1.0187366392887052,-1.1839523757351702,DOS
-1.6365122681419773,udp,http,REJ,0.002950784864775624,-4.5879249262926525,1.301034439750709,-0.5205032304478331,1.2805242422010872,2.6899299333345255,Probe
-0.8861552953783738,tcp,ftp,RSTR,-2.006882220092897,1.5488115191211618,0.16651349282595862,0.9075908902135326,-0.9657793097553989,0.867712761048163,DOS
0.685273486067093,icmp,dns,SF,-0.6236435671646798,3.4026559420302696,1.2283832211363332,-4.270820918850364,-0.12430927598296959,-0.6105703117557743,DOS
2.3385172771738465,icmp,ftp,SF,3.930705711341361,1.029411792184574,0.4343913532405961,-4.571394758576209,1.9632484330554072,-1.2585064391024234,DOS
5.021301308463437,udp,ssh,REJ,-0.9629609587384766,-3.2540227343663695,3.8192437612898007,-4.051727511050356,-2.7673683689425816,1.9730738412481208,Probe
-0.09357750192243097,tcp,ssh,REJ,0.33476662427503,-2.309113801205438,0.5534094220807004,-0.24447414346321375,-0.40335768724158727,2.7466941928905433,DOS
-1.546156691816306,udp,http,RSTO,-0.15180708372449558,-4.609908097579895,3.4065358471029863,-0.6228700429458904,0.03757298237258622,1.3044933908746725,R2L
-4.044358034971612,icmp,ftp,RSTO,1.429283185132998,-0.4295527527541244,1.0148683934228693,2.054198590345256,-1.9738942395085588,0.3921345996844212,R2L
2.043151959016538,icmp,ssh,RSTR,1.78662175109437,-4.604353891980998,-1.0183211504886969,3.8090866607508698,0.7594383421991158,0.5039557836291038,DOS
0.5211114286640837,tcp,http,S0,-0.7082999406194121,-3.867877231646368,1.4909145877280385,-7.892014875496938,5.0592248961123385,6.089713518324358,DOS
-0.675448392698766,tcp,http,S0,-3.1646315734225103,-4.933527129592047,2.9502244480854434,3.5631259174561367,-1.0620565612119122,0.8337009598321217,R2L
-0.0793157470009096,icmp,smtp,SF,1.328181823764968,2.581605291871409,-3.0156867119663966,0.561200663535254,-1.0994269975990836,-0.14547308055894992,Normal
-0.29609354643195707,icmp,ssh,RSTO,-1.1814505126004256,1.2583257423616911,-2.0268044772162055,-0.776303792002442,0.014070202674445476,3.0062032635794647,Normal
-3.381113251824095,icmp,http,REJ,2.5750631496301404,0.8865606952386579,-1.8224066184584893,-0.7527548710117944,1.5956903175600585,0.5477262960166664,Probe
0.0056216152360044624,icmp,smtp,RSTO,1.0630726100004093,-5.285605498315909,1.6934881709748821,-2.7575768049461806,1.5250568886902793,4.382958324220387,DOS
-5.233795661577709,icmp,ftp,RSTR,1.2307692668552597,1.2016847508062596,-0.11869938952736736,1.6432222328128294,-3.0871043807688086,1.0504007875085088,R2L
-0.15645983856714363,udp,ftp,RSTO,0.5955319901278793,2.274852158759131,-1.7703427206261186,0.27615905278463254,-1.4045006447731805,0.0953495070093281,Normal
-2.460976048940164,udp,ftp,RSTO,0.44830966045884546,0.2611475071294519,-0.31468528663000905,1.492824047741932,-2.084741031694207,1.810422716493181,Normal
-3.1889418010065405,udp,ssh,RSTR,-2.43965595873164,-0.18406544747745066,-1.034193791840334,2.006066970669361,-0.31569561401542523,3.0545851168489175,Normal
2.1566956609166565,tcp,http,REJ,2.0070105675550183,3.20022122661259,-0.8453701897468302,-5.07181919818833,1.7406434119759817,-0.5785598620433479,DOS
2.055212383145198,icmp,ftp,RSTR,0.9730681759506443,3.354720128943546,-1.2422936284102282,2.350882245937862,-2.5215742898692133,-3.0086611906744007,Normal
0.14605213723698296,udp,ssh,S0,-1.228359826191171,-2.585958552724742,1.9189766706166975,-0.08974633251742553,1.4676214822192895,-0.4053550089245974,R2L
-4.6368327337853295,tcp,http,RSTR,-1.1062683285209984,-2.593962159032682,2.8808118223414025,-1.0621010671333981,0.5663385529039264,2.1981327401186936,R2L
-3.7816622786693275,tcp,http,S0,0.6460176090212351,2.67283681079238,-1.125203491587846,-1.8667996701293854,-1.373921829887454,2.7723001578466904,Normal
-1.125690422902316,tcp,dns,SF,2.2519769092329804,-0.6438325405525519,0.21036423000423787,1.8383388753039387,-1.7937973476173907,-1.16628395406737,R2L
0.9383091801522838,udp,smtp,RSTO,-1.7384601977212828,-1.5618181270372216,0.7264376047102123,-0.39881360015297684,-0.5395182520580168,2.5409388841695923,DOS
0.3483432192273834,tcp,ftp,REJ,-0.7865411829956712,4.971876654312261,-2.153777932621683,0.40795693302802494,1.2403589240224724,-2.5995213408311777,DOS
1.8161280865937426,udp,ftp,REJ,2.0364526860258065,-2.858827370506776,0.07345855547881852,-1.9237510520122754,-1.3791828244283435,2.7821331230881285,Normal
-4.0352794223068065,tcp,ssh,REJ,-0.7303493652235943,0.5235158485704678,-0.3631152295887493,2.1590572582378607,-1.8977108629087769,1.1256218199099473,Normal
-3.0056957919553366,udp,ssh,SF,-3.192146531641804,1.495980962164572,0.17421827636631737,1.6008235585997843,-1.5624580976485882,0.359030284975804,Normal
-0.8046671299360972,tcp,http,SF,0.3724075973261738,3.1955454518403736,-0.688226674362568,-2.3155173547213934,-1.6528140680837144,-0.3913698826672649,Normal
1.041775556527438,udp,http,RSTR,1.0718552917249091,-0.3619929861633228,-1.2528467808521535,-0.612380925140082,0.7566464763360312,0.7035127822511558,Normal
2.7414616525936504,tcp,ssh,S0,2.2367880958814514,-2.03373196897707,-0.0111745645303436,1.6280488904992565,1.3869382746331365,-1.6579542510644392,DOS
-2.774646400246446,tcp,http,S0,3.6136509676812327,-0.018920582140153956,-0.08913465518720898,-4.544712627609932,3.5316123410310967,-0.31970929604447584,Probe
1.1395730841737604,icmp,http,REJ,-0.810615434956238,-0.05548307440557386,-1.2265447922198878,4.7677913974909565,-3.5028092808341897,0.025102509486591984,DOS
0.8546276550920787,tcp,ssh,SF,0.5454084479305672,0.27107518671766523,2.5074776148734728,-3.5521906535585357,0.02934498080092718,-2.3509429792371064,Probe
-2.023293290297175,tcp,ftp,S0,0.7372122483420275,-1.0903588286850543,0.9044513144934792,-1.4623849216643903,2.306676361345545,0.736066244792106,R2L
1.4759592142139384,tcp,ssh,RSTO,1.0316039255112592,-0.0019049283271088898,-1.7900986925443716,1.4602220605081921,-1.412249202608245,0.96951435573145,Normal
1.13800688287176,tcp,http,S0,1.8119883175634737,1.9364566478658907,-1.4321323671114186,1.7015343115807242,-1.162570630309871,-1.725469124887018,DOS
1.3269349276148312,icmp,smtp,REJ,-1.537346488408031,1.832432709100635,0.13216647312724483,0.330075114281026,0.15821460895547546,-1.4542278506724449,R2L
0.5565865355936881,tcp,dns,S0,1.3173232683588827,-5.106883517872801,1.1398409479814913,-1.6667090808335465,0.8488829091579004,3.7472572802247814,DOS
-3.8197978889876247,tcp,ssh,REJ,0.44707493088757644,0.30905745955962727,1.2991201454007344,2.494091472340672,-3.6957371220651436,0.2802995596553306,R2L
-0.5280051558082253,udp,smtp,S0,-3.359967425035643,-1.0977363240027054,1.667700584512184,0.9901475633945983,-1.4092583764502797,0.6422018352726878,DOS
-2.3437469392017705,tcp,smtp,RSTR,-1.505008865793875,2.3788566006200713,0.2629870276692291,2.3685077801127608,-2.05108903243913,-0.6635655669150471,DOS
-1.737734609642379,icmp,ssh,S0,-3.7277149288723925,-0.1751501007914162,0.09817905867180632,1.483266621359923,-0.20972210957231208,2.122254383511023,Normal
-0.1087730071749533,udp,ssh,RSTO,-5.006976145589081,1.4911366355119362,-2.1662839421988838,1.2064394273294194,0.9109267604165161,3.9097259227874503,Normal
-0.011834414893118983,tcp,http,SF,2.8462560986233774,-3.4638034905025323,2.200625265501891,-4.145800707717945,2.6928498618355796,0.1852348581652905,Probe
3.913944578280152,udp,http,SF,-1.306344367346218,-1.899861034521261,1.5558890413982387,1.2684332783250831,-3.5299318877382717,0.4540496023057794,Probe
-0.27785856229816297,udp,ssh,SF,-3.602026100313959,1.1515942533119892,1.3132781459859082,-0.5954324965750906,-0.3823568199661894,-0.6348326966974198,DOS
-1.6866564604377707,udp,smtp,RSTO,-0.9498930891888423,2.0062038545053937,-1.4604501580485045,-1.652200752589877,-0.967514518352227,2.360403831598523,Normal
-2.6172032178621025,udp,http,S0,2.048346490039367,-10.698989219808041,3.355682644238828,3.117333276244573,-0.13195165630046657,3.336962939554767,Probe
0.6930201730508099,icmp,smtp,RSTR,-1.3785134782676778,-5.110657939956519,2.134284624728165,2.871487218727778,-1.2917928879594314,1.1662584092318322,Probe
1.1491512418426373,tcp,ssh,REJ,0.5805549422894949,3.0843273666578312,-1.3046752864083413,0.6541779134251978,-0.886778121003521,-1.6139385918303588,DOS
-0.6107867456382201,tcp,ftp,SF,0.10327092259513249,3.1072140787887936,-0.23259853375723316,-0.7613686046265512,0.09733155763238477,-2.597311874037023,Probe
1.6279945937373297,tcp,ssh,SF,-1.4459229945559495,3.030835956714689,-2.475641022113708,3.0377402458693266,-1.2956688008570163,-0.6385025440460816,Normal
-1.1068530022254255,udp,smtp,RSTO,-1.9488745467481845,6.762411122184913,-2.463685501097376,-0.12582557788980275,-0.42508755021457867,-1.3085005495045898,DOS
0.68273760540317,tcp,smtp,RSTO,-3.7395214938630574,0.7249599522308453,0.04011537431012635,-3.2308608973193516,1.6718782643199175,2.8158877421767485,DOS
3.7225063677704444,udp,smtp,SF,0.4232305708377678,1.2562927630400091,-1.7616311444207124,-1.8207212215679505,1.2870989545451017,0.11929390611115709,DOS
0.04975195244098196,udp,http,RSTO,-1.9361985136528332,0.5000370256169231,-1.180669793871857,2.198698571588975,-0.06185152342563671,0.5809315718042234,Normal
-2.5022020053772933,tcp,ftp,RSTO,-0.9909073124851249,-1.0933219819382083,2.7722951571998715,-3.751370379829772,0.24961807229691635,1.149270388282073,R2L
0.5694363610244069,icmp,ssh,RSTO,-0.42193823900422867,1.616281085040691,-1.2468943044296368,3.194247574562447,-1.3406815766415443,-1.512710847330108,Normal
-3.4358308346115476,icmp,ssh,SF,0.08974126512702107,-0.2618527587579315,-0.3853306394664464,0.9995699271389098,-1.5722690199747245,2.7850468361583385,Normal
0.050843298748602495,udp,http,RSTR,-0.2854721607817061,-3.1341031614045916,2.44829177649379,-2.7605502510186963,1.7857216420137714,0.09356745998818417,Probe
1.4472358046465863,icmp,ssh,RSTO,0.9398469138701179,-0.8515494065188912,-0.9066698443256889,2.421328127827782,-2.031366724232404,1.4176117488036883,R2L
-0.6067544558267106,icmp,ssh,REJ,-0.12784068218072364,2.37433523623348,-0.6832333054093882,2.020281111864315,-2.5482471735260455,-0.6677515613485216,Normal
2.4641532954483827,udp,dns,REJ,0.9549709521475686,-0.6121311066276378,-2.5855018837460886,3.1219725614950153,-2.3947132510443754,1.5796257818724846,Normal
-2.437378801585644,icmp,http,RSTO,-2.538232832058502,-0.1363847573999189,0.2588873816693338,1.0576533885369908,-0.7352347140195086,1.4805525753293567,Normal
-1.517976908087641,tcp,ftp,RSTO,2.1699250309365237,-0.6995171628937523,0.9708314250700252,-0.3693131929163054,-0.15334706313411128,-1.234198529276894,R2L
-0.7521779789457346,tcp,smtp,REJ,0.18025531087070723,-1.0350039446993498,1.8556557734183396,-3.2685032593839938,1.9190457617562275,0.02917622609518078,R2L
0.281509867283378,udp,ftp,REJ,-1.97682123521646,-3.999567370718712,2.5623405689303804,-2.6800612634301775,1.18052068186218,3.5085540007139118,DOS
-0.16124151338706239,tcp,http,RSTO,-1.0882672123685104,1.9929106418421225,-1.0074148338349005,3.3389424977801387,-1.0952175334868997,-1.9053171604262453,Probe
-2.5271532795164653,icmp,smtp,REJ,-0.5446000546255771,-8.35324022943221,3.7527254222269604,-1.6744236214536445,0.4214400362044536,4.773534592907423,R2L
3.0725831989079477,tcp,ssh,S0,4.274320905760924,-1.5799511289637336,-0.6847015792324493,-1.3456941413094352,1.4642285869152598,-0.4201634753980693,DOS
0.09991838746359671,tcp,http,SF,0.4065876925857823,-2.2381865189709784,0.40411938764239497,0.9407066157092346,-1.3932807937830964,1.3686683186273343,DOS
-0.45284779452711144,udp,ssh,REJ,0.31183715593743044,-0.9060700084884391,-1.9477778154852166,2.0748657247940607,-1.4295309982242694,3.754328204113704,Normal
0.3455265094445312,tcp,smtp,S0,0.9194242102291232,-0.7846372647327449,1.3839766426993467,-4.714450960487387,2.4247218145503604,-0.04546598060433782,Probe
0.7483032424502816,udp,ssh,S0,3.9587476259910437,-1.9673522569975557,0.43205999436452736,-4.3503092799068055,-0.04078891281166053,1.8667346864381198,Normal
-0.7229573612354978,icmp,http,SF,0.8869097581677201,-2.780795990217436,0.5278893407770038,3.178252500096758,-0.833464814175206,-0.661096024270518,R2L
-1.048040406336614,icmp,dns,REJ,-1.2607455249327009,2.564023180272433,0.5703946319163706,-0.40934581585151864,0.6286446644644337,-2.492902241562712,Probe
-2.8489274199447467,tcp,dns,RSTO,-1.7947588210473953,1.2561918788655728,0.4458952355566569,2.615369728530658,-1.9156701615603389,0.03503928320438621,DOS
-0.4687449155393093,udp,http,REJ,-1.7303063697821286,-4.89134664917085,3.7823780020413857,-1.8597627487131243,-0.2916456108086596,3.0638371333584624,DOS
-0.8582974244442223,udp,http,RSTR,-0.6921251560357642,-2.212012544774875,-0.30780438102353846,2.8591261596617272,-1.7365204250366895,1.852029652749364,Probe
1.618009733577964,icmp,ssh,REJ,-1.7705514783560257,1.5545871121785462,-3.008420111088916,0.4009055365808217,1.0125496493887485,2.1632708245695134,Normal
1.101572600617775,tcp,ssh,REJ,-2.680458961918995,1.4542507667797058,-0.02506415542152185,1.2186010632009365,-0.08646885522199788,-1.1786563543896338,R2L
0.444533498284028,icmp,smtp,RSTR,0.17213261456724616,2.5261913527241697,-2.4333899160802934,1.7115959041066182,-1.6115759219004304,-0.2893563755173878,Normal
-1.8698113515023178,udp,dns,RSTO,1.9841817797655874,-0.3123639583306766,-0.12019642632611083,-3.098951346491343,2.1555508470904594,0.9241358953059694,Probe
-1.7134415256720863,tcp,ssh,REJ,-3.2092310053107633,5.72535608595749,-0.8717362418844095,-1.6833267837982924,-1.6105087766974195,0.0962897354187946,DOS
1.6206967230695586,tcp,http,REJ,-0.4731756764196857,2.0790390816284705,-3.138609910774394,0.8662313458094442,-0.010907107148344308,1.8168753487942568,Normal
2.7393411315233784,udp,ssh,RSTO,-2.130206821766003,-1.378210849028826,-1.9138067853721479,3.960878912536751,-2.119887937454469,2.6535106530707795,Normal
-2.34633859045087,icmp,ftp,RSTR,0.2924331258584121,0.5172222390986158,1.0332411259671097,3.5879248138051025,-3.6439580969618834,-1.2932182160398416,DOS
1.8810698510721913,tcp,smtp,RSTR,-0.9127586506966403,-0.8733948516701624,1.3414902958649517,0.3581658840775528,-1.618669473096929,-0.3811730145502822,Probe
1.035404890919928,icmp,ssh,RSTR,-1.2307084133732449,1.2132069611372132,0.416676480557878,1.225827984441582,-1.4071005158009435,-1.6269218732169866,Probe
-2.168816288418113,icmp,dns,S0,-0.1749813132307605,-2.095480150831523,1.4274298432241874,2.193167776417947,-1.5865354983909548,0.2942275373730463,DOS
-0.1428252238162342,tcp,ftp,SF,-0.11704138481190074,1.8149284821285874,2.3203830171419932,-4.452083031050454,-1.2902075683617342,-0.8041210355241127,Probe
-1.9975453909355458,udp,dns,RSTR,1.4778036740739011,-4.178655921462381,1.0876846939143747,0.11036565752953427,0.9180875339827173,1.6417225025861937,Probe
-0.20897700766724092,icmp,smtp,RSTO,-3.54957737379891,1.3864323612781528,-3.9897903050262418,0.4193142341949413,2.2246722906449072,3.513580789140377,Normal
-2.2696574348042313,tcp,ssh,RSTO,-2.0005700218409683,1.2485529874761758,-0.06742403711015066,0.027124702466552582,-2.0315205865633112,2.675254553357417,R2L
2.032400933023224,udp,http,RSTR,-1.0758062334714837,-0.34044064373404165,-0.17046991089251695,6.201721338065558,-3.396251972372255,-2.6261282562049852,Probe
0.011888812341943944,tcp,smtp,REJ,-1.8402037793966768,0.7917160114898836,0.5377000149025277,0.7479183469444536,0.08543513673896386,-0.6066986484190349,Probe
1.1431805044703607,udp,smtp,REJ,-0.7493189359041308,-1.8189686600344477,2.3545554600228398,1.2498347976696085,-1.4609248515531617,-1.5137850769468333,Probe
1.0721903000034096,icmp,http,SF,-2.4641346005686104,-2.1053877268795236,0.4857230680879071,-2.5775837454035195,1.4809797094039139,3.2606992939216246,DOS
-0.48733622639595153,udp,ftp,SF,-0.8579383181198277,2.9844658200026126,-0.22256548473947957,-2.3389916869971317,1.1866185118587946,-0.6550131017012415,Normal
0.08036230185295534,icmp,http,RSTO,-4.534509075863207,5.075198593046806,-1.6831945963663402,0.4669780864976896,-0.97899981251238,-0.33316246334269306,DOS
-2.0803257076009145,udp,ftp,RSTR,-0.9074487159492913,0.06859844579364807,1.034781508103069,2.7446696063818217,-2.698775166292837,-0.4067083351246099,DOS
-0.23437283575886858,udp,http,SF,1.8382557855016812,-1.3103324317700007,-2.101450936826142,0.6805591770926098,-0.09073216433999831,2.664580383175738,Normal
-1.3255207208393878,udp,ftp,S0,1.3852203406988974,-3.0301517088080514,0.7150051969314298,-1.837999149133716,1.2754290275825364,1.8675103031499583,Probe
1.6704642427242655,udp,smtp,REJ,-2.1976790570569937,-1.8936635785606935,0.4857627730072268,4.033508019537702,-0.41869547972917043,-0.750232957867002,R2L
-2.168610865217446,tcp,http,RSTO,-0.973573133644334,-3.259816154043285,3.1255323846633085,1.0675401020984467,-1.3234552635513426,1.4637994467790723,DOS
-1.2238206526482598,udp,smtp,RSTO,-0.7793115498891456,3.3885708153032885,-2.6934922403753654,2.2223874713487874,-0.8947373949135724,-0.5363133317646562,DOS
-0.010860349154960591,tcp,ssh,SF,-1.9561333747866372,0.3874927114012335,0.6771978086968284,4.209824957009055,-1.4680258967701914,-2.5153564280329754,Probe
2.4695289927233017,tcp,ssh,REJ,1.0282773809083365,-0.0026703174276409836,-2.8407316671587886,2.6709662897558935,-0.3793256803784246,0.9601455861117066,Normal
-1.0160428601315783,udp,http,REJ,-0.9589393163167667,-4.489388298634864,3.8208383273626136,-2.5982704427149415,0.5553589402144887,1.6349543988535347,DOS
-0.6091669465907968,tcp,ftp,RSTO,-0.3374135617385804,-5.0878103824031236,2.3461043814731086,3.67878209511948,-2.678048040447425,1.3182048735223635,DOS
-0.10256328902739686,icmp,dns,REJ,1.293867445376423,-0.6741615101233642,1.7910788569928142,-4.256204568712152,2.543132565116559,-1.1795128651886677,Probe
0.5905501852662887,tcp,ssh,REJ,0.562934191047376,2.4800543780362174,-1.1586579722837862,0.34076412745057705,-0.3272048472539876,-2.1075526088198937,Probe
2.059388446016005,udp,smtp,S0,3.3521969401577034,-1.529705333932364,-0.6330655425744216,-0.37532198463601363,1.5742651003034338,-0.568500098886725,DOS
-2.344626272729115,icmp,http,SF,-0.5462177546895703,4.505586449141498,0.6050866319463918,-2.8412613692173867,1.1224553307986325,-2.902351099914484,Probe
1.7770978702666,udp,ftp,REJ,-1.7306433168872573,-0.8209937524139674,0.8230788133015916,0.45544668085243756,0.029101428080042124,0.05526755504559833,Probe
-1.7861281742854436,udp,http,S0,1.4537347728902374,0.9316418298298558,-0.21293027533220565,0.0545997450737103,-2.5215760560657907,1.2190959611810106,Normal
0.6060762966066946,icmp,smtp,S0,5.394974247220849,-3.951157843813182,-1.4689840070354925,7.023592406764112,-2.610116444322173,-1.1220701972984626,DOS
0.995183285920744,icmp,http,S0,-0.5186897582036085,1.430295933096519,-2.9475190410972063,3.6415176056376337,-0.5686463383627849,0.14604746721983064,Normal
2.6248969595197194,tcp,ssh,SF,-1.2274842181120675,-0.9516673044792858,-1.6467707905416256,3.354662422126874,-0.3109570416264896,0.7713310181857563,Normal
-3.4746838646752223,udp,dns,REJ,0.10715800217108495,-7.153220911952814,1.0235803679541562,1.214258775183666,3.790853372979099,3.710836723271257,R2L
-1.038796458495917,icmp,smtp,REJ,1.952681436479586,1.4413765015625206,0.8447041705022272,-3.9436799426081652,2.7089936920324105,-1.8144474026554693,R2L
-0.4881056556967963,udp,smtp,S0,1.3323593454059346,-4.810962368594792,2.1722901735342734,-0.7502488521791179,1.1682487758274829,0.8261559025982208,Probe
1.6126958684740489,icmp,smtp,RSTR,0.9659089482499674,2.875655246759615,-0.8815192810548593,-0.8976093887279244,-2.3200543336305426,-1.1002010008350092,Normal
0.2980489712075449,tcp,ssh,REJ,1.6571952292517178,5.041644149789336,-2.4136316545088143,-1.6445790304850585,-0.6640697608617092,-1.6280144498962565,Probe
-3.7534626529807786,icmp,ssh,SF,2.7517247517128265,1.0034491665915923,-2.6382618487552554,0.3482212144692989,0.11405546323883542,1.7218448138687954,Probe
0.7220230015985085,udp,http,SF,0.7981347431828973,-0.2770328679438099,-2.8903570501862896,1.9430701847744607,-0.458821864149905,2.1904539797839035,Normal
-1.1499965295804027,udp,ftp,RSTR,-2.155480451027734,-3.4906429372881163,2.7079232278594896,0.40145080644503844,-0.8384933288820082,1.508710119058148,DOS
1.9021690351008838,tcp,ftp,S0,-1.8363884391528433,1.736945883622041,-2.4121717496684445,-1.4604845808686684,0.8966828688848554,2.1049932628640216,Normal
-0.4074546157120311,udp,smtp,REJ,-1.4462676645709942,-0.2892666729208616,-0.0022931725876551567,2.1755954656515795,0.6108129743179653,-0.21257611835202117,R2L
-3.0316990367418515,udp,ssh,REJ,1.3915932131562347,2.040461534568644,0.07319367329969939,0.21757802650935312,-3.523587044847815,0.06869567475934402,Normal
-1.0850850388600501,tcp,ftp,S0,-1.4516578786692798,0.6172068511791039,-0.10241456594856424,2.6579335002497477,-1.1418466755051666,-1.155115978502184,Normal
-2.313937028096282,icmp,http,RSTR,3.202995770078066,-6.952469835950739,3.357384093440875,-3.043014602473762,2.3386406467106076,2.0455203335325205,Probe
-1.1245787726285896,tcp,smtp,RSTO,0.18005940146314248,-3.2617880495759675,1.8246934084708126,6.316273298396712,-2.0672950607297644,-1.699387437387295,DOS
-2.9994559217678685,udp,ftp,RSTR,0.045909186942520885,0.3073782247211855,0.3855899529433121,4.036980462218645,-5.707367143390326,1.815743883708803,R2L
-1.0125300190627549,tcp,ftp,RSTO,-0.3719729268311288,-1.3988255779855072,1.0118502538517045,-0.1557337043155015,-0.4186468054700623,1.9324429838947963,DOS
-0.625889563692031,icmp,smtp,REJ,-0.5030720218662381,-2.3770841872631956,-2.0665380651451084,2.8396590076076635,2.3524466526471133,1.9268433364353337,R2L
-0.12368742487128881,icmp,dns,RSTR,0.14902579291301288,-2.4113118005719287,1.5003057075191137,-0.19319414806344726,0.30758086331715306,0.32364680271923296,R2L
0.5141563126695274,icmp,http,S0,-0.4503661729754209,2.980582939019569,-0.03931513581372503,-1.656538759298089,1.665738726258915,-1.9687633712476362,DOS
3.5876507577005308,tcp,ftp,RSTO,4.016599925392046,1.0464768395333608,-3.0991000488296314,-1.127893695706017,4.247720244292308,-2.0686608075030537,DOS
2.022943443038214,udp,http,RSTO,2.2900671155137937,-2.966826343483954,0.8846613096302463,-2.4894736101592576,-2.3426217105366565,3.0478765150724247,Normal
-0.9765202070243362,icmp,http,REJ,-0.007457339480852032,-3.34310401423323,1.207849122737965,-1.255326047428496,0.26446027547177375,2.3363800451766057,R2L
0.6965996379557491,icmp,dns,RSTR,-0.2904928666501876,-5.9958344880298515,3.4815123468732696,-0.5679953514504216,0.7477701270074608,0.9159936009836862,Probe
1.879528461997333,tcp,ftp,SF,4.158632738895985,-3.112019214869121,-2.602051675858708,-3.8689488105291345,5.169990576014933,2.8149454275435284,R2L
-1.2575344062074298,tcp,ssh,RSTO,0.23567817985068196,-7.442476562199956,3.741385526227603,-0.6893219218400092,0.11733177470805689,4.066282405554417,DOS
0.5625393782981767,udp,http,SF,1.5144850135713135,-4.344378507014559,-1.3672219206736913,-0.1910253318150977,3.1738752936730954,3.356939858176084,R2L
-4.2414401564198485,udp,ssh,RSTR,0.9303416399877992,-3.963007739653491,2.7125928436327365,-0.05985683309799031,0.01180250896444801,1.7700094981353853,R2L
-0.5050612971619601,udp,smtp,S0,-0.2154342393195754,1.0254703808512482,-0.5303077718779217,-2.3505965373752717,1.6362444297812537,0.5341694877544789,Normal
1.5338710758179208,tcp,dns,SF,-1.2774185952026043,-1.3541802662361466,3.083664260476585,-1.6779719798557409,-2.320278375007075,0.41332835510313615,Probe
-0.6170712424525495,tcp,smtp,S0,1.5444436639224417,-0.7714249239309702,0.344019186882603,1.382591272406782,0.5639792532533505,-1.38860322992385,R2L
-2.009989063783166,icmp,ftp,SF,0.4455918430503505,-2.7537334203803616,1.4563176020858828,0.15871679239419872,-2.095921830751327,3.129798076339798,R2L
-1.097688012294403,udp,http,RSTO,-3.8605275838634006,6.731393109910037,-4.603835699791167,1.8946317875520415,1.3923646295712446,-1.3305605863885293,DOS
-1.8614681552700345,tcp,ftp,S0,-0.5343818104195078,1.7646150017260644,-0.19557650047896802,-0.6418981342978968,3.055793825246363,-1.4230325229350553,R2L
-1.9297548286363835,icmp,http,RSTO,1.0172277600361188,-4.08449465619896,2.43214950006601,-2.12322886469544,1.193541730119128,0.9572160716762552,R2L
-3.113304689279271,tcp,dns,RSTR,-1.3987696042641757,-1.5801304683377175,0.9482811740888499,-0.7416648772984137,-0.011115190345965642,2.3419768945433583,R2L
3.8027809469755307,tcp,ftp,REJ,-1.3158138331532578,-0.896541746510843,-1.8200025855185604,3.0845112793448064,-1.4162238100361282,0.6658002165146633,Normal
3.0462997885799976,icmp,dns,SF,5.149474735921278,-2.593548231345754,-2.756559309675457,5.453540580787193,1.413979941706136,-2.6688232059894967,DOS
3.2672085381791334,icmp,ssh,S0,5.131842514710922,-0.9689793267775292,-0.34604089613951805,-4.773821928444485,4.627600692830864,-1.011171557620435,DOS
-1.2367962048989183,udp,dns,S0,-2.279228371877599,1.1980524060093418,-0.010788448385203764,5.769572392692463,-1.1711185978680119,-2.720301721984331,DOS
0.5935211447013362,tcp,ftp,REJ,-0.7250315415572912,-1.4635425730377323,2.3933186762212246,1.5847926095897475,-0.9950873056244867,-2.585757238991501,Probe
3.380262920673949,tcp,ssh,S0,0.06764988276221162,-0.3020398877109308,-2.9114979738266262,4.298316188629946,-2.419156758541549,1.1986606645952962,Normal
-0.4566362621117006,tcp,http,RSTR,-1.505753744944303,-3.113472958556245,-2.09914074116575,3.942643709285295,0.5910305072349489,2.6741008420123897,R2L
2.6303109916434875,tcp,dns,SF,0.12513930071480928,-2.7194417437139156,-2.6453324978491786,3.8835796593717804,-1.7096074105050383,3.5021944215631224,Normal
-4.698659005370038,icmp,ftp,RSTO,0.4071586517022294,-0.24987240418191736,1.8893211991428067,-0.6939705987982219,-2.1788473122351233,1.9213813356020633,R2L
-0.04042172186226545,udp,dns,RSTO,0.6010088877018123,-3.0105012142364633,0.6151315032653093,2.989803190263838,-2.5028742705401203,1.2462169302407573,DOS
-1.801999206471365,icmp,dns,REJ,-3.794642418706413,-0.600860719188059,3.59227258677597,-2.6056947704591478,0.4375602060905477,1.2977119105184312,DOS
1.6881070442473045,tcp,http,RSTO,1.7287394151655406,-3.273616540481695,-1.9029728636185905,0.8283382445732769,0.09933474093903039,3.3508308275233953,Normal
-1.3320176466961895,icmp,smtp,SF,0.9647357070541265,2.47203813959412,0.7475944264555958,-4.774956306702414,-0.40511546041716184,0.38010905339717704,Normal
-2.0130729807771783,udp,ssh,SF,1.3235089723815574,-5.140075128647575,1.6945942709879924,-0.022161672138837803,1.3572420719774851,2.047738865019047,R2L
-3.091359041490703,tcp,ssh,S0,-0.43154472496333596,-0.20392310415262233,-0.21409911098702994,-1.2517191582940914,-1.3913141303763479,4.708892208931797,Normal
-1.2172511547781961,udp,http,RSTR,0.46105359235080723,-6.899466633541826,2.7357348188680697,0.4990349932945811,0.8632015652948022,1.9020688908373526,Probe
0.7542698918818551,udp,http,RSTR,0.632730229811715,-2.6190584962622276,0.8636620989509038,0.770664740013636,-1.1005659316511647,1.9707952935270119,R2L
0.022432621308915213,icmp,http,REJ,-2.4687456937572447,2.0350869462119268,-1.3627700787208872,0.45776443491672847,-0.5508639707122862,1.445854951526714,Normal
-0.45441327792010666,icmp,dns,RSTR,-0.5569593955542935,2.7531923158991973,-0.8656352508765797,1.2921190220307868,0.9758880961561025,-3.061499230783775,Probe
1.1988475105994532,udp,ssh,RSTR,-3.2556358644379264,1.4424633196939738,-3.105410361747491,1.210550347808099,1.714362306684361,1.246306607583801,Normal
1.7590866958117832,icmp,smtp,RSTO,2.260262274023269,0.04198489782804175,-1.1734592694456232,-2.6965143389264603,3.3914292036954907,-0.2730397285190179,DOS
0.7450895954595411,udp,http,RSTR,-1.5945051104701244,-0.5071218027655421,0.6218108965114595,-2.2886137027888296,-0.034509768553216746,2.3494805780891017,DOS
-2.8968583721704038,udp,smtp,SF,0.32650906052945783,-1.1201238896826051,1.303329876502371,-2.2305960556784625,2.111907604405571,0.772928175118807,R2L
0.5845214922321825,udp,ftp,S0,-1.1143665384526187,1.6020319560448466,1.551910817088043,-1.1865917460068034,-1.6383853082937234,-1.2654634152960624,Probe
4.30311855923954,tcp,ssh,S0,3.081697335612324,0.4578947364265089,-1.7506256474890995,-3.4860308160541638,1.2882631453191513,0.5357708057237949,DOS
0.912804712269399,udp,http,RSTO,-1.8240208826340139,1.6666249108429558,-0.6741939506765955,1.9008950294000673,-1.142246588229783,-0.4683976547806816,Probe
-0.4449187994893198,udp,http,RSTR,-2.4372479331472716,-2.359611901084398,2.677418507246343,0.7695464961385189,-1.3171338963024934,1.1357628307317031,DOS
-0.8004085652519932,tcp,http,S0,-2.3392311707236724,3.930188024079781,-0.07572370443872356,-4.711514725410572,3.45061334489207,-0.40835573453897955,DOS
-1.5918925210701453,udp,http,RSTR,0.8413081086079859,0.045533519799526495,-2.720953645017526,1.3358636467461038,-0.0617085131257451,2.7186024851524184,Normal
-0.09763593124860592,icmp,http,RSTR,-0.0002281866046965897,-3.7177203829439622,0.3610053674551056,1.8851245251165065,-0.7272848058389468,2.600958944673189,DOS
-3.014508582818441,tcp,http,RSTR,1.566806768619811,-4.949031813278847,1.1836246847080496,-2.0758560709490315,0.7271330376808611,4.381849687898127,Probe
-0.44248026818496355,tcp,http,REJ,-3.4972641142368213,-7.222420489455483,5.591765470879405,-4.648094760530149,2.488802487665069,4.533446235584601,DOS
1.3603573832274012,udp,http,SF,-3.7789958454449883,0.6277661625023851,0.05546538777455223,1.4510097977701266,-1.7595265637150928,2.4499892733250275,Probe
-0.48110441897273404,icmp,http,RSTR,-2.304387817328677,3.6659496040659154,-1.8040886088998453,3.23684776953022,-2.6361670488121796,-1.42423709462367,DOS
1.4774981210463496,udp,dns,RSTO,1.3597874348508365,3.2201592895945983,-1.0506058487726628,-4.35076975199046,4.389196304888219,-1.792094773544752,DOS
2.2177207751823995,udp,smtp,S0,-1.954202238901759,-0.9387236343187532,1.003929259230388,-0.28791952564096995,-1.022192677389491,1.411334557722947,Probe
2.6686701396442016,udp,http,SF,1.06869678612173,-4.022249933227344,-1.807101336358674,-1.5966087473810917,1.893485971946407,4.057720011562223,R2L
-0.5675683812101768,tcp,ssh,RSTR,0.951329083366653,0.33068041442198387,3.7424621773582594,3.443488173507436,-4.691491176890802,-4.918080481038284,Normal
-0.0077427186780580914,tcp,ftp,RSTO,-3.4401220492224347,-2.0533240170558473,2.1183220692815974,1.330075735630519,-1.7365495411909888,1.4908229765267742,DOS
-0.4639406851256551,icmp,smtp,REJ,-1.7601864569508527,2.0251260302942002,1.066202440916038,-0.5066735472059584,-0.9132683940553238,-0.9216152357388795,Probe
-1.487925342617237,icmp,ftp,REJ,2.0476244203651226,-2.3179352861646016,1.3913748309488176,-2.4482350744432675,1.191579267531401,0.6974952726747122,Probe
-1.0589854455301326,tcp,http,RSTR,0.7446001653368624,3.070405418193219,1.6383263120518237,-2.4770631771526492,-1.2310922199036474,-3.469980621892262,Probe
-0.6078593977152489,udp,ftp,RSTO,0.28866490183692173,-5.904186229051037,2.8297129815623343,-2.700930051174866,2.2378163158805724,2.778223226158211,Probe
-1.1204708914434527,icmp,dns,RSTO,-2.649243800021473,-1.9038124965806713,1.904898300233207,-0.18916701645268147,-0.021272592540841018,1.7466199572749983,DOS
-1.2101171180225072,tcp,http,REJ,-3.092532217743789,3.573683786146266,-0.29041026286937366,-0.19687533115679925,-0.701801867340192,-0.02058690609774394,DOS
-3.51137629869679,tcp,ftp,RSTR,-0.2622572244875472,-2.7302927255265885,2.0407154253317294,1.173574246170763,-1.6493297278389099,1.4345049037011313,R2L
1.5813884985842175,udp,ftp,RSTO,-0.9670953994553344,1.3701467072640872,-1.2758270224574535,0.541085171927164,-1.2722791750782536,-0.12625568722695402,Normal
0.8160635730865763,tcp,ssh,RSTO,0.8557519583832404,-2.0834197418201277,-0.3814808018995468,2.1200009403702325,-0.21061458468676064,0.36116882076768997,DOS
1.9577582206810542,tcp,ssh,SF,-1.0225664013601496,-0.9328745438457035,1.9445703152667109,1.8492409142416084,-3.2007262927377127,-1.3732978613128122,Probe
-1.655789557020796,tcp,dns,REJ,-0.7453085283430114,1.407074458542483,1.6662308753663497,-0.27508265111699187,0.9768327438768027,-3.3493893168750533,Probe
-0.19470211687020667,tcp,smtp,RSTR,1.3749962918601724,2.397646326323691,-0.8747916054197833,-4.420007765454883,1.9351893508141862,0.3840194776240238,Probe
-0.7771870258446141,icmp,ftp,RSTO,1.544201745589068,-4.968945752154726,1.469061888136288,0.9118028239295672,0.24326376041191333,1.6443458312409698,Probe
-0.8032049813814188,tcp,http,S0,0.7260437454237966,3.2302877063943187,-1.4637397529830043,-1.111782526185635,0.8621552626735478,-0.9100966841531455,DOS
1.0327544002273683,udp,ftp,SF,-1.5763966681433819,2.4351966455270686,-0.9562615527496269,1.3068633167674417,-1.271616611281091,-0.8235228111364536,Normal
-3.211187648514036,udp,http,RSTR,-1.6272228799789747,4.701320360932924,-2.358981572842449,5.172686563520187,2.367101048792486,-5.335044866285032,Probe
-0.4883796430430125,udp,dns,REJ,-0.5471672239031238,0.3327294475790579,2.518199511792445,0.7167960391989001,-1.2786690777424385,-3.59171142404026,Probe
0.9360969778738601,tcp,smtp,REJ,2.123619656939285,2.8920011144566735,0.200931032714174,-4.736195367731418,-1.4981769977564854,-0.9410333501474568,Normal
0.0813608723475785,icmp,smtp,REJ,-0.7114105519444955,2.0289029719474563,-1.5838279859988025,1.2574550310768222,-0.9717400314014214,-0.3591800566972594,Normal
-2.898032987721849,udp,smtp,RSTR,-0.5009240581792453,-0.8550252381563604,1.1126297040801343,1.6208136227729901,-1.7774820462423624,0.2920644145004332,Normal
-0.5806518686698803,icmp,ftp,RSTR,-1.9329381438820774,2.0517286147143343,0.2856112170262548,0.8666421655282579,1.6816596685455922,-2.488486226694051,R2L
0.676097914150104,udp,ssh,RSTR,1.3540172662476717,-1.4810381252920342,1.4876543102067896,-4.919119386805249,-1.625574309819394,2.583963703297655,Normal
-2.514422250871113,udp,ftp,SF,-2.730878755053281,2.9451367359426377,0.07095911044278269,2.9597115598148473,-2.1065314040785115,-1.0595632569627922,DOS
2.6211057178198383,tcp,dns,RSTR,-1.1320464820394844,-0.07712704121456046,0.5829977627007138,-1.4826803736219336,-1.6052125598879776,1.624710564634014,Probe
-4.336211727766792,icmp,http,RSTR,-0.8149720589861982,-3.261199466956305,2.1228657633716166,-0.34072191230186777,-1.0476618897510368,4.170044310053355,R2L
-1.303051620402695,tcp,dns,SF,0.7449739238713569,-5.188352242283195,3.554363002272607,-1.3351287363321755,-0.3266632949908558,2.768437109960918,DOS
-2.168230058731055,tcp,http,S0,0.19966814548551381,3.904159250701516,-0.9120270036787734,-0.1822763054941728,-0.956129180125908,-2.385493990473884,DOS
-2.0444277138888896,udp,http,RSTR,1.6353858529541716,-1.7682984513544369,1.1153066629776802,0.2662758706934152,-0.6006877854059312,1.1130342924360497,R2L
-0.6753820124723473,tcp,smtp,REJ,0.4215119608242748,1.7668848498626455,-0.2526491601536508,0.11061309109681801,1.5222214154595242,-1.8821734465576392,DOS
-1.8549802864735847,udp,ftp,S0,-3.926244489432565,0.30178511542745035,-0.097446158562978,2.622462298917992,-0.3566213047633624,1.0449372002603292,Normal
-2.1228656877229546,udp,ssh,REJ,1.8174162390076605,-3.1192825565518247,-1.392540802349902,8.899630903406816,0.3290733389997075,-2.417587991694886,DOS
-1.001607778697215,tcp,smtp,REJ,-1.4090072880308109,1.4630179195903767,1.87928706939129,-0.7128497391871463,-0.6167657967575154,-1.684715019527241,Probe
-2.8719966819496645,udp,dns,REJ,1.0730681638775665,-5.083153183322474,0.998919957781303,2.815199573716999,-0.6407799171251758,1.8009269125967218,Probe
0.12498375764057412,tcp,dns,RSTO,-1.4831220838008137,-3.477925226605573,-0.05398428037245373,1.8459795103414005,0.2118586239264384,3.3823036248805964,R2L
-2.830475457354755,udp,http,RSTR,1.073794913718713,-0.4658930543243363,0.8417741319693183,3.6704923255071202,-3.2196574124504886,-1.6965030906586192,DOS
2.591766556705234,icmp,smtp,SF,3.3402690101287065,-1.0703562327120237,0.32782203175983327,-4.898506075139663,2.335918929987624,0.7468608953624245,DOS
1.4837542362528295,icmp,dns,RSTR,-1.0960293146862878,-4.823472616000043,1.5186412555194555,1.9740222159023884,0.22364315448032923,0.8912894637370374,R2L
0.7431437605041471,icmp,ssh,RSTR,2.179281964745236,3.992316696485413,1.1507657067201191,-6.80236866554192,3.8024567812251813,-2.636609649327092,DOS
-2.6384188642125648,tcp,dns,REJ,0.27691813591958914,-3.4766507126337753,2.2993274076496677,-4.926573624418589,0.9614186664904552,3.561243875335495,R2L
-1.4793307326781617,tcp,dns,RSTR,1.9307804805001723,-1.4228872945045776,1.4212247069668997,2.7794914932323724,-1.2004845131441595,-1.37339413758587,R2L
-1.3578959256528145,udp,http,RSTR,0.8222270767912313,-1.0775081206861497,1.410460674160049,-1.0797887111890798,-0.009547236709926077,0.010069759738469797,R2L
-3.603306596679582,icmp,http,SF,5.161865847840276,0.36616735326463584,-1.36117489581467,-5.727549401784161,-0.6728282968379307,2.6263727216466486,Normal
4.052476920765976,icmp,http,SF,2.308086237517296,-3.4056711158886057,-0.37945582801185507,-2.9528914922292206,2.6946369706333453,1.7648612534352686,DOS
0.25102538482365955,udp,ftp,RSTR,-1.404540888500771,2.8633868758576697,0.22530390411773182,-2.5681952129486443,0.35600138422138217,-0.24960097639203793,DOS
1.4790149731918396,tcp,ftp,SF,0.6421768713750251,-2.438275901676875,4.049896988000421,-0.8240983250516071,-1.3205950858104223,-3.4825966826174017,Probe
2.427556841602916,tcp,dns,S0,1.7370497718870275,-4.064842996529862,-2.3445331968334164,3.146788125582731,-0.2659805572902073,3.4700505921807707,Normal
0.2812338199742006,icmp,dns,RSTO,-2.339427008436795,0.08774315218006892,-1.6587202768959568,1.568336512468515,1.0912688928779466,0.44928622664041795,Normal
-0.641154892655794,tcp,ftp,RSTO,-0.4034903252606795,3.2893176059859086,0.16791384874754356,-0.9057160255188746,-1.1394455904235459,-1.920491781596127,Probe
3.137646868939236,udp,http,REJ,0.9828557524093147,-0.10913432705977771,0.4277882348184536,-3.2273428202752665,1.8079401126042105,-0.10034545375106696,DOS
0.1897247924782841,udp,ssh,S0,2.413465551183947,-0.9478800630441495,0.372405596375175,0.13505042761712274,-0.29822929744308446,-0.7684667172580744,R2L
-0.6553123633644884,tcp,dns,SF,2.484376709658444,1.529405406804368,-0.0872683677085766,1.6110276874616727,-0.7212709978091956,-2.5659999120269124,DOS
-1.4683556997385134,icmp,dns,REJ,0.28626348509705357,-2.9123601689057748,0.5067539108728034,0.2048979006615323,-0.6357676662423533,2.561367281888697,Probe
-2.000247680865936,tcp,smtp,S0,1.797724822375646,-2.620129396429624,0.7148415155874259,-3.5750163383453,2.1161679792425434,2.2686825690470016,Probe
0.8808169486354662,icmp,ftp,S0,-3.0057220866399357,2.2065461508769464,-1.2626224276345663,2.2675134663615593,-0.5000960159958474,-0.4786883066643126,Normal
-0.3023889371249784,icmp,ftp,RSTO,-2.2268541010429064,1.1602043556840012,1.8266302231147251,1.2951154201370803,-2.722399972936145,-0.9019007126648774,Probe
-2.400336362492984,udp,http,RSTR,2.155897897534179,-4.996818490333772,1.6485051558986528,-0.7387037077258937,1.8277183480804098,1.62774631292199,Probe
-1.8401029009913517,tcp,ssh,SF,0.4125940645228714,2.683888062657304,1.8116629009142615,-1.9091758763010087,-0.6334279263129077,-3.463798875806289,Probe
1.9620308214821023,udp,ssh,RSTR,-0.18187239383650122,2.7172331821276567,-1.977552918664499,-1.2691828603992572,0.7327909097472916,-0.248532339667342,DOS
-1.0021158424727403,icmp,ssh,SF,-1.160697715399273,-3.7255811460686052,1.0819792067631668,0.02427178489794557,2.504027669130571,1.3420356949675938,R2L
-1.152771869737132,udp,smtp,REJ,-0.7936370725109658,1.9122803175314533,-1.0583356619025468,5.619874130512436,-2.2729325164769656,-2.3811846588069834,DOS
1.2612876203092735,udp,ssh,S0,2.0062293713347543,-2.694327076900755,0.8759910353311876,-3.126396243159108,1.6173794637522327,1.34961198666966,R2L
1.3888280064084646,icmp,dns,S0,0.6358163272517391,-1.2209878265784047,0.7120294617490592,-0.7648775589092015,-0.6589896506033011,0.06621727869638361,R2L
4.050012878873666,tcp,dns,SF,1.1843131903571127,-1.7238585039677357,0.7002820854859748,-1.6671644816206423,-2.7285261158067176,1.314889274935883,DOS
-4.389120779928431,udp,smtp,RSTO,-4.207689240558724,-4.436132362060656,3.9581532326522533,2.6190176223801642,-0.6642518799234729,1.0070655652119118,R2L
0.1645208839421861,icmp,ssh,RSTO,-2.301647066826091,-1.5531174166634187,0.4188268669124662,3.7030277045494016,1.4448569968449922,-1.0675092384593414,R2L
-1.2051255736660997,udp,ftp,S0,0.8992324298363498,-2.1075919113395996,-0.37788794453972274,1.4237216194891105,-0.9811049771163154,2.034542574315508,Probe
1.9354414501274364,udp,ftp,RSTO,-1.980122603427098,-0.7929080015233851,0.06950015870149462,3.0489518238490376,-1.2890089988224878,-0.16217034783712259,Probe
1.420976123061105,udp,smtp,S0,0.5371429137633894,-4.273453369414672,-2.197917896150611,3.2745488651368606,-1.343301324802079,4.482804892132847,Normal
-2.679043447491143,udp,ssh,S0,0.15782382698524966,-3.1376287645436687,1.8628779239341053,-3.8881791930102945,2.2610456837264405,2.388831781551805,R2L
-2.1117252437618257,udp,ssh,SF,-1.1951506534107676,0.037963571108135453,1.9508670750689607,0.8565904517537168,0.47423768629586327,-1.1938248431918823,R2L
1.8634934733757529,tcp,ftp,RSTR,0.4230437459587798,0.4595941200120723,-0.14320036221718158,0.6175279914936077,-0.8082581313333732,-1.3167438408969336,R2L
-1.8682812231131902,tcp,ssh,REJ,-1.239181723259957,-1.3519992874922016,1.1665708082439128,2.510097960624856,-1.3263268642115842,-0.10689184788570372,DOS
-0.6328756620286503,icmp,smtp,REJ,0.302352964276311,-2.7676493104298814,2.480918554641182,-4.9298549607870905,2.7841903098372907,0.9684133750509489,Probe
-0.04312998663506773,tcp,smtp,RSTR,1.2370662741879483,-4.110482316295811,0.6359528846986832,-0.8720397655746561,0.9427655338060955,2.304108123995314,R2L
2.814259446852491,udp,ftp,S0,0.28353996885166977,-0.867947115538749,0.9644500510817453,-2.0232764318158796,-0.467106292155843,-0.16547161238458896,Probe
-0.7823906762148036,tcp,dns,RSTO,0.3258087146987899,0.8245532046943097,-0.7923442806897357,-2.158593308097874,-0.25987417299935933,1.9316323262026,Normal
2.1093321541122174,icmp,ssh,S0,-0.5427771068117047,1.8913030798958241,0.6856517392133068,-1.9490513790313215,-1.3884200239855762,-1.3391229593872147,Normal
0.2507797295366383,icmp,ftp,RSTR,-2.314667059433867,0.8263302314300538,-0.7114034152905406,0.08968926593951138,-0.28209024674182526,1.9490598205898682,Normal
0.675748052412134,tcp,ssh,S0,-2.4638377619130365,4.011583953064633,-1.0389393353700314,-2.3136047504369563,0.20294039437931244,1.0448049831691089,DOS
3.014321823919685,icmp,smtp,SF,-2.077543263072074,-2.2648203103964013,0.8353345817229504,2.528618544120179,-2.901238146954854,1.7926102075851387,Probe
1.0743959200077544,udp,ssh,S0,-0.6033161910064404,2.69679492027139,-2.0568421312078007,0.7282132310504251,-1.0027204511382914,0.1906816978188478,Normal
-3.352735599776606,icmp,ftp,SF,0.31788906047038923,-1.5833145190881044,1.1605789369409203,-4.293722438264222,1.6771741225599248,2.3208743511952212,R2L
-0.07255281061199947,udp,http,RSTR,-3.061974025207767,1.9444777281800834,-0.5307729722288257,3.4775406818787586,-1.9384304354188016,0.05437236928057754,Probe
0.6909195665067225,icmp,smtp,S0,0.8726705869265261,0.6064900540175584,0.7134299226312761,-1.0454661693235914,0.5062473668941603,-1.0169871692055266,DOS
0.24969329457293388,udp,ssh,S0,-0.9001229801420217,-0.010805706062138452,1.6442507627341127,-0.8910270233324971,-0.30100134349958807,-0.7724380614519202,Probe
3.1354215650748487,udp,http,S0,-0.09202837206879089,-1.5685415542725945,0.15624650801076312,0.28288557135893777,-2.1630803691673224,1.1579613759996834,Normal
0.35429619129144574,udp,ssh,REJ,-3.765902117767703,2.3845278158531484,-1.9843418989360173,-0.4057681353198077,0.25133225656044345,2.711695519799208,Normal
-3.225810365913609,tcp,http,SF,2.6412344136519836,-5.0836086337904565,1.6964082074772802,0.785685348721642,-2.111513773157843,3.643846877060364,R2L
1.6257726624697129,icmp,ssh,SF,2.213352979242223,-4.918896454999247,0.878476736937024,1.5365993667824018,-2.2014126666935763,2.4399352373213876,R2L
4.984037636765279,icmp,ftp,S0,-1.276800889753162,-3.5804663192339565,1.9109118540871088,-0.9182768430792194,-2.7887123557440234,2.9525895836617146,Probe
0.6369214741813125,tcp,http,RSTR,-1.5115659068261382,2.0219335863344132,-0.885293181051181,0.24149328717536897,0.3392578626902665,-0.36729556542081854,Probe
-3.3574454354367442,icmp,http,SF,0.20446196645954928,2.524297290691273,-0.5732251891782236,3.530082588821781,-3.0230552019356707,-0.48633561957070404,R2L
-1.6840667911207627,icmp,http,S0,0.5307176826785083,-0.1054751902556653,0.7317996848431949,-0.014388967009046181,-2.5578401845982803,1.4836150872250191,R2L
-0.16281130100996521,icmp,smtp,RSTR,-2.7521612664113606,-5.877782968709672,1.9497930840636202,4.745088644079131,0.4128517136435923,1.2822151863024964,R2L
-0.31000687811794214,icmp,http,SF,-0.07899233230128455,2.1904223787346218,-2.325049314807089,4.790094025812038,-3.719443371463226,-1.441183407347054,DOS
1.4463016646046687,tcp,http,REJ,2.230292521090343,0.18281694197031875,-3.1402688171636917,3.9962027203220383,-0.7036213617952796,-0.8785129038123001,DOS
-0.1851840363104469,tcp,dns,RSTR,2.6697345166775914,-4.203965343940583,0.8333378164583088,1.6482567890475521,-0.7918854985627368,1.5755200317894276,R2L
0.2837922909464601,icmp,ssh,REJ,-5.190979300480222,1.9205548843362796,-3.5668764792226266,0.7070900725892806,2.199183727600157,3.2982191197678183,Normal
-0.6866984278154695,icmp,http,SF,-1.0544810503560345,2.441527839522485,-2.3299760777195466,2.7542411739139787,-0.07262378936088165,-0.9107205425187492,DOS
0.5818663258267833,udp,http,REJ,1.7553949632022054,-0.6409298826627569,-2.071596018493865,0.5433582587040535,-2.594923306097977,2.77387048862441,Normal
-4.280690615299567,tcp,dns,S0,4.728544115306694,0.14254092722019499,2.2625240370934794,0.6271515427579808,-5.2940648109879955,-1.8695054227490147,Normal
-1.5487682980890085,tcp,ssh,S0,2.4197172792875175,-2.4209017342631842,-0.2521040058358166,3.4635534841897075,-2.502269931217613,-0.18532559528319248,Normal
-0.666435049886382,udp,dns,RSTR,1.4814726378170513,-6.529891764756574,2.074727237057444,-0.9450611997075552,1.0141246212280595,3.43144212581084,DOS
-2.4607929935480284,tcp,smtp,RSTO,0.16149842302794037,-0.15242121796626318,0.7674684019231732,2.1564149394423846,-2.3907822545265507,0.21513063367616003,Normal
-2.4154110499432466,tcp,dns,RSTR,-4.069330110098788,0.11882110316391095,-1.6665636257942245,-1.8736505526210296,1.1747427956986431,6.299164759391433,Normal
0.07071776395825569,udp,http,S0,1.1281837391657903,4.644313026719529,-2.6736202711844923,-0.23417627417690134,0.12598207455209254,-2.6511967177043156,Normal
0.6533399518599972,tcp,dns,S0,-2.051127229020506,-3.7296819537025936,0.4676075631704144,3.8042756802891926,-0.530619568076286,1.3320847025392197,R2L
1.3077416445488503,tcp,http,RSTR,0.45554270716380507,3.5630912466601896,-1.1053503906026318,-2.4673799510305687,2.7065941784097394,-2.0069773663895782,DOS
1.0521469189614354,udp,ftp,SF,0.8719368194870579,-4.4656654319617495,2.3112155029722543,-0.8244773009377849,-0.1890301623198546,0.9860107113334033,R2L
-0.6192549050519878,tcp,http,REJ,-1.9401594994977516,-1.4593717463419178,2.2506272427261145,-2.0377040977993532,0.06844415748993593,1.9395100143032002,DOS
0.7635634398602231,udp,ftp,RSTR,-1.4332231601742917,2.6723833604786775,-1.3058229355747704,0.6949273660639722,-1.257453288399854,0.11908787871115578,Normal
-0.9629224161543191,tcp,ssh,RSTO,-1.7223787447504102,2.6449289630923283,-0.6237199791266408,3.612970786585995,-3.4296313811801475,-1.410614319563896,DOS
-2.5645132430968633,icmp,http,SF,2.2958866594112353,-5.555608199161642,1.911278853219151,-1.081712213675598,0.23693907953636373,4.208038107619012,R2L
2.851649270256619,tcp,smtp,RSTO,0.6577395807949973,-0.36858285789534573,0.6834353096838346,-0.16069227356113555,-1.5774560724496662,-0.9552444057349061,R2L
-2.7159042923277923,icmp,ssh,SF,1.0361003471684882,-3.922073680199347,2.3226791589208533,-0.4036918590918888,0.04496994460681436,1.4546621825106025,R2L
1.3133455358395216,icmp,dns,S0,-0.7532185957937036,0.6619245948599476,-1.2178714976498628,-1.2677066629939266,0.3796800269025187,1.2410345284307327,Normal
0.3240219317423705,icmp,smtp,S0,0.09266646831405279,-3.9631296203904163,1.5704468451603253,0.7229541765015183,-0.19211659879130716,1.3935289195762608,R2L
3.292506945863648,tcp,ssh,REJ,1.2891751841719352,4.024304037488843,-0.9815980621519229,-4.816009473617745,0.2613249605398532,-0.5041672764603843,DOS
-0.06482681325697026,udp,dns,REJ,0.7504390996046247,1.1035951103181172,0.024421747539137728,-2.9572001838522226,0.039266419013205045,0.435955268740002,Normal
0.6343247408665204,tcp,http,RSTR,2.5508141603779197,0.08713387260429747,-3.999244174391402,3.440235217634891,-2.0941730887276058,2.5713860305665293,Normal
-4.2408787532974515,icmp,ftp,RSTO,0.377348463025609,0.5080110926092865,0.8124292171170622,1.4874791692087002,-3.012773643678784,0.062093205469774815,Normal
6.1152563345517015,icmp,dns,RSTO,0.623324748373308,-2.010368703736923,-3.1541060579316413,5.061163806978437,-3.0409574930072005,0.7812407655841531,Normal
-2.974476847113076,tcp,dns,S0,3.3255435767071537,0.656322433268404,0.4630058339255827,2.1263456577092272,-3.9721000563326267,-0.8829444582793822,Normal
1.3898393041199348,icmp,smtp,SF,-0.6145287288030844,-2.340490126873145,0.42314349996649325,0.7781327550755062,2.099442439231632,-0.8185212499374905,R2L
-3.851451876213737,tcp,ftp,SF,2.471951756536601,0.33141492556568,0.11845431193733802,-1.5780266495171738,-2.6552381715422477,1.8017205726990317,Normal
-1.0307070637004707,udp,http,REJ,1.9938819613290844,0.3526067967921729,-2.1098694932229063,-2.774166955833201,4.053623963176906,0.999783595735383,R2L
-3.8401322247776477,udp,dns,REJ,3.5955048872173507,1.2719704402700007,-1.5247663103775748,-3.2623243503689023,1.6549607556300088,0.8983881142110052,Probe
1.1474857393461766,tcp,http,REJ,-0.5444366912763281,-0.02842691890703297,-1.1002357526963904,0.6092984080194881,-1.5806542823508178,1.4473680485736193,Normal
-0.839498515579927,udp,http,REJ,-1.234190602512832,5.530538582032025,-1.5806363007651894,-0.35124385303528544,-2.8215857499927077,0.07764629243079535,R2L
-2.642525581269995,udp,dns,REJ,0.9300670085749076,-6.9888416974857925,2.1777841918213716,-0.21500027718218367,0.9503822733982937,3.7740843718591948,Probe
2.041031700542649,tcp,dns,S0,-2.15943270986063,-2.708198048659207,3.733905214697772,1.200094599777413,-3.54995396894476,-0.07336689314158018,Probe
1.9174245957629221,udp,ftp,SF,-1.2651115829066923,-0.11424360539141341,0.4913082632826148,-0.5880139314480878,-0.7943931252718437,0.8459452392103268,Probe
-1.9574158634360683,udp,smtp,RSTR,-0.9323498052380741,2.2381121804247193,-1.015298774496792,4.062186989099943,-3.1627875676597337,-1.0683021365172447,DOS
-0.8187953192640673,tcp,http,S0,-1.067678133139173,-2.484494235981205,0.17049135737704135,2.058393535637931,3.386764502007508,0.5721917508040129,R2L
0.9445278235472345,tcp,smtp,RSTR,-0.4845634736350639,-2.957944619288503,0.7510824433912744,-1.4530710229420623,-0.000783795513406238,2.6291360519509954,R2L
-1.1213400004934242,tcp,smtp,REJ,-2.2912573341137965,-1.0589832824735845,0.868652095799271,4.324889150474605,-3.047854289379019,0.5479973522104202,DOS
0.9986533394705939,tcp,ftp,REJ,0.19038770751561096,-2.692625089005206,1.1340724563042062,-0.9798197564064457,0.6394132551529141,1.6674663095151705,R2L
1.2570906063443879,icmp,ftp,RSTO,0.5678142010287466,-1.4706353479956964,-0.49420717772665146,-0.33418020919073177,2.6551331741029123,0.01298719998606368,R2L
1.2204224047517678,udp,http,RSTO,-0.3975798248955089,0.044295364394400225,0.585032210763993,1.3077562292639195,-0.9278048613820837,-2.1509751161254926,Probe
-1.894333547433444,icmp,ftp,RSTR,-0.8021934429899746,2.03106900777703,0.41297438590645386,0.6375391388141819,-2.674468462234361,-0.4078890386596623,Normal
0.14023369104004413,tcp,dns,RSTO,-0.01922813461542172,2.7764507166868033,0.8442359025372318,-2.2625474256855567,-0.7902003275379434,-2.2196611248080087,Probe
0.08440504907810487,udp,ftp,RSTR,0.009521275096748827,1.8467286192537955,-0.31398207167611636,-1.6498357563084376,-0.14933616751409828,0.13211610998818224,DOS
-1.4186062252293867,icmp,smtp,RSTO,0.1052755201630442,-0.8329693883597591,0.22829447165197125,5.112576144203874,-3.5852614053182785,-1.2007365808041053,DOS
-1.3340611957561888,icmp,smtp,SF,0.9390033249866763,0.21910967038332876,-0.32511355663687325,-5.86856170987465,1.9561888848529974,3.4685760300110924,Probe
-0.38384090554970973,udp,smtp,S0,-0.8499602085656697,2.2932655614982416,-0.31687842693563095,1.0922444187138272,-2.046320202124665,-1.3397051165816878,Normal
0.7822247590219091,icmp,http,RSTO,-0.323475345724508,-2.468773640960927,0.09672779209528815,0.880802736817035,1.245160393723892,0.9504427151062986,R2L
-1.2059147163695396,tcp,http,RSTR,-2.4159652971374914,2.980788291000959,-1.042965590735513,1.3331913780737445,0.5153788341760117,-0.31024828257108894,Probe
1.0641806188884566,icmp,smtp,SF,-1.1847611379299225,-1.8657303178964868,-2.8526682606793865,2.906952001540423,-1.0884529466137804,3.07311895729816,DOS
2.091050545891742,icmp,http,SF,-0.13553223203061904,3.3619333154883293,-2.254514813925531,-0.8386245417651311,-1.0546973856104667,0.5671511713045474,Normal
-0.588600409014254,tcp,ssh,REJ,-0.9543587222947585,1.1536348303692414,0.9069719689544584,2.56191902180185,-2.3696185805478134,-2.104856375700331,Normal
-1.8085366838211154,icmp,smtp,S0,4.471389027388415,-4.156188019669929,1.5151250631253954,-2.3771316254439276,1.3982343959220325,0.97416107452256,R2L
-2.028690406655892,icmp,smtp,S0,-1.189586256208757,4.410019980678426,-0.3140527620308633,-1.1095859686231095,1.136918839348764,-2.4388946227452966,Probe
1.5213988748054974,icmp,ftp,SF,-1.4340387912973716,-1.2452680433618675,0.8137395591106056,3.4759725678434488,-1.932325700974975,-1.0446919137491013,Probe
-1.3471652190846057,tcp,ssh,REJ,0.15506112686214246,2.452031295004878,-1.7635449160781764,-0.5116902696962853,-1.7287802440854936,2.015288800848933,Normal
0.8987952299122839,icmp,dns,SF,0.5701012535360106,-0.20264564512561217,0.834468949802454,0.47900495062852255,-1.418533764268499,-0.9364514103683437,R2L
-0.5762011087063028,udp,ftp,RSTO,1.5860572099545047,-1.9783760163941588,0.6388805772579924,-0.9972985988372448,-0.3664773221295119,1.7331103319691032,R2L
-1.0125446604120172,udp,ftp,RSTO,-2.51743614222582,2.8645481304675293,-0.027604692192305214,0.10032985995433115,0.5327100572851506,-0.7112701229643634,Probe
2.3695360552759785,udp,ftp,RSTO,0.9368990181142598,2.236916630749616,-2.759868748608069,1.2773699950810047,-2.151143610047008,0.06609142682283764,DOS
0.7152512616249278,tcp,ssh,RSTR,-2.1673805901514713,3.0388977232116026,-1.1754105903812841,0.056528543496205376,-1.5593362402347892,0.5504770481169348,DOS
1.3549701504656,tcp,ssh,S0,-0.4163151575846076,1.7010580473575403,0.4511926353091209,-3.5489656945935346,-0.252770020909557,0.33840627698818593,Probe
2.339694800711676,icmp,smtp,RSTO,-1.3128814333341539,-0.8549296299958228,0.9635677823181439,2.026629569909271,-2.4236475299049625,-0.3341978118596398,Probe
0.2802882747169182,tcp,http,REJ,-0.9719251584376473,-0.4166672727732836,-0.776833584240701,0.19630985596131958,0.14709180999061355,2.9793539880795326,DOS
2.271964709419042,tcp,dns,RSTO,2.5253230645056703,-0.17064224934716005,0.8644778851713422,-2.3928342031421175,-3.3325684935906037,0.7922336545746493,Normal
3.4094158761659736,udp,ssh,SF,3.3754318599511484,-5.67674071250016,1.5906463135886963,-2.1747340118781824,0.2495625731713127,1.5690581303643336,R2L
0.37056110144722465,udp,smtp,RSTO,2.6361411119877527,1.4089737970073375,2.0095940926119638,-3.535090200174624,-0.42593440131588123,-1.3441399727771537,DOS
-0.5300389021321334,udp,dns,S0,-0.8180300545325707,0.6427845046323986,1.2073485989854296,1.629955629106751,-0.8488894353069798,-2.4341687292385057,Probe
0.3515494159282804,tcp,ssh,SF,-0.6746623938495986,0.6335527188092563,-0.6050853644288545,1.0965780934430038,-1.6170942321506319,0.5482997292954495,R2L
-1.4933256752215969,tcp,http,S0,3.0457190485004118,-2.6705650218955017,1.6699903411505435,-0.3398521507475848,-0.3084428136114018,0.09544172111354454,R2L
0.26933151780204967,tcp,http,SF,-1.982070015222995,0.15351861406453648,-0.04449112418124246,2.0197291326514337,0.564496377516805,-0.6922232454077786,R2L
0.7764190435121459,udp,ftp,REJ,0.7287269096378567,-1.511099053259283,0.9730205205320182,0.13227614494283726,-1.0693820010191124,0.5616441240780823,Probe
2.149544036843557,tcp,http,S0,1.7741079325859952,0.4352916607860151,-1.4366298617571323,-1.1876620879924669,2.4620845416547055,-0.7690640110816608,DOS
-3.913986425827221,tcp,ssh,S0,1.4310282843644746,-1.8370681928894654,1.6461658781301702,1.2495250264062732,-2.1606530911421187,2.090541004706278,R2L
-0.6286378260936324,tcp,ssh,RSTR,0.07226580671156624,1.2393847372971978,-0.9424681342549874,2.722839110460285,-1.6456049003073074,-0.645373601187643,Normal
-0.42596305296082415,tcp,ftp,RSTR,-1.1360124248227255,-0.2428387034221028,0.10621092381893682,3.131050258316957,-2.4541007785005045,0.2774748429437204,DOS
2.6289741186343836,udp,dns,SF,1.2461063783301303,4.8776829111487165,-2.020185057733417,-3.190519446330104,0.7308330908184266,-1.378091455495195,DOS
-0.7869229590107365,icmp,dns,S0,-1.1479161263266404,2.8050989135000277,1.187899678173133,-1.0188054030048215,-0.4564828024794807,-2.617948126828739,Probe
1.479892319462069,udp,smtp,S0,0.06966633202068162,3.886468388626858,-1.921655239090852,-0.007342427594169121,-1.0689382852091835,-1.6957037935538963,Normal
2.795837005215492,udp,ssh,RSTO,-2.611352827502532,-2.01425142406032,1.0629147104477306,3.9946320850347576,-3.716060005643689,1.0428610494379806,Probe
2.8911270384091794,tcp,ssh,S0,5.582863573462991,0.39216390485515207,-1.7658082518556615,-3.065024245901624,1.379043991297694,-0.3404704715048116,DOS
0.026718317816781578,udp,ssh,SF,-0.012534092322748935,-0.14115143669239444,-0.613368245320445,2.17268941519631,-2.4325514196047955,0.6212523959231019,DOS
-2.425388891129498,tcp,ftp,RSTO,1.440189813054691,-8.092454009849,1.6792009153753185,4.4690369505171725,-1.6334783189661484,3.6935269227455536,Probe
-1.4445683626166692,udp,ssh,RSTR,0.434736673157911,0.9314952677834906,-0.6414077557318882,-2.97101805336299,3.5786023285542266,0.2908670065548369,R2L
0.31840805644936676,icmp,ssh,REJ,1.7110580868957723,-2.937564704525799,3.7244560317364623,-8.896732297927779,6.0007109408655435,-1.0917084361187963,Probe
-0.42098394808112793,udp,ftp,REJ,-0.11244030041439879,-0.1558769338024799,0.4929399214947674,-0.2913193571079528,2.2348715382522366,-1.314871674533244,R2L
2.081401140918629,icmp,dns,S0,-1.3061146473094905,-1.9096690080632064,2.6527244716263514,0.04085781830038225,-2.280248939811141,-0.045257830097879315,Probe
0.2662719334880579,tcp,dns,S0,-2.240523195612986,1.4848455756078862,-4.080955131202936,-1.3193378096241857,1.816954545057865,5.189086795242319,Normal
-1.8477049804100916,icmp,ssh,RSTR,-1.1033635784567148,-3.063282536514139,2.9614105114731757,-2.3021921023082768,0.9098127249163682,1.505618145260093,R2L
1.7198085071962708,udp,dns,RSTO,-1.1042761480027254,0.20291553758337466,-2.3629557593560317,3.913283256081449,0.7575193085248111,-0.28303917084666796,Normal
-0.26237892358406156,tcp,ssh,RSTO,-0.24443267787722778,-2.6391064981302224,-0.05788270264557105,2.3884465667103525,-1.5833533139326255,1.8218506373948138,DOS
0.3394044121677984,icmp,smtp,RSTO,2.1630500356878457,-3.477123764201369,0.47665442037629835,-3.4895652949592764,-0.4036548814689538,3.988185497971384,Normal
5.076276998877633,tcp,dns,REJ,1.7508953796627456,1.0998229963689294,-1.8648043268612926,0.808225169615782,0.7291475877994136,-2.813920044431177,R2L
-0.2761679196410305,tcp,http,RSTR,-1.5942553308635148,0.8456563280587394,-0.23702920283229467,-1.1852620310521818,0.2416828579267265,2.1877196952634703,DOS
1.416553717371303,tcp,ssh,RSTO,1.9241899357610945,1.4867539604136142,1.741208849460075,-6.435389385307135,-0.12261148382104681,-2.3233883554928743,Normal
-0.5157399788962522,icmp,ssh,SF,-0.4766109096891964,-1.6885084141965618,1.4736729449803003,-1.3383338954885535,0.8585706905708621,0.8983801233941334,R2L
-0.3292781833613022,udp,smtp,RSTR,-1.3014482531920408,3.0326341597834467,-1.5337417759431773,-0.20465430676184687,-0.755843760545327,0.3740653311824639,DOS
-0.19860501886652981,tcp,http,RSTR,-1.9991392959719994,0.9425006255564982,0.10235535432909615,-1.3355073037300358,-0.19363233674454172,0.9115510311288726,DOS
0.8739946546120094,icmp,dns,RSTO,-2.630367346233073,-0.6676932319451069,0.18411860322802387,-0.3426817147024303,-0.4936709878866625,2.2842962850221644,DOS
3.1268187789702666,tcp,ssh,REJ,0.6502017317404996,-3.458621187454111,-1.8303278514204764,2.324369436564643,-0.5763606262598691,3.2049355289380346,Normal
2.2579596149205496,tcp,ftp,RSTO,-0.3508461072263602,1.6876110684507566,0.885284519518502,-3.453833662988671,-0.08170442912839404,-1.6569448981953343,Normal
-0.8107540087151219,icmp,dns,RSTR,-1.0158100726213863,2.122783106757922,0.8897908983783971,0.23712115652313212,-1.3677204207590827,-1.907801002938403,Probe
1.1174680487025979,icmp,smtp,S0,0.9360509589984867,-2.1499219638574836,-2.1825706471007766,1.6790078303300142,-2.5051546005043064,4.144563176844711,Normal
-0.03776670981840302,icmp,ssh,SF,-1.8990643871912747,-2.654905346045032,2.274789391433748,-2.687080132836711,0.6559086736985817,3.1088062563480863,DOS
3.0337606003693214,icmp,dns,RSTR,-3.480373671463217,1.883992243651073,-0.7096290976253932,4.167324036037072,-3.735737256210969,-0.8824927100157383,R2L
3.3579816387011587,udp,ftp,RSTO,-0.0252433486671777,-3.0284588831610515,-1.6501551930182201,3.8016200202093255,-2.780569564469138,2.9537077363871265,Normal
-0.4459775669311197,icmp,ssh,SF,-1.8641218899356038,1.3820656617410911,-1.4453727707984465,1.9073073815741397,-0.3457944618976043,-0.12477259247739814,Normal
-0.319173255003264,tcp,ftp,RSTR,1.28520887739479,1.2470132547438635,-0.21714012344485378,0.5529764767310436,-3.0295936701654598,0.29642311216503237,R2L
-1.0099979219061173,udp,http,RSTO,-0.198321989261656,-0.8710719065404915,0.5979331631370868,3.0242889086790736,-3.1052470189075656,0.6254357969017981,DOS
0.022902049450343687,icmp,dns,RSTO,1.2927101833402541,-2.0021306458380908,-0.18798507014100185,-1.2377111579095774,-0.736837817672658,3.2782468176682698,Normal
3.041114962408944,tcp,ftp,RSTO,-0.15775878647393893,0.27553542284827626,-2.2438825660674846,3.243910678483671,-2.869583824699611,0.5013800259218761,Normal
3.669718992013518,tcp,ssh,RSTO,2.287225254765377,-4.536154300304452,-0.7891812129845773,0.24667735091458434,-2.0601354010946276,3.5377027245642108,Normal
-1.3152624311221457,udp,smtp,SF,-0.3439280736607553,3.2493644091743916,0.9176176429114107,-0.9612724996645174,-1.106851479014717,-2.770286849782593,Probe
-1.581486253483855,udp,ftp,SF,1.2994598094275722,3.134944801325845,-2.543574407066682,2.362743813975637,-2.2213408412155315,-1.69650043468208,DOS
-1.8382161728505835,tcp,ssh,RSTR,1.34371467197797,1.0848315457645104,1.0275647074095613,2.735880649661828,-1.9634020752185477,-2.929800807862578,R2L
5.218655006418764,tcp,ssh,SF,-0.5034661833368523,-3.7204392424633315,-1.8186696293324287,4.38866939717119,-1.4358934632870608,1.6894020111213839,Normal
4.275277173161189,udp,smtp,SF,1.7495556627935378,-2.9277381777229365,-1.760328834147598,1.4567042144176483,-0.9328093776544397,1.7471935082239058,DOS
0.7562983901136322,icmp,http,REJ,2.763191918849563,0.7347619547243451,-0.6392319873488765,-0.5053106478316953,1.6391052323274258,-1.6961075102370373,DOS
0.9234398511977675,udp,ssh,S0,-0.9930139635576258,-0.6512337247391393,1.4864396684282177,-3.4156216455740673,1.576348240975884,-0.2464747723471452,Probe
-1.3279711471533047,icmp,smtp,REJ,1.1882383618737629,-0.2868475404233078,0.8229515135416116,0.9180489139777638,-2.9482940198959957,0.44805709782583447,R2L
0.8079382978770714,tcp,dns,REJ,1.9341785753462368,2.9983160350964897,0.6117562776378576,-1.0589721595737538,-1.8146408353106729,-2.1162836817484596,DOS
-1.3207379279955496,udp,smtp,REJ,-2.996701466536005,0.1762395173701175,1.7355807868077586,1.89386239369275,0.9695911521780581,-1.5825722638425512,R2L
0.18765587781107984,icmp,smtp,RSTO,1.0987449819223956,3.4187052984551527,-1.237742913105488,-1.9216469599383508,1.6240022131883478,-1.5303416650646118,DOS
1.414950955804332,tcp,ftp,S0,3.8618391790343147,-2.909999043031276,0.8318229829034571,-0.15667949445093907,1.4992063772650708,-0.8210243162877463,DOS
-1.115643788678123,tcp,dns,S0,1.4131089230895468,0.21263080460647885,1.346735866422838,-3.9605627921345894,2.3113382346093374,-1.210465687520621,R2L
-1.8530096590889094,udp,http,REJ,-1.2810572158884241,-0.012650221551965594,0.6852564745132104,-1.2330315120793687,0.261795707325174,1.0648205973059743,DOS
-1.6455933702417083,tcp,http,SF,-1.9182977074077792,1.8372059607038256,0.852406426050825,-0.15765850168062243,0.3576779831360939,-0.8674286881180718,Probe
1.0480398169787666,icmp,ssh,REJ,1.518098057370905,-1.4004416379807023,1.0065776933054853,-2.3080635656165933,0.9062291486721981,-0.011330148797191741,R2L
2.1339553020637974,tcp,ssh,RSTO,1.2899305756382287,-1.820988565015642,-0.6431896824679832,-0.6312237424451297,-1.1189156834437046,1.6238932609979204,Normal
0.8068414407367673,icmp,smtp,SF,2.0742528977155628,-1.005448896127913,-0.045180300342682944,-3.2029995916321115,-0.5846496572578447,2.0422272041269736,Normal
-0.6319843881788947,icmp,smtp,RSTO,-1.6695988468925669,1.9782852336348606,1.075211574572695,-1.1435799971620086,-0.45552106072899856,-0.5611858352557905,Probe
0.4715635411516643,tcp,ssh,SF,-1.9401218358155177,-1.6233102656199112,2.2148303003476704,2.2458666365011184,-0.7917154315956149,-1.4864091299456321,Probe
0.19632059383092715,udp,http,S0,-1.497132441449222,-4.197913774256779,0.21654380782407878,2.7918236614805685,0.9111150743408952,2.6584299897431887,R2L
-2.513286629929219,icmp,dns,S0,2.0346520504175363,-0.33508732166794536,-1.219482663671346,-1.7761805528920178,1.4836591517095337,1.8343733506340496,Probe
-0.8082836456505156,udp,ftp,RSTR,0.5442165350188795,5.697494472839383,-2.7982428896116534,-1.4423165407995566,0.45789405763764524,-1.8910317389073006,Probe
0.6707981704401349,tcp,dns,RSTR,1.844177815047578,3.2740784857402225,-2.256637451649423,-0.4862161777538348,-1.463751189158598,-0.4550767534757423,Normal
-2.3202286221271065,icmp,ssh,RSTO,-2.4194656663610146,3.1737687533352825,-3.568547940289159,-2.3436595602442645,0.13276906195515648,5.373553703224687,Normal
-1.2114038920272723,icmp,smtp,RSTR,0.6517868967493414,-5.491065915261116,2.0722832891176424,-2.2105653625945214,1.9948702900191284,2.427786945807262,R2L
-2.398169317245787,tcp,ssh,REJ,-0.36051707380293574,-3.285229991966839,2.6709726473911433,2.334415033495981,-2.162327610561083,0.7722286199313844,DOS
-2.312498144934496,udp,ftp,RSTR,1.8316312730418116,-7.0719493781191805,2.7168842517059475,-3.2699441296886844,2.271256173345379,4.401505981043957,Probe
1.4653189060489469,udp,http,RSTR,3.008696543614893,-4.7668413371007565,0.4345491800723452,0.1832770354849399,-1.3751949474485052,2.8827316412409045,R2L
-3.482455830077097,icmp,smtp,REJ,-3.087706118708734,0.4543996788423577,1.5149184545156325,2.3827783871576633,-2.11567120667055,-0.48160898862711354,Normal
-0.5641850296126798,tcp,smtp,RSTR,-1.6670238629314411,-4.193553558698309,0.6167967399192258,2.2319760898580867,1.6860984693069694,1.7141280921212114,R2L
0.579662329353043,tcp,ftp,S0,0.899211079332327,1.7722452797593717,-1.6521438156244894,-0.30473598378304056,-1.8175253847597679,0.1653611733383683,Normal
-0.4564376804199951,icmp,smtp,REJ,2.045306332894755,1.159911471288302,1.1527174242547886,-7.10715005548815,3.5513415502596875,-1.256322821954,Probe
-0.898606473581782,icmp,http,SF,-1.2708866223188147,0.4999773600399312,-0.14729359994737323,2.2170049384754926,-1.2808866822607345,0.24105058691899695,Normal
3.64124164241671,udp,ssh,S0,3.5358117621794376,1.5996328421945885,-1.9145578665003673,-2.3758742141037437,-0.3724843225851513,-0.06138397014856456,DOS
-0.308475090412358,udp,ssh,SF,0.7344147720661512,-1.5661664917329654,1.4885471958187553,-3.5949882588256745,2.8960788287913526,-0.41753767906633654,Probe
0.0006016017650891659,icmp,http,REJ,0.5898622243135196,-2.3930400751323444,1.895590486504291,-0.5184304708433848,0.42608454101691706,-0.8659294750552353,Probe
-1.1235797499649751,icmp,ssh,S0,-0.6157223986689713,-4.015443965272225,1.9466538121408203,-1.5538902288639336,1.334717642142266,2.4201044921695196,Probe
-1.865894151362701,udp,dns,REJ,-1.5657322664273587,4.760726556368885,-0.9793678205220457,-2.522285255496295,2.3452719788913843,-1.1025776348603458,Probe
0.09471550165479936,tcp,ssh,RSTR,-3.6497850254667377,1.3643308830731589,-2.71844187072364,2.5867647504901834,0.9900862165957902,1.9019679211348381,Normal
-1.6224070939665691,udp,http,RSTR,1.124992763590349e-05,-8.397457806264487,5.477357230576392,-2.400132486836566,0.5655209150403124,3.5232399180038474,DOS
-2.665842433079929,tcp,dns,RSTR,-1.8374805218559112,-0.4092471758851967,1.5905357395753978,1.9030724732278637,-3.3155712388229706,2.0405585652491487,R2L
1.9859528276412106,tcp,http,RSTO,3.9287749896332227,-0.6538687133653388,-1.7482937564438017,3.8958691080898435,-0.40147191218302636,-2.3797297524697543,DOS
-1.6444504187824713,udp,ssh,RSTR,-2.2726292468013316,3.487700105354172,0.8809193875117957,-3.1596447887941994,0.6254104289293787,0.025164962025459925,Probe
-1.3653890697778985,udp,ftp,SF,-1.1222770160147661,0.5073395004746881,-0.34804774769113034,-1.0562305535362946,1.8844387791277106,0.9882770006384964,R2L
-2.2109424688212123,icmp,ftp,SF,-0.6604827593501612,-0.8170162470393949,2.562526936246554,-1.6817937590809164,0.7900129097258326,-1.1518497157958216,R2L
1.2983857509879462,icmp,ftp,RSTR,0.2304154494591244,1.853806732790886,-1.842376132989623,1.5156367528509818,-0.9882384424720222,-0.21076053025325336,Normal
-0.20957619834640961,udp,ftp,RSTR,-0.6112373546169632,-2.4562994345393485,1.7319692391144108,-0.3896123961617424,-0.8525531668346734,1.5206201607666494,R2L
3.2170718464533374,icmp,ftp,REJ,-1.1157378105680054,-0.6433264998850766,0.9744605988235877,-3.009775920500353,-0.8217776291939064,2.0916100543472296,Probe
-2.07615139388973,icmp,ssh,SF,0.20944265699717135,-2.3294943324113637,1.0775857852778796,0.671522220959058,-3.767173451749656,4.090778740875969,R2L
1.2388216820237927,tcp,http,RSTR,-1.0569513314217867,1.6642217443054752,-0.9466710258170982,-0.19633684744362676,0.3231866998873052,-0.8579797139161522,Normal
-1.0303331133262792,tcp,dns,REJ,-0.9783685243924098,2.7370740998789507,0.4114443276296835,-0.947626690097697,0.9322035309963506,-2.3518341952819837,Probe
-1.933656197613756,tcp,dns,REJ,-1.8943916863201897,-4.033840092129697,0.4942126565084819,1.8476268655078976,3.1340682260163746,1.742674042103245,R2L
-0.7694976415482377,udp,ftp,S0,-0.4475916381080943,-0.929477102833995,-3.2899654584884646,1.5721778645876132,1.241125571097411,5.282464650566108,Normal
-2.4224913066145413,icmp,smtp,REJ,-1.2110039540137962,-1.2355162173495147,1.14663053462113,-0.41353858060122434,2.192620956400512,0.4667857342850191,R2L
-2.1076815617017726,udp,smtp,REJ,-3.3190972475192355,-0.19177390054864876,2.152617894785915,1.1405201367907571,-1.2523869674636283,0.37058951020412656,DOS
-1.8135026713406588,tcp,ftp,SF,-1.583871405374651,0.827712157215807,0.18200025579262702,0.6434036991257132,3.559876257285496,-1.803312646096085,DOS
2.9472515493084326,tcp,ssh,REJ,1.333494577431983,3.7337687855313213,-1.3943098922077386,-0.4119681743211498,-1.3135096022115031,-2.0009932125886953,DOS
-0.807017858996579,udp,http,SF,3.2327277255755664,-3.83035482263807,0.9797035130175844,-0.25762658376547937,0.5258648876677927,0.804884744692056,Probe
-2.3479315826652214,icmp,ssh,S0,-0.9657827518874369,5.934285775140783,-1.8843468686026412,1.1006628939764074,0.04586770810047325,-2.9343359491734726,Probe
-3.404209694672162,icmp,dns,S0,-2.793712662500671,2.2696824039002075,0.545776831856599,-0.10246063141694493,1.1893250480839381,-0.8550981255919805,R2L
-2.9718316775603935,tcp,smtp,S0,3.8639293161389174,-8.653116351699538,2.8902135377396294,1.0644172466814832,-1.253627086687315,4.6900778430486145,R2L
-1.3383980836490805,icmp,smtp,REJ,-2.084861219478574,-3.3735586168916285,2.297829206529056,1.698516253970788,2.2157539650741134,-0.9047225087840236,R2L
-0.3449211443575545,icmp,ssh,S0,0.2579861245908518,-3.757593755357378,2.254389019248295,-1.834220069921598,1.8904906801809678,0.7711029865876418,Probe
-0.004614621632021532,icmp,ssh,SF,2.7812012647371445,-0.380071426231534,1.1702094179659968,0.9460800209278374,-0.5505499040795916,-2.052464312665969,DOS
0.8785192590124905,udp,dns,RSTO,-0.13957374021919633,-1.0563363976531552,-1.6260558398769764,1.5480888511171464,-1.8019627055850544,3.1974175292526037,Probe
0.8873792041662647,icmp,http,SF,0.34283393736868173,-8.787465649591093,2.7901963225198787,-2.726983887016106,2.0058616982747535,6.086693672093392,DOS
-0.5627800274310226,icmp,ssh,RSTR,-2.6856269743052765,1.8058335354164627,-0.6907823333931395,3.5971594826710622,-1.7378184013816846,-0.6397002081098968,R2L
-1.6508322080076545,icmp,ftp,SF,-0.4587192807799061,-2.9994071271350062,2.784449096525547,-3.2299292403345192,0.4608429521992805,2.0754405986777,R2L
1.3406615029637299,tcp,ssh,SF,-1.0540008567810568,0.20581970417689532,0.39609116826699264,2.017332191591313,-1.895788591445843,-1.1776717510996346,Probe
-2.8787736226549514,icmp,dns,S0,-0.1331487962175535,0.5423355947071674,0.17211375976253207,0.5397836902050405,-3.672985656443881,2.531747763764011,R2L
2.7524591000134935,tcp,dns,RSTO,2.1466862763650987,3.230885976517878,-2.927490082322568,-1.3360224671351872,0.01028890568591645,-0.5718182401849016,DOS
-3.2645494603639027,tcp,http,S0,1.9114936130875608,-4.94912076949934,0.6655002576254174,0.6034564630369095,0.0462116390369639,3.2503561661233293,Probe
-0.9780482265150913,tcp,smtp,REJ,1.0072609355211544,1.6793023512413277,-0.5697288556916202,-2.5716092427370465,1.8097659303208635,-0.9656227789775305,Probe
0.04610386855341675,udp,smtp,SF,0.2579250798592295,4.0025640576535,-0.5651880309551123,-5.555800315562159,1.7360824677346764,-0.8236367951602257,Probe
2.0999974546570273,icmp,smtp,RSTO,0.06669855593610252,-0.5218282998905485,0.7691603359324264,1.1388175397754075,-0.9594794343389988,-1.7368415411661284,R2L
2.795488292481034,udp,http,RSTO,-0.25947898163063043,0.1023072353010477,-1.6750937884114854,1.4351481794947185,-2.6596660267212946,1.2031653270535816,Normal
1.8697295940548555,tcp,http,REJ,-0.506023416200793,-3.9271210289275933,0.9444775332251373,-4.199287800571389,2.0405451917049753,4.576877440552623,DOS
-0.21597536563762443,udp,dns,SF,-0.6533322962640609,3.1299524154241203,-0.6801488943266847,1.0063089411263573,-0.1750522015938626,-2.832241806154509,Probe
-1.3013803664016432,icmp,ssh,RSTO,-0.6680002267605383,0.5192456243898136,-1.3156345131789215,0.9691283716169204,-0.6149493472754489,1.7564104172241368,Normal
-0.7017840002945633,icmp,ftp,SF,-2.565211489405093,3.2374969580073256,-1.0309615453830023,0.7356277298887414,-0.7000983582900338,-0.09077478716109177,DOS
-2.3386778851570256,icmp,ftp,SF,2.4181571866114813,0.1606198799467974,-0.9189991912205158,-1.601069013991924,0.6340369798931749,0.8098000948676446,Probe
-1.7316371521698455,udp,dns,SF,3.3798275926938643,-2.9860236154238144,1.5137628760250927,-0.1798417952736227,0.057093435375209056,-0.16046589934212596,R2L
1.4841565697112133,icmp,http,RSTO,1.67219832087646,-0.6037655321932813,0.8818692247986901,-2.548161064882071,-2.710390985438379,1.3622691939954796,Normal
-1.110344690879487,udp,ftp,SF,-1.184655018923256,1.6749504480856503,0.09089433708503836,3.610508481471662,-1.536985705297452,-1.6918650268285798,R2L
-1.1814350033796084,udp,ssh,S0,-0.8356727950256843,-1.676628168965564,2.188083366973422,-1.0357882124228455,-0.16596629592851353,0.8442571536217262,DOS
2.577347892133645,tcp,ftp,SF,-1.244530639563581,-2.9159163590483304,4.684857409153951,-1.7237098474397585,-3.716679693056309,0.14929201770679956,Probe
-0.9870745203862531,udp,ssh,RSTR,0.7171375030955338,-2.194293754158878,0.5389361285574183,3.524966021619977,-2.636252046909336,0.22248296871091966,DOS
2.4422233521907217,udp,ftp,S0,-0.01093243154102086,3.116369752506703,1.0008661530037566,-3.80680554248486,-0.17590914733433993,-2.2421669678916634,Normal
-0.20928770398358398,udp,smtp,S0,1.5344803931061761,-3.6517456085186955,2.0385617142158132,-2.4325459803744787,0.7237327464926722,2.005015901854238,R2L
-0.8463378920365833,tcp,dns,RSTO,-0.9285111607427006,-0.27254725031884847,-0.011127141254718476,0.9736316708134722,-1.3035832198643829,0.7632051187025153,DOS
1.2324913369555763,udp,dns,RSTR,-0.25161551676016725,2.5246787296590805,-0.36380870799074616,-3.98347406121243,2.0424857799408542,-1.1189460421196875,Probe
-0.7131416877025651,udp,ftp,S0,-2.6761879568854416,-0.979013217625127,1.7713865326668117,-1.6760825355200648,0.4129505368174582,1.6239559243568713,DOS
0.3937332197289445,udp,smtp,RSTO,-2.8438002148244053,-0.9841817547040549,1.0294997946897801,2.6559381803537474,-0.13576273942886696,0.046772344619633976,Probe
-1.2917276107773028,icmp,ssh,SF,3.1336587187045337,0.14561857724302618,0.7970933770990507,-6.403250168639772,4.413773816672043,-0.38862458589384885,R2L
1.318342233485907,icmp,dns,REJ,-1.8627403620601304,3.450694952120859,-1.8442136492887693,0.0013535678632822375,-0.538687794061778,0.4314979588324037,Probe
-0.4532302502452965,udp,smtp,S0,0.5576219574506673,0.7144759357679187,-1.8567944434505956,2.6972890030752743,1.8657955154261314,-1.6801498303128457,DOS
-0.24519172757946506,tcp,ssh,S0,-0.18868863020569804,1.9244447190460299,1.151616295221594,-3.7003322639606417,0.7251093420322161,-1.070463214474317,Probe
-0.26898447104764767,udp,ssh,REJ,2.0213150312554413,-0.7873924451470699,2.4933912734232155,-0.8519359481303723,0.897244455866745,-2.0829433236667607,DOS
-3.3532670295708042,tcp,dns,REJ,-1.219443216412389,-1.562967521494097,1.736268852488987,3.5008558303724704,-1.9020269280172692,-0.08313995274903219,DOS
0.7703575605719581,udp,smtp,RSTO,0.5632547094552263,-3.654511411241127,0.4623538106179641,-0.18438104962758486,0.6035693444909689,2.910484022146802,R2L
1.8841840320822898,udp,smtp,SF,2.5154371046882034,1.5832170362431421,-2.2959102264407756,-1.2022470383717017,2.608504294505638,-1.194970649190231,DOS
3.952654783381651,tcp,http,S0,0.011896291032556405,-0.7562035784189106,-0.01041233922444107,0.09801445080484812,-1.8531155647784143,0.04819115568113652,Probe
-0.7472536802808853,tcp,ssh,RSTR,-0.837729711422151,-1.8460415576959306,0.36713822470152135,-1.0112564612794452,1.166125300676386,3.23491095981132,DOS
-1.366531937260313,tcp,ftp,S0,-3.254299577787482,1.4061749910680745,0.7391574562622669,2.991043834804129,-2.774917781184839,0.1578175974783359,DOS
0.14884541116615702,tcp,dns,REJ,-1.4093831511101835,-4.978831028800709,2.9253728370779735,0.15219325223866387,-0.8268372370299555,2.651339423999641,DOS
-2.1193832569722524,tcp,smtp,RSTO,1.5919155736560429,1.0976571411252782,-1.9077500205432552,-1.6404496078114106,0.5022965085981532,2.363178746301247,Probe
-0.8214283516098809,icmp,dns,SF,-1.117196177033878,-4.155762553179431,-0.2569535015396307,1.6268739201789961,1.8558975702697276,2.837061977680154,R2L
-0.576790678277747,tcp,smtp,S0,1.7449389164708888,2.2258040593428894,-0.7692700552042127,-0.01891379843912636,1.8079422124272004,-2.501889949030917,DOS
-2.425834909717709,udp,ftp,RSTO,-1.2082646735473204,-1.652508588793593,0.5187257730618571,0.7732405315688148,0.5409534609600648,1.8029184406870868,R2L
2.0520654213524954,udp,ftp,REJ,1.3135255138926087,0.7782932734599822,-1.169488059316448,2.919584491210746,-0.9302408024327193,-2.7981736388037857,Normal
-4.804262822687002,udp,ftp,S0,1.0107726441629772,0.544209476604917,1.7482138642981724,0.9402156593039235,-2.9904718423201304,0.40415343860569597,R2L
1.071501418312131,icmp,smtp,RSTO,1.404190913506552,-0.6769476194506444,0.5468411415851822,-2.531683489482239,-1.3617220664629763,1.7477918616308035,Normal
-1.4934658037615733,udp,smtp,REJ,0.3202443316955331,0.18164314427615055,-1.802238860341376,0.6591240515466765,0.05138682525256788,1.6417109080261518,Probe
-1.4239971461921015,icmp,http,SF,0.1295312483159976,-2.6089474780341795,0.4722053250855728,4.236070524008812,-2.161933390978573,0.39573620033697743,Probe
-4.080858297876395,tcp,dns,RSTO,1.2783420254800357,-3.281937833705387,2.5404075086312132,-2.1450075945742624,0.19790179163261534,2.8636891680161316,R2L
-2.242547362949111,udp,ssh,RSTO,-1.8823369532053391,0.2698744423617335,0.6884975720331458,2.1926613977032883,-3.629349690927843,2.6304977606329047,R2L
0.47282802742169816,icmp,dns,REJ,-0.3300742712343614,1.5490162164650505,-2.120562599879756,4.090613548332571,-2.323586203027643,-0.7620959355604301,DOS
2.192499006625355,tcp,ssh,RSTR,1.114001648876798,0.2563192100533845,-0.3830320385446375,-0.14807190016697325,-0.6603751473436128,-0.24587411959056116,DOS
2.395304048830136,icmp,http,RSTO,-0.4869123431293618,-0.4126132216851064,0.63587213444847,0.9275689066730196,-1.9389813679053567,-0.8485455349558841,Probe
-1.478340365129975,udp,ftp,REJ,-1.2550788455513378,-6.523334039681068,3.4714674455676904,0.01812375275317155,0.08700386848854202,2.5613314078010316,R2L
0.7863025396365904,tcp,ssh,RSTO,0.36298087897062215,-2.828230898118575,2.458595998120802,-0.23918873194086826,0.22165853069987418,-1.0464357873071521,Probe
1.4081875602494527,tcp,ssh,REJ,0.42015087576418375,-0.9266006953771312,-1.7040084659671337,2.214705565919317,-0.7633212792274913,1.114487395401833,Normal
1.09467714033548,icmp,dns,REJ,-1.0822627476789224,-0.5424150197429933,2.8628378319855936,-3.3110529180339534,-1.1876424648843598,0.5087219524694613,Probe
1.2112269966521296,icmp,ftp,SF,-0.558031416349944,1.5955357476534588,-2.026826312057082,0.26343134712689126,-0.20653648999786944,1.0587751685171263,Normal
0.24242811347160298,icmp,dns,REJ,-0.4152734467918445,1.6561036949935442,1.7930354723733322,-1.2844800270837626,-2.4162574182784424,-1.599081550271349,Probe
-2.368505246238712,udp,ssh,S0,-1.5493674192293119,2.943082880479914,-0.8387986884028973,1.9985941017089015,-1.1467734346108769,-0.33597696610805605,DOS
-1.853456082544146,udp,ssh,RSTR,-1.3683635405960444,-1.751023218638764,1.6919533726794724,2.1679052208104594,-1.920139587548115,0.659502042704694,DOS
-2.116961776358719,icmp,ftp,RSTR,-0.059381807778145834,2.8005224588257893,-0.1260577188495835,-0.3460468444331471,1.0240681689926707,-1.720142751988001,DOS
-2.706828573904896,icmp,ssh,RSTO,-2.4228979649783215,-1.3660266424817098,0.7409698298214407,1.3252347515776985,-0.7370955512097738,3.0024742122987127,Normal
-0.6595667218301624,udp,http,REJ,4.17068234969954,0.249505200077247,-1.818302714157574,-1.373868925141436,-2.3774194670162427,1.7274812480339796,Normal
-1.5392670469342997,tcp,ftp,REJ,1.2244395834927646,0.12398073271643839,-0.6709469304923248,2.221265028724098,-1.7752500440246686,0.3104577357274174,Normal
-2.496342213428536,tcp,dns,REJ,-1.7327438546855254,-0.6007499263128121,-2.5719806584861375,0.24710850371506063,1.28007444624681,4.566100292971367,Normal
-1.444680273782896,tcp,ssh,RSTR,-2.262533901567516,0.8507643245822165,-0.6281281429910561,3.115519838478637,0.9848241069281617,-0.4767350332697158,R2L
-2.187287744644203,tcp,smtp,SF,-1.3267433566516647,6.007556103816707,-2.053799502537717,-0.45580249734867134,0.7188240420051675,-2.0805877127231143,R2L
3.245496967497388,tcp,http,SF,1.2909301893257017,-2.045117565302454,0.9426712330168806,-2.4654051018123275,0.24393025648876276,0.5001163100478315,R2L
1.9092418320460678,icmp,ssh,RSTO,2.2615122134458376,2.7709842331102226,-0.3338073567128662,-1.39424451506249,-1.7717207599819442,-1.3451903664078086,DOS
0.24305523870868484,udp,ssh,RSTO,-1.6714501007209077,2.416345152561858,-0.3192038665476291,-0.3162085240871812,0.0016391615332393972,-0.5059974579441573,Probe
1.850942200510982,icmp,smtp,SF,0.06744483200216755,2.4287254703830885,-2.5611782431777703,-2.1232666460215226,2.8968324186122736,-0.14851951605412728,DOS
-1.9081573285471873,udp,dns,SF,2.111399180650186,-1.090815926230786,0.009015603729152444,-2.0938618209047815,1.4255075034073466,0.5019754986564351,Probe
-1.7164501918564574,tcp,http,RSTR,0.5151939485102719,-3.9925584703648127,-0.1973576900255043,0.052027862318076816,2.4926543911567602,2.8397827415661667,R2L
-1.7017429930963206,tcp,dns,RSTR,-2.0246600551003526,0.9400962207842827,0.42516094856539843,2.6247074942457367,-1.8186345718207049,-0.3482159951691699,Normal
-0.4916118383724186,icmp,ssh,REJ,-1.7897765634250014,4.618942690743751,-2.577659046216865,0.3222455213839502,1.298334337730532,-0.5214478877021292,Probe
0.2002432805849923,icmp,http,SF,-3.8093826480279818,-1.028614280678443,3.045761752609575,1.863951444481543,-2.8680234820942934,-0.06431316183192948,R2L
-1.6547769915356403,tcp,ssh,SF,-3.551678912380812,1.0317049154472744,-1.9947924799336438,0.4533019381168701,0.47621456239926285,3.789297259149161,Normal
-3.191549154755894,tcp,dns,SF,1.3677848816002913,-0.5914522738820186,0.3383400532617542,1.9541778946438824,-2.3445187338663747,0.4826856342318765,Normal
0.11756527103900849,udp,http,RSTO,2.7919958858269736,-3.7929648118004557,1.7623824838586242,0.6564713445698154,1.9154580514638178,-1.4240118291196184,R2L
2.0026109160811822,udp,ftp,SF,2.1809269412973036,-0.3621618180408092,-0.8708195159553629,-0.07576826890036951,1.3571549035010193,-0.8225764332180376,DOS
0.23537884307937607,icmp,http,SF,-1.3977458784255266,1.509377673894775,-0.5896303524911877,3.1442552135909274,-0.7021889175803684,-2.13925721297716,Probe
-1.9143210187995083,udp,ftp,REJ,1.0341191837957104,-0.7431600609594451,-0.3589641636043466,-0.9298742413426204,0.1757091697579234,1.3470288413877085,Probe
2.3129038996132785,tcp,smtp,RSTR,-1.444200266578298,-1.5056601548942872,2.095997359750613,2.518462556743299,-4.345966078504478,-0.34374635388190167,Probe
-1.0369263045228618,icmp,ftp,REJ,1.1571907512466866,2.1647909357213067,-0.140446221460789,3.0700206562560015,-1.0276963046161902,-3.176426347964498,DOS
0.19357512117296538,icmp,ssh,S0,4.132651157210643,-0.12938632830054586,-2.3028218572518453,0.04518223459223114,-3.02952954492147,2.0836715737456015,Normal
-0.5543432821687837,tcp,ssh,SF,0.7921430121460646,-1.7206094976846555,-1.1273163886850712,3.469716827016227,-2.4051723569680585,2.0583111531377556,Probe
-0.9560598966283275,icmp,smtp,REJ,-0.31183548764394353,-4.117759704064891,1.6237242484978633,0.028678044801982026,0.6922660664830282,1.8688598887617969,R2L
-1.4367214005298705,tcp,http,RSTR,-0.8416928726860657,3.8835645165160195,1.0641147442659884,-2.8206985749209843,-0.49685035684783385,-1.8931430692368156,Probe
-2.6286266154496714,icmp,ssh,RSTR,1.3372283292851543,5.791037729824412,-3.3034670531541233,5.761824536759142,-4.148766315607025,-3.3524332166878272,DOS
2.2276128375198945,udp,smtp,RSTO,-4.407690252049564,-0.2925452987820852,-2.786031762939209,3.5015545165398105,2.7629853937023796,1.5322996988751574,Normal
0.1750535994428586,udp,http,RSTO,-1.430117963810506,0.3041135119849637,0.903681250790339,2.524723930226505,-0.8791696699040836,-2.2291756341349105,Probe
0.9461578768224634,udp,smtp,RSTO,-2.1304531749240203,1.2302878691082355,-0.04004057688963214,1.0788299461586068,-1.9997358677809425,1.0261763962809265,DOS
-1.2111990563922885,udp,http,S0,3.1489538840500764,-5.728700127520525,1.435295571954237,0.30576144623755125,0.2860025318050059,2.8359297630413023,R2L
-2.602223198432611,icmp,ssh,RSTO,0.07209525918220838,2.101587674732307,0.17378337364329188,5.592994179387947,-4.646160754785227,-1.9629071873930783,DOS
-2.682340985959163,icmp,ssh,RSTR,-1.7368004103622194,0.6707176609648908,0.15392794122894693,1.1189643492614139,-1.4360953794064721,0.6582581319254965,Normal
-2.3360944114636797,udp,ssh,RSTR,-4.050467364797933,3.938769862543128,-0.15222369634375954,3.0320284825887667,-2.6605088273926505,-0.3427482533169601,R2L
-4.802315490456604,icmp,dns,RSTO,-0.3495456231840022,-4.763386046442976,3.0609365471943275,-1.2071668285737094,1.451409463208666,3.8490757900781376,R2L
4.2057044105823636,tcp,smtp,REJ,-1.8033288999811439,-2.037572031953272,-1.4374077784663695,4.958482132720759,-2.92989336772238,2.1165068429113534,Normal
-2.711439834914887,tcp,ssh,REJ,1.6599719267361026,-2.2672568124628842,1.3912546894981221,6.715440876491257,-5.216973392815227,-1.3861557412055445,DOS
1.799587268451618,tcp,ssh,RSTO,3.084125658416391,-2.5429434321538955,-0.6259527625877791,-0.07972021091823892,-1.850361481565225,2.666636988080379,Normal
1.6804423936449666,icmp,ssh,REJ,-0.10284800728778576,-3.3341173251590037,3.2387719434550295,-1.2353009367922838,1.6527091431541003,-2.252469098561702,Probe
1.8407006704533235,udp,ftp,REJ,1.7153116981502328,1.4899011034012861,-1.9683412393632058,1.0362987639678172,-4.243208932907098,0.27473700951654234,Normal
1.1366034517023296,icmp,dns,REJ,2.0433348456315255,-1.1774783516984009,-0.21063800056693105,-1.3873110324132283,-0.9603695347878273,1.2537383162099254,Normal
4.572337303323415,tcp,smtp,RSTR,-1.3236603434655967,-1.513603343190202,-1.589764860291234,4.262753418211817,-3.667152981993237,1.5368031738284185,Normal
-1.9428057595505777,tcp,ftp,S0,2.6733514649232433,2.628111592150617,-2.459808945139666,-1.956079756775739,0.6031971626223764,0.7009026801229057,Probe
-1.2300886930055461,tcp,http,RSTO,-2.0210073599199987,0.825890201733209,-0.4628200314294415,1.1356709075776523,1.3355138330628025,-0.541865896624748,R2L
-2.0575958956455365,tcp,ssh,SF,-0.4327235714195241,-3.7253497432127434,1.0391237370207362,-0.7139249719896587,0.7844165406099802,3.302226549504176,Probe
-0.7667523828605638,icmp,http,S0,0.19125001716207735,1.8353948666820963,-1.4560893685242555,-1.3329873198274538,-1.0511324441075112,1.8688732313774539,Normal
0.9066255972644426,tcp,ssh,RSTR,-0.26406341943686906,-5.300328198802877,2.3419104365857186,0.24686130605989623,1.0212531008063603,1.0635976612494698,R2L
-2.7120177347727417,tcp,http,SF,1.8881674038192204,2.0451351251628282,-0.7069474061818399,5.235854148547283,-4.650448964666067,-2.0893895657467225,DOS
-0.6698864528321362,icmp,http,SF,1.740861775840888,-3.102997591228999,0.36472967969682446,1.3757322949921966,-0.9708439173104014,1.9378970800295756,R2L
-0.0031883169120561217,udp,http,SF,-3.313524414527655,0.8925937260728685,0.5188110358411986,-6.154704205105566,3.3423586021925473,3.2598740605413874,DOS
1.4682750342035173,tcp,http,RSTR,3.0433725412023582,-0.6712257368190765,-0.8929327113256702,0.8976523780171143,-0.4684837478933517,-0.49273611619671476,DOS
2.7863010880096795,icmp,ssh,REJ,-0.44436007523232823,-2.1631138514696153,0.5065888444780808,1.740249759654514,-1.2056131505874426,-0.09003753931454428,Probe
-0.46260149746908696,udp,smtp,SF,0.4158053600802629,-0.1287552891924588,0.6785143855208928,-1.6389836008778553,-1.9266025157961253,2.610147824274014,R2L
2.05662829550557,tcp,http,RSTR,3.9486536637953167,-1.6920052996853283,-1.702894634594298,2.941652036938177,0.2110907348524732,-1.2753585509473102,DOS
-0.5674817536717335,icmp,http,RSTR,-2.562887144099599,1.2874301251715061,-1.5346601118930645,-0.7668769988017381,0.07026464568108315,3.1758408198258503,Normal
2.406445166375259,udp,smtp,RSTO,-0.33351013227990167,1.9552978282595812,-4.375684991644844,0.19859245586484914,2.035755961938671,0.7101117807902502,DOS
4.282261853263264,tcp,ssh,RSTR,-0.11655179108481939,-4.990516435643921,2.752830673188517,1.832397942223764,-2.096206314192872,-0.8483622145838812,Probe
0.7961370636778549,icmp,smtp,RSTR,-2.423871301776316,0.4117680068601502,-2.4890638586808924,1.9246893065519228,1.2406508077100216,1.8513357702548494,Normal
-3.0235280198805383,icmp,smtp,S0,2.411305682414052,-5.618645494806065,1.1836217924154226,-3.108399859759138,2.894508329768601,3.8746089600661304,Probe
-1.7104016380056812,icmp,ssh,RSTO,0.31607278092613544,0.3145313525240372,1.1858916972817535,1.5456695969128453,-3.043168564744219,0.4347156737217036,Normal
-2.938787021568414,tcp,ftp,RSTR,2.958921919564815,-1.8143103753708918,2.023464382632695,1.8689129129725555,-0.6708972480518423,-2.312151729038114,R2L
-1.0857272797120199,udp,dns,REJ,-1.7074160236079314,-0.6268399154784804,-2.0570153693772126,1.7646795553607153,0.8615661151683338,3.4852781991793234,Normal
-3.6366627802806235,icmp,ssh,SF,0.6048291550445573,1.0421831672100195,0.7979257489646154,2.3571073397372,-2.208276832089232,0.40895326306570967,R2L
-3.177365683387783,tcp,http,SF,-2.97876565233601,4.368260691587587,1.0753275115513103,0.6182961367980544,-1.3682336622217677,-1.828016560484834,DOS
-2.0467627305833114,udp,ssh,S0,-1.6443705790980099,-0.7810443209175951,2.065852201342751,-2.180315647492007,0.39436152180284445,1.5794431361268502,DOS
-0.13874609126482884,udp,ssh,S0,0.416647800165295,1.2350609039656704,-1.3984830143686666,-0.3979849138758304,-0.7324668851510805,1.346182380702328,Normal
3.5624579166121046,icmp,ssh,REJ,-2.008754931072479,-1.8391169525349038,1.4399346388629617,-1.3491645794490401,-1.37123544615107,2.4281690092974824,Probe
1.5486542669369041,tcp,smtp,SF,2.1287334190909553,4.5991031767459765,-0.9059070067113252,-6.449717663008376,4.398496844782892,-1.9958950363560066,DOS
2.2388848713888656,udp,ftp,REJ,2.950782187766997,0.24681847271853866,-3.3905788046227543,3.448550464049795,-0.42147794707931907,-0.9623482409250581,DOS
1.6475075636320655,udp,http,RSTO,1.8137556237565364,2.6674173956735365,-0.5417071024559857,-3.3750222726163366,0.5401581580771366,-2.427647755076832,Normal
1.3380361998287091,icmp,ssh,S0,2.106372640197237,-0.29960789015122535,-1.6106731131464926,0.7517513344904501,0.27677496159121706,-0.0820955119659682,DOS
4.536915289264488,tcp,smtp,RSTR,-1.416396420329075,-1.003496765202732,-0.5855058114426577,-0.36177038039988557,-1.1538565377942736,2.3818572032515877,Probe
2.234209020024836,icmp,http,REJ,3.434524165359484,-0.5160548630246565,-0.4890448036685804,-0.36459321977063575,1.1952704499240885,-1.384311792573489,DOS
0.2346502411178062,udp,ssh,RSTR,-1.5934419303459042,0.53164392113911,1.2264478497034723,1.1325443318059438,-0.5632029488401005,-1.8063733593051903,Probe
1.3443066372706114,icmp,http,RSTR,2.8062475689897806,-5.8553007359197435,0.8886700982816724,1.3749508764643559,1.0678978246026989,1.0062395675121192,R2L
1.5224794100009977,udp,ssh,REJ,1.1834718271446563,-0.8063211331424781,0.9065370876784442,1.4645974798257586,-1.3558453110575355,-1.2036399296370695,R2L
-2.4669410740482363,udp,dns,S0,0.24480223595554707,-1.6801729174772997,-1.440320281943848,-0.21089411896804852,6.003330311961891,1.0884687851247128,R2L
1.3752524842627971,icmp,smtp,RSTR,-3.4324661855669865,-0.7514032991067854,1.8942143244978054,4.1942429506447585,0.30668515403734553,-2.9560385524565036,R2L
-2.8178803290176315,icmp,http,SF,-1.2501545623725536,1.2435673666453126,1.1085931436502505,2.3018189541220555,-2.1598546229114888,-0.9944209269996844,DOS
-1.1830894632358484,icmp,ssh,S0,0.6877957211563214,2.359170931100093,0.5001085224601571,0.8584755250236602,-2.1137720898852574,-1.1970003405039407,R2L
-2.0214782231820907,tcp,ssh,RSTR,-1.0336507867226035,5.325024354827356,-2.192843099974255,0.3210337717692648,1.1764275568967548,-1.8900018824895062,Probe
1.5468782954520823,icmp,smtp,RSTO,1.2468289089173277,2.448956481571546,-0.3856905366514086,-3.1840154209628655,4.0031238656701635,-2.3833670083421308,DOS
-0.9704251970629766,tcp,http,RSTR,-2.1397841667326816,-2.7666062539734404,0.19865300070548753,3.56888508423912,0.7970428792664066,1.594957699729782,R2L
2.7301479434343734,tcp,dns,RSTO,2.7402447712410094,0.6379475247570876,-1.4053610604028173,-1.6279567760716334,1.436784555975123,-0.6764114985001481,DOS
0.7336857913280899,udp,smtp,RSTO,-0.31052703622047906,-2.4185819574761673,1.0130347703904943,-1.7375633632902798,1.0854589017777383,1.3533508808853387,Probe
-1.9812855886074732,udp,ftp,SF,-0.8979831891519893,-1.3172777169202972,1.2666443526981124,3.8369869243006196,-1.4965262252835236,-1.3091335220492795,Normal
-0.9954697444004912,icmp,ftp,RSTR,-1.1696430740880275,0.99022057974158,1.3904689008548998,2.68174157488226,-2.6884263673078754,-2.071786369561468,Normal
1.0549624677797804,icmp,dns,S0,0.30784766468208447,-0.18743769027967722,2.5546541092313197,-2.046259752848905,-1.111495583918739,-2.1670880811147377,Probe
-4.349874210584197,tcp,smtp,RSTO,-1.3012207454778402,-0.7026383178005474,1.4555728902485696,0.5443222931927977,-1.678646414792514,3.110372622798075,R2L
3.7441956474766376,tcp,http,RSTR,-1.3498165039970513,1.3804725232380055,-1.3729383757582432,1.08252641823458,0.8833153530300728,-1.9262023923124305,Normal
-0.04255418896442209,tcp,http,S0,1.0240760347381581,2.611807168195056,-0.6977105361968244,-1.8058562370165798,-0.6250955177218973,-0.3019649282421575,Normal
-3.3951300064039063,icmp,http,SF,-0.18861881662724822,-0.9708476869802911,-0.5727556968773551,1.5064613760215757,-0.8207250649270448,2.3562252089484392,Normal
0.08786421612740147,udp,ftp,S0,-0.19568309968741127,1.8619314746612707,-0.2260827721759917,-2.310933045533183,-0.6311987980684872,0.22949512892251556,Normal
-0.8361708637258822,udp,smtp,RSTR,0.1885395361875074,-0.34974715103072485,0.33871299268002064,-2.193809121545809,2.026279708940973,0.021380657231394817,Probe
0.30798095230984823,udp,smtp,REJ,-0.9650616298581811,-1.24033256366157,0.3135504641795914,0.5533382653567892,-1.2078026931533028,1.643918265027307,DOS
0.30030667296650493,tcp,ssh,SF,1.8880027314633356,-1.2683523380913546,1.2969230768343285,-3.145614025420489,2.4596377436262604,-1.4417673719616593,Probe
-1.7308137243028288,tcp,smtp,RSTO,-2.2570203410174514,4.620921172827374,-1.1764050350806348,0.6480519042525175,0.2559026313905719,-1.1652855765527161,Probe
-0.5575710010247774,udp,smtp,RSTR,-2.4740702819892126,3.813665863132051,-2.794565348714031,1.0904663038257805,-1.988523545256918,1.0763300619719378,DOS
-0.3701964410191937,icmp,ftp,S0,0.30720198047680314,3.668357299805725,-3.8148724995254053,4.717817668189093,-3.0703235874927803,-1.0817144414432533,DOS
-0.31913184169882536,tcp,smtp,RSTR,-2.123694183557002,0.24018990061307058,-4.632413132478508,0.1508890517920596,2.425332475010597,6.603387301528302,Normal
1.2596578552208717,icmp,smtp,RSTO,0.5611314201117032,1.7819726403796428,-1.3982428679726562,-1.3923545304604368,1.4863052416057458,-0.4158701526089412,DOS
0.29078382190641827,icmp,ftp,RSTO,-1.3213568286362198,2.3704016236127594,-0.2155913398050744,-2.04408786833554,1.4894107354866462,-0.4905694207010056,Normal
1.3380084774315284,icmp,smtp,SF,-2.454914932412624,0.12043514182206855,-0.054547303779558076,3.0335587813751745,-2.410950212078931,0.7791784406306042,Probe
1.4357869134715346,udp,ftp,RSTR,0.21584662302671898,1.325942443217579,-0.5496922112809893,-0.3249699472609273,-0.28666147183976354,-0.48635939689886554,DOS
-1.027431954966808,udp,dns,S0,1.3113908152901286,-3.1921092968808398,1.658133266852638,-3.7969674970740828,1.8779024663492585,1.921876878739108,Probe
1.8891963769090028,tcp,ssh,REJ,0.16980602641226872,1.4124794081440302,-0.8896828861572434,0.19278797247380464,-2.5119250054060145,0.4362438132744839,DOS
-0.05901579170934357,tcp,dns,RSTR,-3.2138911672084487,3.2637631883566955,-1.523530270822663,1.630490560189111,-1.00072947824233,-0.25899262713982285,Normal
-1.4849905301158706,udp,http,RSTO,3.615558329759786,-0.9450677850781476,-0.20872034823724095,-3.1955448110418043,-0.25662663564353894,2.189951726843272,Normal
-2.9499356552932,tcp,dns,RSTR,0.7007376920612483,-6.616117705606248,0.9610234333893937,4.084740437148934,-0.6233738040175831,2.683937445273692,Probe
-0.16245040401683952,icmp,http,RSTO,1.130194799532787,-4.796990991288982,2.616192204865963,-0.04115034838477152,-0.0054918654689992685,1.479634155217184,R2L
-0.5380193544645687,tcp,dns,S0,1.7428220302075896,-1.0852742020815074,-0.15050294172237,3.2502551036940344,-0.7662664134238582,-1.586846345518388,Probe
1.483904267762703,tcp,dns,SF,-0.8211021630351651,-1.3400254152243538,2.1680863313587837,-2.254665530636161,1.5922026229125836,-1.2878277552030415,Probe
-2.2502981189880567,icmp,ssh,SF,1.1158903206071504,-0.7609314423876722,1.1006251898039683,0.7115375021869643,-2.5439412203405043,1.589783962736461,R2L
-3.0376139313222725,udp,ftp,S0,0.4930562729243734,-4.93270116532834,0.38326408097015463,3.0692068585482346,-0.9521968229989948,3.5478014300353,Probe
0.08142553893256221,udp,http,REJ,-0.6214322022980026,-1.8167234272205564,0.8824602848669062,1.765056016192742,-2.0377474824230184,0.4312158340604668,DOS
-1.6365321307122016,udp,http,SF,2.522558259233592,-1.1497886152286305,-0.24233824552286953,-2.5320989971819343,2.7876424270629454,0.054643168723768176,Probe
-0.49385082386623647,icmp,dns,RSTO,-2.071981844543904,0.6226658927410563,0.6884684288041044,1.0514530564308022,1.196688020012469,-1.6635383641994477,Probe
0.8160528341647735,udp,ssh,REJ,0.2919999470772554,-2.683424214379483,-1.129407514789567,0.37869883431189877,2.9917413039734537,1.7513829033740445,R2L
3.621395006039367,icmp,smtp,SF,-0.8230716098734805,-3.2707374197084245,2.0205158257563647,1.161900657394905,-1.570189568316541,-0.23722951372184164,Probe
0.7862998642444393,tcp,ssh,RSTO,3.9620959501624218,-2.8167295062870017,-0.5496347205060631,-2.0035757608968825,-1.4278365271133135,2.5537278675033845,Normal
0.10506596767559373,icmp,smtp,S0,-1.508871591300465,1.8908728963108719,0.5402193447006338,-1.0094689737370413,0.822974154904361,-1.2946894364918617,Probe
2.9371691024665867,tcp,ssh,RSTO,2.75760958323501,-1.510337958531327,-0.9630718667690956,-0.24723337128388673,1.55577715995903,-0.3642972944576742,DOS
-1.515540352526677,tcp,ssh,SF,-0.013618019396429926,-6.202668333219932,2.1969305233496774,2.8306128005305364,0.22859569105623434,0.6927027416428623,Probe
0.8270343419656945,tcp,http,RSTO,1.1797955029297553,-0.5489558555847611,1.7522092411516428,-1.021382816048543,-0.41414461856244467,-0.6733012523346207,DOS
-1.7501460435609684,tcp,http,REJ,-0.7084189403380143,2.0628078160401464,-0.49515867382404366,1.2057107189322573,-2.075640496890687,-0.550024921846368,Normal
-0.0996534905583375,udp,http,RSTO,-1.5278383785006235,-2.4886372639828234,2.78911973761919,-2.398111155610452,0.10203942799914367,2.2283052486459516,DOS
-1.9296353972437132,icmp,dns,S0,-0.8143118745623016,-0.5704336036409843,1.04595244026714,3.863463669219333,-2.970861456699992,-1.2859362566769148,DOS
0.17215902911635794,udp,http,RSTO,-3.8158880877433194,2.869826070962575,-2.5170763376667216,-0.3842259821639108,0.18126616561938103,3.3644726654924146,Normal
-1.3175044451041462,icmp,ssh,REJ,-0.19282909108635637,-0.7201974201907377,0.15081200788151217,-2.922465523193632,0.843341932846025,2.2600399648664107,Probe
-1.3830875588094822,icmp,http,REJ,1.8212761608302457,-3.4553438579484883,0.8550393090632925,0.3042500969644715,0.13592355352021723,1.7443259013560737,Probe
2.181398418328175,icmp,ftp,RSTR,-1.783485583469847,-0.23713614494385907,-0.14883466008340052,2.7340504401105195,-1.6495676327697477,-0.06511882837290928,Probe
1.042351155639584,tcp,smtp,RSTO,-1.4612901634881421,-0.6713539613200852,-0.26779672428171075,-0.144938161801096,0.8254902650635803,1.191505667765023,Normal
-0.6597630895658472,tcp,ftp,REJ,-0.821031592563686,-5.242372026058615,3.659969966991088,0.8004610246484485,-1.3532868580717397,1.0652595726419187,R2L
-0.2971069729297272,icmp,ftp,S0,-0.9717394779050051,-2.8070295881820866,3.5493431117679908,0.3380736748264233,0.49329754741138354,-1.9977940726928805,R2L
0.28605425343573554,icmp,ssh,RSTR,-0.8494165236356349,-6.2753030521983675,4.238150109995091,-0.6332373829836919,-2.386330266498939,2.536792067385015,R2L
0.5652450178291548,tcp,ftp,SF,1.6398480823370911,1.0537993282331863,-1.5561890803146134,-0.7598106303825343,0.4389972520508927,-0.17386848189038462,Normal
-2.317647900972305,icmp,ssh,RSTR,-2.4876144867489223,-1.2332601129104377,-3.6717005870186012,-2.21679340013863,2.6677684657957497,9.446498787193569,Normal
-0.8868028981039578,icmp,smtp,RSTO,1.5170905811904998,-0.9348164789999178,-0.7537889447569479,1.624566911912834,-1.5279155242178966,0.7415127679700084,DOS
-1.9229470571608338,udp,http,S0,-0.7083101319466496,1.1405645198459005,-0.7284084466784331,4.826436524073444,-3.4892809996290985,-1.0176304528334073,DOS
0.23190970989941295,udp,ssh,RSTR,-2.3048787143417497,-3.4026466041973027,-1.5783076902787467,5.441537556136757,1.4435874094901109,1.8530738126185011,R2L
-2.720336486514782,tcp,ssh,RSTO,1.7031538104783068,-6.594988296333396,1.473323848476347,2.395563363728151,-1.1905041328182802,3.4167084831853836,Probe
-0.8957506018241186,tcp,ssh,RSTR,0.6950065323880334,-0.29045258148016523,1.2743293526134432,1.3697207294580458,-1.8727209731962127,-0.6787762070516581,DOS
0.35339059093263625,icmp,http,REJ,3.762997174258136,1.0970272177205247,-1.650587311532294,-0.2974481279944332,-3.6849410743712836,0.6484784679395281,Normal
3.0940817437121027,udp,ftp,RSTR,-1.5913590227857322,0.35594116344298876,-2.9609650927352025,4.305652889003783,-2.1376288855078527,0.8672530784410603,Normal
-2.891383997030067,udp,ssh,SF,0.9000838148325353,-3.534628589044203,1.0239211489333206,1.5656272238143125,-0.5093537882153076,1.3545742216580918,Probe
-1.3910563327163292,udp,ftp,REJ,-0.4467199111635949,-0.7609659300859698,1.0583883967339025,-1.6806369986048049,1.48703668942639,0.5957555561556638,R2L
2.9764261227935944,tcp,ssh,RSTO,-2.474377813229264,3.943432376297771,-3.212377732709122,-2.2451163051352694,0.4337975226680846,2.4992445387552027,Normal
1.0361541082494292,udp,http,SF,0.15113206854126493,2.0149498340500025,-1.3566961394552433,2.0303478983021224,-0.7265799597365714,-2.206961094003736,Probe
-0.5070600268371854,tcp,dns,REJ,-3.102419949407361,2.2163749995140627,0.5388411437804934,-3.2611178351580925,0.81168836829746,0.5451985836761073,DOS
0.4048082283819836,icmp,ftp,SF,-4.051258163515192,1.923238685271061,-2.878581599327126,0.4235855412050006,1.4295421274478257,2.3452263834689897,Normal
-0.9491362762216383,tcp,ftp,REJ,-0.9688091925338628,2.114362135996077,-0.4665049274573918,1.7493270441701734,-2.0360106431142397,-1.1632603605183909,DOS
-1.0170793261314954,icmp,ftp,REJ,-0.8436020811186489,-2.261207002356735,-0.2850584270475771,3.0821717799665294,1.1580023556654293,1.0063422290767505,R2L
4.530507270195288,tcp,ftp,SF,0.15199494141980407,-1.6113608035514664,-0.37387443649248076,0.7104283513211823,-0.8139670357001546,0.22481827209522542,Normal
1.5471562341990257,tcp,dns,S0,2.508009980345647,-4.23684016519389,0.8738866328445816,-2.2360628246556846,1.67675085510604,2.1597351774750253,R2L
-0.6607892488381197,icmp,ssh,RSTR,1.1092260950630308,-1.8971910957409543,-0.6223333439368715,-2.4079048773909206,1.1672207289741463,3.0730285605626237,R2L
-0.188220262765861,tcp,ftp,RSTR,-2.3008416805804375,2.043981798026549,-0.5562550655373906,2.507621572957472,-1.3302993114130777,-1.3649420669437737,Normal
-4.163319927188208,tcp,smtp,RSTR,0.3177840424402425,-3.2325447831814578,3.053239451514223,2.5327387822447496,-1.4527279658990064,0.0987039376956741,DOS
0.8537753197385443,icmp,dns,REJ,2.055363197877726,-0.5992629749183356,2.0134602030073867,-5.38115283939822,1.0031026903242546,-0.5357669837159023,R2L
-2.465888193447332,tcp,dns,S0,-3.8170096112452345,2.144690646504464,1.2924118453740991,1.9695432663940136,-1.6981293247646287,-0.3448013864839621,DOS
-2.2099600335435863,tcp,ssh,S0,0.5128192479686717,0.7141996423128736,-2.989791351004609,0.17741222140028806,-0.19644773028812756,4.075786931333557,Normal
-0.17604149989829,tcp,ssh,REJ,-0.1197098534013572,-0.14238697210713952,-0.550455756227562,1.8089893442034832,0.05786010312163792,-0.3662477676547248,DOS
-2.2696235736503754,udp,ssh,SF,2.0797346781587627,-0.26796724703422875,-1.0694602531602384,1.3581210829570953,-1.5986444199772163,1.4692380822108988,Normal
-1.0180496705081716,udp,http,RSTR,-0.5787351071803656,-2.2326656631151027,0.8370191158985842,0.41247077385901193,-0.09274615267842601,2.135508791229361,DOS
0.6189956050021803,icmp,smtp,SF,-0.4013160920363239,-2.0643131138812323,1.2387145690730685,-1.288118613712221,1.5139054701292487,0.3091240301673217,Probe
0.6851228732034376,icmp,ssh,SF,-1.0250744698941625,-0.3618099634749372,-0.08874579860102227,-1.5852668745337941,-0.29024162846885093,1.1231990120671087,DOS
-0.5303033921991169,icmp,http,REJ,0.024744968846310056,2.6273453924605428,-0.46022661539074705,0.9063288870889835,-1.7221832874899716,-0.39596954393782613,R2L
-2.070859555799249,icmp,dns,REJ,1.1619782539753825,-1.428989398627068,-0.09607078208972275,2.3085516100174113,-1.458027394224223,1.9637447458133384,Normal
-2.888931443115178,icmp,http,RSTR,-1.6084238252905338,-0.8973907594242148,1.6947088158176191,4.108919146844242,-2.901137566926349,-0.6808813409223042,DOS
-0.23248531411613915,tcp,http,RSTO,2.9161618137460517,-0.5559591510223891,1.32046781049953,-5.375845151369295,3.9904555334605516,-1.8722093367147385,Probe
-0.803889318361884,icmp,dns,REJ,2.3129158078315966,-6.032779498481141,2.1980821008093328,-1.5260907575520672,-0.024367549504525243,3.7956650338806965,R2L
-1.0373530410367726,tcp,ftp,REJ,-4.132011811454927,-3.4127623402449574,1.3046434647961664,5.711316319342738,-2.342210258945521,1.6933976830037665,R2L
-0.6755422577100119,tcp,ssh,RSTO,1.167000579313409,2.9343685097871823,-1.9206883293686268,-1.504749253049801,-0.17260651155705498,0.08234201495975879,Probe
1.3347565369211194,udp,http,RSTO,0.4506874850545841,-1.8836976294802306,2.5781343610911116,-0.542451638156344,-0.40364826365885176,-2.4440902645766878,Probe
-3.219592924047493,tcp,http,REJ,-2.8581970070242977,-1.2518557818971434,0.9131325506770065,4.175393689517069,-1.138338297871415,0.9399104895878991,Normal
-1.5631678617283402,udp,ssh,RSTO,-4.32573954271432,-2.159213850990756,2.553272010711614,4.611960833177295,0.2387043041902207,-1.2486392104782627,R2L
0.9889055080295495,tcp,http,RSTR,0.5231768190231367,-1.3340480261256165,1.802194607106781,-1.0659446087294393,0.6183879814916301,-1.0755799258987726,R2L
1.3297535477982572,icmp,smtp,S0,1.1006603128415495,-0.7637351871381781,-0.24840067690019674,-1.2498965028655649,0.8234109616447713,-0.06996217854344722,R2L
-2.0921039056269057,tcp,http,RSTO,-0.40461755087439055,-2.792979461602355,1.2054288053305724,0.8075482418786822,1.4202909019739791,0.8922385438574881,R2L
-1.9940531785535098,udp,ftp,RSTR,-3.517603339019161,3.758316239455025,-0.04363555934562968,0.6823323014573445,1.2463122975041876,-1.391056355425762,Probe
-0.043190573388980136,icmp,dns,RSTR,2.5168742035114917,2.6960780882561157,-0.7325349554027996,2.029816632908248,-0.16184575831790404,-3.6721607223140347,DOS
0.6509661686798853,tcp,smtp,S0,-1.206145151270975,2.4905216108104735,-2.086358149401284,2.225139394342143,0.7362654914136539,-1.3214170384077109,Probe
-0.9304807416804731,udp,dns,SF,-1.2673647978353049,-3.9995612022501454,3.0677520654636967,-2.2814578910334675,0.6193123726970582,3.460057108698448,DOS
-1.5667373119122543,icmp,smtp,SF,-0.3092006437695356,-1.8312569053822576,1.4805287769394884,-2.684169580159312,0.8454226897165452,1.692134747485977,R2L
1.9208863928355564,icmp,smtp,RSTO,-2.5461701866351394,-4.36586571805444,3.7605638393591607,2.76347126392059,-2.919006990167775,0.3159634400243154,Probe
1.9678129805032534,icmp,http,RSTO,-0.8817982503111708,-0.11027509525344638,0.3486962140970049,0.9887576723885322,-0.9839899603195809,-0.8702196087527987,Probe
0.32561750687583646,tcp,ssh,S0,0.004273197628218872,-3.313761260509154,0.3761308955075534,0.555512860789989,0.21647401792456278,2.225878218312363,R2L
0.6171388831685136,udp,dns,S0,1.56419251776722,-1.6239032615496838,-0.17007936429528892,-1.264973873562883,-0.8825149302614296,2.5763429384311927,Normal
0.3860088304657091,udp,dns,SF,3.8578176432459617,-0.8739398825599592,-0.9626479155676051,-1.8696986215145037,-1.3172167637304395,1.7710050361290715,Normal
-0.4791633725016975,udp,ssh,REJ,-1.7383137557717814,7.0604214433518235,-1.4119951089331617,-5.92070101379812,1.9087472517330153,-0.46416762683161317,DOS
-0.6927555440485664,tcp,ftp,S0,1.3439583894550453,0.9689187711330036,0.6034865808909495,-3.113036509543288,2.0156779168433085,-1.6382283184539226,Probe
-4.144619412954942,tcp,http,RSTR,3.5522306405584856,-5.34705541306551,3.456562707895729,-0.7634015921157176,-0.24745427647894136,2.2591972023255833,R2L
-0.2500504365839551,tcp,http,SF,0.302235477433241,-4.100731851989177,2.1552137353793412,-0.942236920625872,-0.22940304502180742,2.9251820738900127,DOS
-2.569441779750892,icmp,smtp,RSTO,-0.8740337641426188,-0.44007867813449053,1.0927201154313049,4.3956745089084945,-3.0441025715884376,-0.9129084386895692,DOS
-0.6385479645491081,udp,http,SF,-2.1766736741518184,4.923850227032147,-0.2619724962100176,-1.9211921779311607,0.14489619180069813,-1.3269768361592331,Normal
0.9435794845401477,udp,http,REJ,1.5911734166417482,0.2366434538343472,-1.9625813944384096,1.17153937484399,0.8137241689304874,-0.38784799522882485,DOS
-1.1114266958929127,tcp,ssh,SF,4.0263448682495016,-3.9455246656307836,2.0812006763985,-1.901432581112453,3.515207449494717,-1.2906368945060893,R2L
-0.7853060943631306,udp,dns,RSTO,0.6271907494398961,-1.8038854690555743,0.741036854741911,-1.9214435805903085,0.49417958989367927,1.6616300166016615,Probe
2.990044611331899,tcp,dns,S0,0.13228102216565596,2.320861449572767,-1.1370131911293382,0.5326536568417009,-2.330714404803576,-0.7604894223031864,Normal
0.4261449605069463,udp,ftp,RSTO,-1.8961342979974423,0.7351675016706121,1.1230626708412965,-1.1864339607070349,0.36934778244053157,-0.3392516964061063,Probe
1.7191150113257332,icmp,dns,S0,-1.2195587487287014,1.2673891263034853,0.4286038670348007,-1.5473783593171675,-0.43973983163671126,-0.6678478702003237,Normal
1.6188990455755239,icmp,smtp,SF,1.8229360549042113,-1.0797384901081417,1.733503622067976,-0.7182955879566149,0.8723717647917149,-1.628125389126588,DOS
1.7422142934184728,tcp,ssh,RSTO,0.2826975654994034,-0.7713169871309957,1.2133572320264356,-4.157969872990027,1.4176800889853818,0.3106046668274901,Probe
-1.425639666138726,udp,http,SF,-2.3033835429277074,1.7291128503115236,-0.9821935660025924,1.3320367026293654,-0.8744986166253992,0.4880735493143896,Normal
-3.1139166403397,icmp,http,S0,0.23710178818142125,0.6183724935170352,-1.1203368908261733,0.043892679947774564,-1.4810038938554064,3.096803379675918,Normal
0.6715197052893757,tcp,smtp,RSTO,2.0467776321002384,-1.341742421416751,-1.8775469808785443,1.1524069597749727,-2.630660109458404,2.9410825560278027,Normal
-0.08616674089911758,icmp,ssh,SF,-1.337313069210563,-0.10242505725414312,0.2851972933873502,1.9487902102477028,-3.4766170734164628,1.9209516962778983,R2L
0.3511291057717336,icmp,http,SF,-2.822612822497274,2.9584338805202606,-1.5121454369603646,2.7958764830259564,-2.7965925619548972,-0.590312082663933,DOS
0.34279010939120114,icmp,ftp,RSTO,-2.175835860622221,2.2739555651100574,-0.5450218885155087,1.4380662184950679,-1.2414193061760659,-0.1627278186437563,Probe
2.419614161999018,tcp,ftp,REJ,2.331328062203344,-2.630720045608903,-1.0081319656953074,-0.17105620235268432,-1.779684299882987,2.3825251331923223,Normal
0.9401117424475206,udp,dns,S0,-0.7965722557411863,2.1930512253554895,-2.6087743207928744,2.765085133586658,1.0859782253232915,-1.607226109220652,Probe
-2.154314183441027,tcp,ssh,S0,1.7262321845022144,-6.732014983847589,1.414278683346436,3.727607243198505,-1.286980612681908,2.446567652839442,Probe
-0.4127130540170426,tcp,dns,SF,1.5654440524515425,0.10800864647385412,-0.8078778456097004,3.1713328671298773,-1.5724519073116254,-1.000197302841055,Normal
1.0029182690729053,tcp,ftp,REJ,0.16082787020469613,0.16435579748440157,1.5738502891075306,-2.29777701066481,-0.6086630564746576,-0.9860340932993028,Probe
0.3084321912011926,tcp,ssh,REJ,-0.9760078096720328,-0.351988706354847,2.0849599071540736,2.1094344138031476,-2.1841995068298443,-2.511019976367302,Probe
-2.6322201149080735,icmp,ssh,REJ,-1.5042641462085475,4.253253853992487,1.3327428853352101,-4.925232781972404,3.852472243962246,-1.7946050763453836,DOS
-0.6318830889430824,tcp,smtp,REJ,-0.8869635395363893,-4.055776949865966,2.1806570423723657,-1.5692850875833735,-0.244816561442603,2.568103277801555,R2L
-0.055683722683616654,tcp,smtp,S0,-1.3078183252227256,1.8376375736981037,0.8033033035692546,1.5958866644259588,-2.4478033548977125,-1.7583940671832778,Probe
0.32402078884524865,tcp,smtp,REJ,0.17293706258919883,-3.1939477426280543,-1.4591762867393974,2.456000600454974,1.8846031951328763,2.1810402048976796,R2L
1.2415534205648353,icmp,dns,S0,0.8291166276713694,4.953024369096681,-3.035236427859851,-2.4597480004499612,1.7799449867012338,-1.1241732527969646,DOS
-1.108532285026622,tcp,http,S0,-2.924074699032252,3.2184939954881147,-1.0116647541264006,3.1990387782877194,-2.2755906817586626,-0.9227702514894587,DOS
0.3628974021456651,udp,dns,S0,-0.9365470024722915,2.66106639080574,-1.3524678819312648,0.0690618327995362,0.8250064109872726,-1.1609788199073887,Probe
-0.27180473327258114,udp,dns,RSTR,4.772424891862535,-5.037448011947986,0.8888354350964932,-0.6588328956653392,1.9956778981015444,1.1779042068967953,R2L
3.773754516699948,icmp,dns,RSTR,-0.30519036342079175,-2.0936230358874814,-3.928464213184638,6.33260823072925,-1.2429213722312045,1.997677813268929,Normal
-0.8704198245366486,udp,ftp,SF,-0.7915634354243828,0.6027229660081067,0.38593924332193796,1.7703666809975587,-3.961914807385235,1.200979336315582,R2L
3.853192007283257,icmp,dns,REJ,-0.6781914676990919,-2.024697490619806,1.676862799795301,-0.41501547145954315,-2.821016473649731,0.839801316955328,Probe
-2.4107750285135285,udp,smtp,SF,0.15665707685006192,-3.7632640760167715,-0.3757618277123498,-0.9207823461439859,3.043840723125662,3.8822059634338637,R2L
1.534059212520697,tcp,ftp,SF,0.3684576530868062,-0.10770763388634748,-0.6017694379924368,5.310353572838086,-0.9993089369862455,-3.133437321433412,Normal
0.22626473100954458,icmp,smtp,SF,2.873496630863521,2.0437999405345133,0.4224426091846285,-6.354163385024927,-0.37340835748783474,-0.6158948777939663,Probe
-0.3679689268630578,icmp,smtp,RSTO,0.8654893183789556,-2.038974671958359,-0.20745120463826838,-0.1031599254749497,-1.183205124851697,3.1617152723882653,Probe
-2.8087042664650466,icmp,ssh,RSTR,-1.365933292538239,-0.9250924333521054,1.408058846690756,-0.7241577948301865,2.3847404484358634,-0.14819731170230166,R2L
-2.8138129553655364,icmp,dns,RSTO,-2.4949730727619674,2.1801514002336124,0.6705376497470432,-0.7853782199021871,0.23130346606742025,-0.6343468176631444,DOS
-0.679662801538389,tcp,ssh,RSTR,-0.7361359619133219,0.8948994516422657,-2.2137806422549353,0.059628256088339965,-0.09595273256098202,3.337875191682353,Normal
-1.5215442524611111,udp,dns,RSTR,0.020691626659571916,3.1692531297811035,0.002817276716303274,0.15895531584116157,2.1420003564941688,-3.1886810528340663,DOS
0.7482837913948928,icmp,smtp,SF,0.6232533586204145,-2.3341527800818866,2.124826325390936,-3.1652901343571576,1.5313057278786633,0.06543984533327962,Probe
-0.93608298906199,udp,smtp,SF,-0.014741172970350047,1.4497652361397646,-2.293082777922626,0.33136429631727266,2.6718332638541606,0.36363765018732697,R2L
1.7041978471020136,udp,ftp,RSTR,-3.263810624793903,-1.8099654015021929,2.132151051978819,0.3724377856857296,-1.273542925401126,1.9608054808804938,Probe
0.8526404992846699,udp,http,SF,-0.4965742988520321,2.8761403288633107,-2.499095373047511,1.6456042423827189,-0.8881088089625717,-0.5187589499057297,DOS
-1.0592091611773016,icmp,ftp,SF,-0.8851545670676726,-2.5675084926848424,1.1731733299972347,1.7211698690132313,-2.128840912705923,2.1426036429322632,R2L
-0.24614167619555405,tcp,ftp,SF,1.1046222378855228,-4.408391164661377,1.5855378841195684,0.6981359931629469,0.8735885085148992,0.47852526910270976,Probe
0.18714857651845307,tcp,smtp,S0,1.0666818845778494,-1.757518299264326,1.4012844964484712,-1.2812149242534039,0.6397412860363737,-0.5223585001105033,Probe
-4.500963747975253,icmp,smtp,S0,0.49086394684796864,-3.4899353211169797,2.305113438844987,-0.08872698288069046,0.5704760407304021,2.4875915743847434,R2L
0.13981662763119584,icmp,smtp,S0,-0.9807309820158374,4.298305209623895,-2.781613903816895,-0.9459137733604445,-1.2943845893828745,1.194040294740795,Probe
-1.4970873548614638,icmp,ssh,RSTR,-0.19249384711019468,-0.4032423690339344,-0.018221743353032394,1.439889888661476,0.3965201140772202,-0.16456146935880023,DOS
-1.4452687303293223,tcp,http,S0,-0.2493069475476659,-1.4426991782994905,1.8098216339680326,2.03001128463353,-2.956650190799099,0.488267090954536,R2L
-2.3247295407771102,udp,dns,RSTR,-0.3276573231741351,-3.364913483734956,0.9146116026055684,-0.027975146607647498,0.5925085378771326,2.99860933385703,R2L
0.38120326138694194,tcp,ssh,REJ,0.6978367837520079,3.344949410523891,-0.7628675811157364,-3.118561890270883,0.5361266183392159,-1.3750253692998016,Probe
-0.8366135766929623,tcp,smtp,REJ,-0.49838803655519404,-4.9103703424006895,0.7990495164150041,0.6541064133545582,2.6984187705911458,1.4871328959333008,R2L
-3.251737851027428,icmp,ssh,RSTO,-0.8078213660598106,0.17095897606048652,-0.40674736511952037,3.282997793561238,-4.1575594738585675,2.806356326040894,R2L
0.3415039272731064,udp,dns,RSTR,2.138294862094071,-5.51535911393589,4.08798480637388,-4.118041082904454,-0.823558230271781,2.099756315731786,R2L
-2.2670475226092677,icmp,dns,RSTO,-0.5222127198128983,-2.32236810085503,0.648115785899789,-0.5542646083415095,0.5997377051763746,2.0762837740103652,Probe
1.414169142442718,icmp,ftp,SF,0.4879265480113162,1.874339041351537,-0.21984128574576212,-1.5648136314100594,-0.6010515939239842,-1.4848528442399829,Probe
-2.474925629608613,icmp,dns,RSTO,1.6192444862180888,-5.708354910609664,0.9203269598750203,2.1034053471526692,-0.44969792424093025,3.0354732608694883,Probe
-1.0370358433144802,icmp,dns,RSTR,-0.5989077059641323,-6.9923287796012765,4.050474905088031,-1.8774120897483684,0.9894288730697416,3.5644980606398153,DOS
2.368219174129667,tcp,dns,RSTO,-1.0017518716490743,-2.624357528852402,3.1918259034713485,-0.2894540617432853,-1.8319496870418819,-0.6449492091680934,Probe
-3.567753963835534,udp,ftp,S0,1.2328687598415113,-6.19519663344308,3.1084936673271724,-0.5185514628552144,-1.284530033502976,5.07838220566153,R2L
-0.001220763191390306,icmp,ssh,RSTO,0.866451427856977,0.08510490451923541,0.5328802213744332,-3.161732439077905,4.247864840238044,-0.8212243471649693,DOS
-3.052622435014278,icmp,ftp,REJ,-1.656340434347757,-1.4096632394987159,1.385574351041517,1.387338071931016,-3.347500599645983,3.222685941397801,R2L
-0.0008591940678719379,tcp,ssh,RSTO,-2.386461572550089,-1.2193761568228692,1.3785779448539779,-3.0208549458616054,1.0057095077143625,2.26858714899657,DOS
4.444652287247881,udp,dns,RSTR,2.6990110191969503,-0.14702090788599048,-0.8696620828222735,-1.784276944459628,-1.86594676762446,0.9289437894823871,DOS
3.3027462420204716,icmp,smtp,SF,0.6302827139241328,-1.323926162051254,-0.3963398182831104,0.030333776496046346,-3.376370293427156,2.0196642300301084,Normal
-0.7603842844319558,icmp,http,RSTR,0.2835205479434695,1.5423338280775667,-0.6537587411956682,2.521539109212449,-1.5672765229570267,-3.335643212548545,Normal
-0.17150908490247274,udp,http,S0,0.6092516293817569,-1.9567870611174174,0.19356535448397416,-0.054889421511431766,-1.9148963841250504,3.122993866186191,R2L
1.0494209813028441,udp,ssh,SF,-0.36478910784709484,0.19413167837051798,1.3931996484642422,-0.11873777689814217,-1.3912894052791627,-1.6575504595023003,Probe
-1.8979235506196164,tcp,ftp,S0,2.1481722271016013,-0.4947002003038599,0.5168062127999385,-1.529675566507367,1.8092175391910852,-1.605947455828593,Probe
2.7550692608145124,udp,dns,RSTO,3.157131481963247,1.155894118586038,0.8038076073164893,-8.179808018099543,4.895795805462552,-0.6067912677656868,DOS
-1.1323919098550603,udp,ftp,RSTO,3.0128464473778425,0.333320434597202,-0.9977161551788103,-3.0900527275591325,-0.41129793586300867,1.316360520358427,Normal
-2.090157232618724,icmp,ssh,S0,-3.5324804386207354,-0.1322755870501728,1.003098065238456,2.7789478344480862,-1.2617804054206498,0.7121023534320032,Normal
-1.8741403677513846,icmp,dns,S0,1.2389667378165905,-0.3656044871078099,-0.029232116199879865,-1.2017234804564052,0.6880468905483826,0.03183828744679884,Probe
-0.1955190811868981,tcp,ftp,REJ,-3.6212134788852954,-1.5365341721675059,3.2163294801199704,-4.957872870206238,1.5950057271373215,2.989526850070717,DOS
-1.2695183262370384,tcp,dns,RSTO,-0.37373572475346817,0.5301762537516215,-0.8389774106043553,-0.7134747340354787,1.7008853892153861,1.1162955770100302,R2L
0.42741426801286186,tcp,dns,SF,0.38063045551383956,3.791274236653984,0.4396455873789832,-8.105997648746149,3.7114055005382913,-1.4739660423168117,Probe
0.6679251693693833,icmp,dns,RSTO,-0.8682684525467095,-1.2950617061321212,-0.8609945326566673,-1.3200685143542044,1.1899846225567394,2.4156744955594087,DOS
3.0811949733871096,icmp,dns,RSTO,-1.999916598722408,-0.7613273097056195,-1.0279484221755664,2.550905814615196,-2.8621303903199973,2.063112707568768,Normal
0.6999249533266348,tcp,ftp,REJ,1.1360456888422907,-1.8887998408101965,-1.3338422795668348,1.7310937999610603,-0.8930137509141189,1.527488740301969,DOS
-4.528496228341854,udp,ftp,RSTR,3.4494850348958916,0.00920553523001987,-2.666926945543877,0.5812736803279485,-0.7385753556802319,2.992494545238317,Probe
-1.2744117716076901,icmp,http,S0,1.645014633614085,-2.761709965744087,1.4332672999882825,-2.9743423832569524,2.7644027696184716,0.738944996976862,Probe
0.8841151267452005,tcp,dns,REJ,3.4233467507571924,0.631555376739355,-0.0420567678289413,-3.428276792622587,3.7184936182828996,-1.6794783068307173,DOS
1.524902508067865,udp,ssh,SF,1.0902121433374798,4.21916500873297,-1.5262029706822684,-4.813795268176802,1.2462394602715239,-0.596938058884664,Probe
-1.4621340136853724,tcp,smtp,RSTR,-4.89183018781833,-4.185582344237157,1.9404134170826288,7.134083290755826,-0.23519185765356854,0.018113575601668597,R2L
-0.09166832379530887,udp,ssh,REJ,0.4969210650057565,-0.08452867025025351,-1.4881164782210135,1.62925168838402,-0.4023834045804454,1.2175010506585568,Normal
1.7713316419345402,icmp,ssh,SF,1.066860432512366,0.8183457983582756,-0.8125386819517761,-1.8929446356865056,-2.3325250311205283,1.8861819223232397,DOS
-0.8035323366279634,tcp,dns,RSTR,-2.1900696165491773,-0.5378816239023098,2.5596868830691264,-0.24121370859602567,-0.8432135140167332,-1.2468533622014206,R2L
-1.1839256944954186,tcp,smtp,SF,1.2281437333534257,-2.9705240490766056,0.8709736331754232,-1.050791917298944,0.34338824272065027,3.0839222318608366,R2L
3.090578093641004,udp,http,RSTR,0.8750790610552371,-1.5194130333406441,-0.7583663157033382,1.3180797066004528,2.2568991465742037,-1.1469635138158607,DOS
-1.7049328659916463,tcp,ftp,REJ,2.8604248605868197,-7.165766035627109,0.21380743970773397,-3.695060709131734,4.55700772786035,5.23482684700048,R2L
1.6851839954841896,tcp,ssh,RSTR,1.2089143518205476,-1.9935022251363972,2.5951719077194255,-6.352738997724969,3.134372085447651,-0.14584449805521849,Probe
-2.184253218852256,tcp,smtp,RSTR,1.2220918663366334,1.1610796201834581,-0.7596068666638984,-3.741551996425953,2.2380737692154917,0.7557588998034784,Probe
-0.5968120112567679,tcp,dns,REJ,1.741513139287707,-4.260722026619681,1.2391260076127102,2.0674382837917853,-1.3723667077768895,1.753991026529289,R2L
-0.10800049907110398,tcp,dns,S0,-2.3243088791152795,0.9252504251477488,2.1627329136356614,0.9126378350588812,-0.8628482369128303,-1.94578612034462,R2L
1.8423139901853134,tcp,ssh,S0,-0.23473037270855146,4.1522550205769475,-4.616171588335673,2.097361511969408,0.22409993481963353,-1.0286341853218488,DOS
4.035776653588249,tcp,smtp,RSTO,3.3116313419652754,-0.2363123172387566,-2.45994195367745,-3.44159762080381,1.4135862500447949,1.606152546927846,DOS
-0.32630141133419555,icmp,ftp,RSTR,0.47497032996602595,-0.8895549986181815,0.6021474887073331,-3.816224246061427,1.6496677818093093,1.5994195756667786,Probe
-1.0447210054208642,icmp,http,RSTO,-0.36260500972864096,-2.2103101032171097,0.9817756679138718,-0.7755397399809715,0.3075993922442204,2.191094299792664,DOS
-0.6273486253321412,udp,dns,SF,-1.7021088082886182,0.1808939039599258,2.959857909500591,-1.7164651616804087,-1.0363521047153876,-0.556312031769369,Probe
1.849527793651404,tcp,ftp,RSTO,2.685349768210779,-0.5980770313280076,-1.5251366942434401,0.18696098877838385,-1.385914106936308,0.9884222966714906,DOS
2.938559982470972,icmp,dns,SF,-1.2113411941520655,-0.18853895663602743,-3.237845264195756,5.979486676419824,-5.119529400561048,2.4374527327619813,Normal
-2.0544808655377005,udp,ftp,RSTO,-1.4097630256648936,-0.11189299451294023,-0.02155981203395685,0.5170554619504427,2.8917252566505054,-0.5018101196279947,DOS
1.9571077314666792,udp,ftp,S0,-2.360104915324067,3.9011156388651314,-0.48314373911605224,-1.8365287616770205,0.08893259563785172,-2.2197622413821967,Normal
-2.4904823077030462,udp,dns,RSTR,-0.8853909893110959,5.014658965400669,-1.9840898323933542,3.5874099585530916,-2.9974671713354484,-3.062974158717502,DOS
0.08043067643341284,tcp,dns,RSTO,-1.4073370938211482,-3.261495204762635,1.6700515600576786,1.035929719511058,1.6152253101245582,0.679991998480142,R2L
-1.4614043274701927,icmp,ssh,REJ,0.2423521217716339,-6.561908226805352,1.4475315938431048,2.8949625648014314,-1.267172129734961,3.6361546421842625,Probe
0.08964596816723236,icmp,dns,SF,0.5035051684514014,-2.3205160898689208,1.2452075629792214,-0.8735022551966691,-1.6240012545925184,2.2108680797807843,R2L
1.5475126278890667,tcp,ftp,REJ,-0.40903342826505895,0.07312847581507093,1.0404454235733682,0.16368405991361187,-1.4902984328729727,-1.357543684891435,Probe
1.0479967203940475,tcp,http,RSTR,2.047938534493131,-0.8473116326224666,1.0752945071625089,-5.218083180399839,1.1429502510913179,0.3375150982926107,Normal
0.7476911029142683,tcp,ssh,RSTO,-0.5552209862424559,-0.8633403889873462,2.6451507440717297,-1.7739469921503923,-0.21537192318865672,-1.3771482718476624,Probe
-0.9278198209325912,tcp,http,RSTO,3.2449466092673114,-4.203139343684842,2.2826091348833146,-4.6193889091815645,4.085105384658726,-0.08653094731317057,Probe
-0.26006916190445817,tcp,http,REJ,-2.520802460650838,3.136238796458153,-1.5233074520122127,-0.5654436626798295,-0.8629844460431915,0.8515285077618034,Normal
-3.1893533468986144,tcp,ftp,S0,-1.3491842653995132,-0.5152953810061892,1.8728122566205716,3.225281665283809,-2.276237070690696,-1.9985654218782556,Normal
-0.8902233966973527,tcp,ssh,REJ,-1.0767241655037143,1.7700901957513975,-1.890193413525917,5.739912428286144,-1.090707052492589,-2.208361084079483,DOS
0.8013492132306017,tcp,smtp,REJ,-1.2608333984704503,1.2177277391145935,-1.5164197796132153,1.2447769820421335,-1.1453603467988096,1.557795319605499,DOS
1.1827901183330978,udp,dns,SF,-1.70303827428195,2.030115139052015,-1.8074452953191458,1.5250934295526224,-0.40325563997323566,0.1703325946135248,Normal
0.801862293472722,icmp,ftp,RSTO,-2.1060647997556887,0.6378866895871617,-1.343729486228559,3.74155446726829,-2.508213446994999,1.2142302033372592,DOS
-0.3385829597868143,tcp,http,SF,-0.7821609575438645,0.010738630690060886,0.2155354609583584,-1.122842190917686,0.7088226731926246,0.8602447045206651,R2L
0.933676343773139,tcp,smtp,RSTR,-0.11234822249475296,1.1020772213810024,-0.9167193867415402,-0.08298797326363508,-1.5576145390260487,0.6458690651416665,Normal
2.9999390994807387,udp,smtp,RSTR,1.769842257157813,-2.9655116575266383,0.9515960402290642,-3.727016799164198,0.14432841393217943,2.675445052821767,DOS
-0.6629745141889458,udp,ssh,RSTO,1.340525369325926,-3.0931862510253807,1.4558015696928204,0.5352216896655454,-2.3067188618018566,2.185887354931333,R2L
1.0413712790433414,udp,smtp,REJ,-1.9364775811921153,-0.838212582179877,1.6910205482204976,2.7880340524243405,-2.293107043836499,-1.1366294859467083,Probe
0.4856313787516816,tcp,ssh,S0,-0.8792960977674469,0.4710976378058634,-0.65494081983275,0.097944105332091,-0.39374809393414345,1.6297544381074585,Normal
-0.20215989197225315,tcp,ftp,RSTO,1.4316168040991277,-2.6653437757497,-0.7014452656889337,-0.7802589732194223,-1.5062167151405608,3.886113740083192,Normal
-1.53528134628392,icmp,ssh,RSTO,-2.273418827003931,4.044350538981034,-1.039754978547935,1.9945212542336623,-1.2028291095226153,-0.9017160942600408,R2L
3.713182516874451,icmp,http,S0,0.48487056603472434,-3.667603148882741,3.788750716447331,-0.9929663519219449,-3.583760198292386,-0.6261950274449559,Probe
1.3361763736741437,icmp,ftp,SF,-1.0306163125475063,-0.11903618684509833,-0.9487202652326443,0.6831598687538164,-0.715701337000411,1.9122520654704798,DOS
-2.56213814621825,icmp,dns,SF,0.07806483028642774,3.1448672972263694,-1.8948575043226104,6.197322919409603,-4.129436264758607,-2.7557441207846596,DOS
-0.10459895626138405,tcp,dns,RSTO,-0.24670312998977595,-2.7195538127108514,1.697986575755906,1.602193689338179,-0.8831131769457479,1.1001201193158687,R2L
1.3461441841356263,tcp,ftp,S0,-1.2909316283304602,-1.721327983443748,2.501151532813619,1.8733148864270226,-2.314822037080271,-1.4346069072179963,Probe
-0.7031746541090109,tcp,smtp,REJ,-1.1086318700156066,0.18681194554261002,-1.2636043037169138,2.1457435783787275,-0.3188198321559027,1.2207745680823343,Normal
0.12153554168951164,icmp,ftp,S0,-3.0510701765454464,-5.55135278438417,1.939512294410932,5.249675746261815,-1.3628785331575162,1.9364199480900894,R2L
1.948100450738856,tcp,dns,S0,2.1652079582494523,-4.145424736616722,-1.813906812008715,1.3083440194770655,-0.8763625905217595,3.5953899050797804,Normal
2.961454519928899,udp,ftp,REJ,-0.7940591751547945,-3.8766249704562017,1.2666220633681933,-0.7629897795728665,1.0166249983787607,1.327589082594296,R2L
-4.463015420476669,icmp,smtp,RSTO,-2.0973214191265495,2.8284544704003265,0.9944857653235689,4.238294674234788,-3.377027328629246,-2.793749509117281,DOS
0.9196398181299301,icmp,dns,SF,-1.8424184420984853,1.6803038891437352,-0.3059834603372892,0.15391585803879648,-1.0239170139651352,0.14225483365912184,Normal
-3.821408867407427,tcp,ftp,RSTR,0.24955058133372565,-0.8282960373204784,1.0840378959473977,1.8601450234334638,-3.270613325198386,2.538788695678803,R2L
0.5399693371265888,udp,ftp,RSTO,1.0997268599510435,0.058674699185796826,0.9066926843771093,1.3331725791149447,-2.825592395885651,-0.6129281599524806,DOS
